subject,condition,block,half,start,end,block_complete,cycle_complete,plv_35,plv_37,plv_39,plv_40,pli_40,wpli_40,pli_phase_40,plv_41,plv_43,plv_45
sub-01,stim,1,1,1250,6250,True,True,0.3138871637885586,0.3386083453959259,0.4639592278309971,0.5752354981930397,0.19834800000000002,0.33805698060139355,0.19834800000000002,0.3542108311652106,0.3642916224973294,0.3402449595400308
sub-01,stim,1,2,6250,11250,True,True,0.35764890878974753,0.3686259691404812,0.3849080893125471,0.6934026920772343,0.274808,0.39168940717693246,0.274808,0.3511897791652497,0.3009033134656388,0.3461243842878534
sub-01,silence,1,0,11250,16250,True,True,0.29850491963734266,0.3948887476645965,0.2800655130093345,0.34790006344688273,0.16730599999999998,0.2920891759948707,0.16730599999999998,0.27202817704709537,0.3880551883250663,0.32518585569352565
sub-01,stim,2,1,16250,21250,True,True,0.371083110161816,0.36882529608857406,0.3043651844605309,0.6476364203874466,0.23021,0.4027481825379467,0.23021,0.3065434096634794,0.37406302306435507,0.26093587153198355
sub-01,stim,2,2,21250,26250,True,True,0.4129234146183441,0.33860307870451245,0.3925639614345933,0.7282464207342744,0.116798,0.1691399058901468,0.116798,0.4387747218745413,0.3207908874007082,0.30442690141336143
sub-01,silence,2,0,26250,31250,True,True,0.2613304003333695,0.31078203949013333,0.3314780208334871,0.3201457269999037,0.11728200000000001,0.2115200810173271,0.11728200000000001,0.253605946499228,0.3974506308407345,0.3365488561307332
sub-01,stim,3,1,31250,36250,True,True,0.3281488105742977,0.30401456851187886,0.2802866467829849,0.6506119821222281,0.123968,0.2404792992920108,0.123968,0.3225320923722649,0.31482628339522784,0.2841690640848103
sub-01,stim,3,2,36250,41250,True,True,0.34064748471588663,0.357878979290452,0.33070776453296225,0.776525405463819,0.22068599999999997,0.28525356256785767,0.22068599999999997,0.32770451322068067,0.39356716437886063,0.2966074086217701
sub-01,silence,3,0,41250,46250,True,True,0.3319030446770937,0.3397102754151928,0.2675802345085774,0.3095992335285979,0.16297999999999999,0.2584541890249053,0.16297999999999999,0.4528733987014777,0.2792019727682964,0.37052006814953936
sub-01,stim,4,1,46250,51250,True,True,0.437686414648992,0.2789847203434687,0.30124347815235647,0.5772909933229089,0.196084,0.35846620510131194,0.196084,0.3244819886361702,0.28288730823658625,0.32777390290827635
sub-01,stim,4,2,51250,56250,True,True,0.3139207587073447,0.38047284064572473,0.2728848311802816,0.5965730621808126,0.21563,0.34270317113733695,0.21563,0.2896605134915315,0.33147530898191085,0.2939496765239474
sub-01,silence,4,0,56250,61250,True,True,0.3401585153448741,0.28881357618420894,0.3362396711576131,0.32184975231566876,0.127826,0.22299650976274601,0.127826,0.2583873286953904,0.31419131060628436,0.3882044854705263
sub-01,stim,5,1,61250,66250,True,True,0.3047407861761366,0.29146419133992674,0.3567757161002579,0.6296822655502274,0.171066,0.2648224757968916,0.171066,0.3068176064962282,0.28310425017104973,0.3540419462702583
sub-01,stim,5,2,66250,71250,True,True,0.2973704621554408,0.3955995800428233,0.3228365443531718,0.5560125003816435,0.126766,0.21201237067090073,0.126766,0.3280985768744599,0.2936811450148158,0.3775230112915976
sub-01,silence,5,0,71250,76250,True,True,0.3177610487549194,0.40756423713648376,0.3255508611870367,0.3061884013515715,0.141384,0.25729656737531753,0.141384,0.28467943764100817,0.34914416234528983,0.24065350283685205
sub-01,stim,6,1,76250,81250,True,False,0.3037516031628627,0.32180876465590574,0.3100054014638187,0.547046603114303,0.251904,0.4212373609250721,0.251904,0.308664818199939,0.296192969599471,0.30600741306615553
sub-01,stim,6,2,81250,86250,True,False,0.35153886048610716,0.2874034654358766,0.30643765835955106,0.5016237934004362,0.15827200000000002,0.3583411463128385,0.15827200000000002,0.3962837860046723,0.34114819969988086,0.37901941216809165
sub-02,stim,1,1,1250,6250,True,True,0.41771120798544814,0.5010974280623149,0.3610398068116686,0.4223472240870164,0.119934,0.2209819704291851,0.119934,0.4075629838947937,0.29520974369059644,0.4110292274549223
sub-02,stim,1,2,6250,11250,True,True,0.4983154423760874,0.3919327181271593,0.4186428008652524,0.46572325016495286,0.16633199999999998,0.30493916280256966,0.16633199999999998,0.31100837811677756,0.43753458404958523,0.40252828960764275
sub-02,silence,1,0,11250,16250,True,True,0.5126411017212105,0.4764310853317734,0.46702178182905113,0.40769847944726223,0.209562,0.3546216901174781,0.209562,0.43779170176908616,0.36042941378754945,0.4129986259485399
sub-02,stim,2,1,16250,21250,True,True,0.4295184187003516,0.5315355136562359,0.3888718218082903,0.4285833331751313,0.140404,0.2772533694054962,0.140404,0.4015810585424958,0.34238141930128174,0.37478663286677544
sub-02,stim,2,2,21250,26250,True,True,0.4950802178748942,0.46035373333511515,0.46318687726138236,0.3504094690669146,0.14014800000000002,0.24350120304253411,0.14014800000000002,0.4495334862997439,0.5091051648601613,0.3760696195327782
sub-02,silence,2,0,26250,31250,True,True,0.4266466120290521,0.4615069383752909,0.47062944484411706,0.39193422507715875,0.155274,0.22909241486290377,0.155274,0.42026227284764334,0.4221783697599305,0.38252279642365516
sub-02,stim,3,1,31250,36250,True,True,0.3799924711231657,0.41794856898136074,0.38230920719888983,0.42557551321231285,0.12191600000000001,0.17149841455714443,0.12191600000000001,0.3494137469313412,0.4578235975332254,0.350622684345008
sub-02,stim,3,2,36250,41250,True,True,0.39832745467915237,0.5009698357112016,0.4122989868395365,0.4179153247003221,0.175564,0.23024428216268347,0.175564,0.4172706626782488,0.4780462150501947,0.43240908786138377
sub-02,silence,3,0,41250,46250,True,True,0.4137216735554435,0.454594858838993,0.3527713398784607,0.28819031160602726,0.116696,0.1676912234120012,0.116696,0.4858597800918351,0.40709556434251254,0.4001427329474027
sub-02,stim,4,1,46250,51250,True,True,0.3586463163170703,0.31029573713666125,0.3967843420647668,0.39679064008021553,0.150876,0.25136915681275196,0.150876,0.441458535860183,0.3548691245352383,0.4501468840930869
sub-02,stim,4,2,51250,56250,True,True,0.4373851700541245,0.48478085465697063,0.38887120017093635,0.41768429929918766,0.13643200000000003,0.19515143426900516,0.13643200000000003,0.4848824721192759,0.39797618893720965,0.36546313550984516
sub-02,silence,4,0,56250,61250,True,True,0.437896366414597,0.4096979207963271,0.4008038623823031,0.4596374039284503,0.144152,0.21600855745349903,0.144152,0.4466043247184206,0.36874402133310624,0.4076129085413615
sub-02,stim,5,1,61250,66250,True,True,0.47595042825194034,0.4063924730158289,0.40764621701772946,0.39104527323055976,0.116372,0.17977697544412125,0.116372,0.46660497336505785,0.45737856226408125,0.3675988889081861
sub-02,stim,5,2,66250,71250,True,True,0.5407842374522633,0.45694765241767143,0.38691758422776507,0.39320916679448586,0.18069599999999997,0.2967958658738542,0.18069599999999997,0.38797383182740997,0.40089226127418875,0.45887085648421816
sub-02,silence,5,0,71250,76250,True,True,0.46996944683158937,0.4637177518665009,0.3770735455053773,0.40862750271081993,0.216664,0.40635520648425855,0.216664,0.4643694965089299,0.35661406571683146,0.49605486087038797
sub-02,stim,6,1,76250,81250,True,False,0.5068787183128733,0.3972804614334386,0.42631224596731426,0.3900235111649931,0.13250800000000001,0.22742053823364938,0.13250800000000001,0.4658692211587933,0.4368338291780253,0.3979803532608446
sub-02,stim,6,2,81250,86250,True,False,0.4853896138845063,0.4463151203855411,0.46903729630650304,0.42712483228479753,0.184156,0.376103445548484,0.184156,0.4345649514264889,0.41022766711914116,0.4696769149927678
sub-03,stim,1,1,1250,6250,True,True,0.3645706342320579,0.4044880655040177,0.4179407217951984,0.568994147612862,0.243138,0.3840394432325865,0.243138,0.3752150249687604,0.34475001201204036,0.37932430470367395
sub-03,stim,1,2,6250,11250,True,True,0.30353063714036205,0.30362706166090025,0.37578995743359284,0.41577903410777806,0.139484,0.2696744880406623,0.139484,0.37809205655242706,0.3590733407678555,0.3635984655164869
sub-03,silence,1,0,11250,16250,True,True,0.40805740831786663,0.36835966146302274,0.3268776927187496,0.45573417770057345,0.18709399999999998,0.31412796042715296,0.18709399999999998,0.34009589886269587,0.3789990340077209,0.27147126281084316
sub-03,stim,2,1,16250,21250,True,True,0.3600324666812423,0.3419953680663664,0.3021714536227016,0.44262712882012023,0.10248000000000002,0.22517906828357317,0.10248000000000002,0.4144631501734271,0.3236075248666328,0.3646122230699181
sub-03,stim,2,2,21250,26250,True,True,0.3677977995737509,0.37427542601102737,0.3525647034438316,0.38664084135818383,0.13022,0.23715658641425363,0.13022,0.3651417432348207,0.38149343820352216,0.4374021284234545
sub-03,silence,2,0,26250,31250,True,True,0.30504902484751184,0.2629981678844024,0.39705974901933844,0.36056311440930033,0.119844,0.27962382145648684,0.119844,0.31702580869356145,0.4152384982459222,0.33633674243334233
sub-03,stim,3,1,31250,36250,True,True,0.30030811220863013,0.32441286223456395,0.3388620439116886,0.5733728715104598,0.106408,0.1783478141016991,0.106408,0.3088715014207539,0.2773618200418013,0.34745498730881974
sub-03,stim,3,2,36250,41250,True,True,0.2583096840820083,0.2651029619969158,0.34735424780744245,0.4615827159254245,0.1796,0.2777779688965889,0.1796,0.31531316859579683,0.3225441021597626,0.3044973070486686
sub-03,silence,3,0,41250,46250,True,True,0.3161021914995085,0.3566474414935408,0.2586981088796123,0.2637366530930243,0.12922,0.26601758066971715,0.12922,0.30121126305575563,0.27720479731124315,0.3313169240273993
sub-03,stim,4,1,46250,51250,True,True,0.299958720440105,0.30349515501084623,0.34580400656546023,0.47129212165672724,0.27921999999999997,0.3928842938079326,0.27921999999999997,0.3035065926392903,0.3411314041261002,0.4309921916757748
sub-03,stim,4,2,51250,56250,True,True,0.35831603955009755,0.3337002641265623,0.31682934793345907,0.5295240755046098,0.173504,0.26827075597308764,0.173504,0.2922533700782359,0.295578124397316,0.3265090491234857
sub-03,silence,4,0,56250,61250,True,True,0.2913828629859329,0.2758216341163366,0.3489295626542529,0.2843306955106549,0.17127599999999998,0.36541262530808977,0.17127599999999998,0.303393231920315,0.3127109596552639,0.2623885547977787
sub-03,stim,5,1,61250,66250,True,True,0.3134238511516885,0.25675212325640856,0.2713211281122627,0.44224489961618746,0.24168399999999998,0.38459590864855214,0.24168399999999998,0.23804991210345414,0.2588411137833186,0.29454034766373327
sub-03,stim,5,2,66250,71250,True,True,0.2766457954120238,0.27840980303549184,0.34758266419328065,0.5228755758939153,0.238072,0.29562296469674654,0.238072,0.2613465254790908,0.3105912883367945,0.31252804431675724
sub-03,silence,5,0,71250,76250,True,True,0.29321356231557855,0.3285546405397392,0.2234333408296937,0.4277364112981996,0.127828,0.19986563789563674,0.127828,0.24679886634303305,0.33413234080066845,0.32433699928353943
sub-03,stim,6,1,76250,81250,True,False,0.2828533832876101,0.24846299390797033,0.3108673040757306,0.41375218527795987,0.18336999999999995,0.2740512633425945,0.18336999999999995,0.31418948270616676,0.29225158193853706,0.3019052192890227
sub-03,stim,6,2,81250,86250,True,False,0.3032769982662002,0.26568663605905646,0.24940252372712332,0.41732866255996853,0.187686,0.27335097972107253,0.187686,0.2977344024487901,0.24505524606898438,0.27751892224531033
sub-04,stim,1,1,1250,6250,True,True,0.2883405472433672,0.3547655452405881,0.3149737091508508,0.2986993022273673,0.20684800000000003,0.383772728678052,0.20684800000000003,0.3450901221179178,0.30278218480589414,0.376718348669077
sub-04,stim,1,2,6250,11250,True,True,0.3008851690973865,0.3748059569522393,0.3782820243998964,0.23067927256313045,0.160758,0.27567195958881174,0.160758,0.375840065308559,0.3132718200123921,0.2970558579431923
sub-04,silence,1,0,11250,16250,True,True,0.4019000890302631,0.3662076756331949,0.3113600849555685,0.2976440153527922,0.131664,0.2100549589875139,0.131664,0.32943356704229787,0.31679892868546805,0.3612932378520844
sub-04,stim,2,1,16250,21250,True,True,0.31931936954741524,0.4010320411972538,0.34248157489353354,0.36027789097273194,0.179292,0.36065764583990045,0.179292,0.37957627342109973,0.3048509818411897,0.26151125217104576
sub-04,stim,2,2,21250,26250,True,True,0.30281644624219284,0.3389597522030502,0.3799350655012836,0.2846759970354487,0.14156399999999997,0.3011548200162749,0.14156399999999997,0.34933098783468675,0.3634349146535799,0.37800230557992376
sub-04,silence,2,0,26250,31250,True,True,0.4030583521866361,0.3360401545919972,0.38185251124951497,0.32662404775336656,0.15633799999999998,0.26421629557400406,0.15633799999999998,0.2978176027438111,0.3176937767564654,0.3611064744148805
sub-04,stim,3,1,31250,36250,True,True,0.3405413102199893,0.321777403754202,0.3224477644164891,0.3535154585035131,0.14824400000000001,0.22591214943901336,0.14824400000000001,0.37779509728783395,0.29047560252706445,0.2685201424763284
sub-04,stim,3,2,36250,41250,True,True,0.3690314511617814,0.28657741427673467,0.4076208055790743,0.33950645289618947,0.117958,0.21704110204101654,0.117958,0.3149065695079533,0.2892802185458536,0.31059183368289633
sub-04,silence,3,0,41250,46250,True,True,0.3361113518804891,0.38764758453631687,0.4107663882354908,0.32242585731493295,0.16636199999999998,0.24721819661948402,0.16636199999999998,0.3789927953872179,0.28565302155729766,0.3037842746527887
sub-04,stim,4,1,46250,51250,True,True,0.3890525222998519,0.3365194683205116,0.3277527568353678,0.3547928410713327,0.15661399999999998,0.31684472315038886,0.15661399999999998,0.4008885449788873,0.29501812013252554,0.36382950259212954
sub-04,stim,4,2,51250,56250,True,True,0.40340763709445665,0.3524755471185273,0.33459440205044333,0.33602505990240944,0.22367,0.40290031005690435,0.22367,0.37046206497313205,0.3079926994574839,0.36935045529452665
sub-04,silence,4,0,56250,61250,True,True,0.41448548493766524,0.3507140092328354,0.35314670263686,0.3334321933641588,0.174652,0.2921539865749875,0.174652,0.31582382680178667,0.39088813836071706,0.3639275703181699
sub-04,stim,5,1,61250,66250,True,True,0.3692027682332558,0.41871918523309665,0.3933584479946733,0.27811292508857927,0.13775600000000002,0.2539054926977346,0.13775600000000002,0.3081921281613181,0.4248634262996507,0.345708624328308
sub-04,stim,5,2,66250,71250,True,True,0.35579830629053716,0.3100613194121028,0.39583105590397794,0.3161698978386757,0.126956,0.2249762800488546,0.126956,0.3602948988240521,0.44010564410348324,0.42750172455302504
sub-04,silence,5,0,71250,76250,True,True,0.31963217711778635,0.3454532145902995,0.36099239133791644,0.33906004270969314,0.10631,0.18659330854289685,0.10631,0.4487706821090699,0.287996582607619,0.37612139541764633
sub-04,stim,6,1,76250,81250,True,False,0.3974476602704864,0.39679554814413476,0.3344778193329466,0.3077605357586891,0.125794,0.22590496368437915,0.125794,0.2956194509589601,0.35256822662536763,0.25514781896397387
sub-04,stim,6,2,81250,86250,True,False,0.3607072042871052,0.36291549425012654,0.45335552433879944,0.33550021937692165,0.137414,0.21867940267258731,0.137414,0.29530692528402214,0.2598157757297161,0.2491613914023962
sub-05,stim,1,1,1250,6250,True,True,0.5256531410121402,0.464537056193554,0.4726472333683527,0.8619427092897112,0.253016,0.33407112991347904,0.253016,0.3696092668649854,0.5295678999747601,0.4933839744151882
sub-05,stim,1,2,6250,11250,True,True,0.5006755146494869,0.5341312891645189,0.45942189525371196,0.8574705716999818,0.18274200000000002,0.3357553550405422,0.18274200000000002,0.530424344391211,0.5822923872912065,0.46510069932448345
sub-05,silence,1,0,11250,16250,True,True,0.5077973582829297,0.5034161551017259,0.4143236076963827,0.5467569453507283,0.16683,0.3436938372635883,0.16683,0.474353338354353,0.4661877593085113,0.5163093496939326
sub-05,stim,2,1,16250,21250,True,True,0.5338553510731793,0.5298207837387993,0.48609710939946266,0.9123837011497163,0.219172,0.31994729819475426,0.219172,0.4272817503371208,0.3887924984788627,0.3750111459007748
sub-05,stim,2,2,21250,26250,True,True,0.43697925313498875,0.5451075056178891,0.4545173565941013,0.7274921301637417,0.162716,0.2985592137904646,0.162716,0.5000118821327341,0.5102402573372136,0.4214092493832247
sub-05,silence,2,0,26250,31250,True,True,0.4890884088498092,0.4901244943350914,0.4952557744670155,0.5123117529792317,0.129154,0.21047444244696906,0.129154,0.49691785860646254,0.36664936665959275,0.34962128220282446
sub-05,stim,3,1,31250,36250,True,True,0.44245816472016003,0.45590769810658516,0.5087417002289952,0.8555296880329044,0.188708,0.29119566722657775,0.188708,0.43709423390311175,0.44928823340526075,0.44578383313743475
sub-05,stim,3,2,36250,41250,True,True,0.3561747610842378,0.46638554492782425,0.43898168914110947,0.7587227912134982,0.25288399999999994,0.3566298886184267,0.25288399999999994,0.6092756255681634,0.4134136900077875,0.44237758882543987
sub-05,silence,3,0,41250,46250,True,True,0.46513633210841976,0.4501874271470658,0.39537802041348885,0.39354536829331366,0.20032,0.2787382073036527,0.20032,0.31898626881854275,0.4686523238135946,0.4639025359183276
sub-05,stim,4,1,46250,51250,True,True,0.52057417074536,0.44618555624143463,0.5524347542631094,0.8153197277483344,0.207336,0.37318406468283066,0.207336,0.5594231018885707,0.42156948884409273,0.44802531321133593
sub-05,stim,4,2,51250,56250,True,True,0.4609641816183378,0.3904743930781489,0.4704592757099955,0.8341265527874221,0.20819000000000001,0.31334844854631216,0.20819000000000001,0.4434053268249559,0.4549420649110192,0.5479278957349868
sub-05,silence,4,0,56250,61250,True,True,0.5330602661539051,0.4374397478248168,0.3955226410918716,0.36727156465201705,0.17927400000000002,0.3190679614533028,0.17927400000000002,0.3345221057721382,0.4038046384176143,0.3967402094691081
sub-05,stim,5,1,61250,66250,True,True,0.4767710978172516,0.4662487176258596,0.4821133353613098,0.7263436455056116,0.24433999999999997,0.315841281270152,0.24433999999999997,0.4317072454758331,0.4603431309920575,0.42748981396608615
sub-05,stim,5,2,66250,71250,True,True,0.4750325738521798,0.406804245748124,0.4227370595177473,0.8470175225062454,0.147126,0.24135062093491874,0.147126,0.600702698968635,0.49382727523023395,0.4876381631719937
sub-05,silence,5,0,71250,76250,True,True,0.4218395199679361,0.4530528514189755,0.4585187811118624,0.35630014429563317,0.126138,0.29092853331496704,0.126138,0.3778339991720253,0.4563030470056974,0.5699762557804946
sub-05,stim,6,1,76250,81250,True,False,0.3842075370432829,0.3847682501505049,0.33616232845081784,0.8699888560167567,0.15526399999999999,0.26298354493524606,0.15526399999999999,0.5149852411725422,0.38067541074081857,0.4326729731674812
sub-05,stim,6,2,81250,86250,True,False,0.476382692561993,0.4007121440427117,0.4634656961009802,0.8889388142273507,0.26057400000000003,0.37295680460449065,0.26057400000000003,0.48097960174726867,0.4335185674570715,0.2799066804945389
sub-06,stim,1,1,1250,6250,True,True,0.31483627119438784,0.3300668764669751,0.34756927327737813,0.36754124898786505,0.17846,0.27164634966514106,0.17846,0.3176416769039178,0.3808584053903006,0.2715491304731012
sub-06,stim,1,2,6250,11250,True,True,0.37465247931180967,0.4106370981431283,0.3426807849422545,0.5028385529589525,0.24114999999999998,0.45108281182978177,0.24114999999999998,0.3065141427464015,0.4516248646895733,0.3747915408823166
sub-06,silence,1,0,11250,16250,True,True,0.3568463592865292,0.41301823582994174,0.332269543931561,0.4296918842711589,0.19590999999999997,0.37294449174664224,0.19590999999999997,0.3447061529952687,0.41139113401753646,0.3528144678631365
sub-06,stim,2,1,16250,21250,True,True,0.4292557031332141,0.4073287322306946,0.4659484698902397,0.39615352235580487,0.161576,0.23320489437850475,0.161576,0.3995285115807642,0.34452729113632563,0.38514310067121726
sub-06,stim,2,2,21250,26250,True,True,0.3284438390267066,0.3499240578182961,0.3498686771377908,0.41368879475931764,0.21663800000000002,0.3377114408134841,0.21663800000000002,0.3838989870722351,0.2828798291876978,0.3253562081605835
sub-06,silence,2,0,26250,31250,True,True,0.3565746710835913,0.31932396463198337,0.30458708409579216,0.37360215651417455,0.23276400000000003,0.39774536789532555,0.23276400000000003,0.37177815992170676,0.3212975079439558,0.3643477574691758
sub-06,stim,3,1,31250,36250,True,True,0.3713617985333936,0.40887977713976953,0.31734946442984263,0.41234567244759335,0.119516,0.1722937599855358,0.119516,0.4012597753858486,0.32830861388727656,0.38218309570873715
sub-06,stim,3,2,36250,41250,True,True,0.3592574260747854,0.3627344699445707,0.33600240311827917,0.35401285923469145,0.12801400000000002,0.18538441357578228,0.12801400000000002,0.30626534779826764,0.35557541926989344,0.32557502627734247
sub-06,silence,3,0,41250,46250,True,True,0.30409798477700606,0.3277056678113328,0.3693633108129263,0.30564784960483565,0.184404,0.26009709111464696,0.184404,0.37458788945137245,0.3130779394986666,0.37552607229514545
sub-06,stim,4,1,46250,51250,True,True,0.39361634901719694,0.45713757682605816,0.3878061353953159,0.32794332348637645,0.11965400000000001,0.18271557948551798,0.11965400000000001,0.32912753308048776,0.308340090598988,0.35380653989539873
sub-06,stim,4,2,51250,56250,True,True,0.40146615740655567,0.26457663846529783,0.3206128358516685,0.43710542446319806,0.170912,0.24296105430626846,0.170912,0.35516976300216696,0.36974675060708334,0.31237704585254555
sub-06,silence,4,0,56250,61250,True,True,0.4340991559294875,0.35969827333449833,0.3637958096275764,0.4273569593467689,0.21384,0.32945316056510987,0.21384,0.3274504721367535,0.27365339921822085,0.3821813367575273
sub-06,stim,5,1,61250,66250,True,True,0.34458156729938794,0.32376959018725315,0.3624364369677423,0.36034161667543474,0.18194400000000002,0.33191475697350603,0.18194400000000002,0.35691020462858974,0.3657708448307091,0.3468705264004315
sub-06,stim,5,2,66250,71250,True,True,0.42528262304299985,0.29507759261759364,0.316135272378373,0.339582677827152,0.09879999999999999,0.155574008055681,0.09879999999999999,0.31625848039920557,0.3155495759654075,0.3799323058714677
sub-06,silence,5,0,71250,76250,True,True,0.2715212417302699,0.3596475437242793,0.27546038500092684,0.37458804321627737,0.21535200000000004,0.3234795632111934,0.21535200000000004,0.2826467369951638,0.28302650986329847,0.34988161308953963
sub-06,stim,6,1,76250,81250,True,False,0.36458667470599393,0.42200004050667617,0.42286025967797813,0.3870017975285252,0.154978,0.38614013310378764,0.154978,0.2973147148627445,0.4628450803422925,0.3266239019514363
sub-06,stim,6,2,81250,86250,True,False,0.3013079757788936,0.32393972557966366,0.3506621095236156,0.40766740985872135,0.133392,0.2719827735362341,0.133392,0.4144829055313236,0.38057386633240015,0.29994322440093296
sub-07,stim,1,1,1250,6250,True,True,0.36281370407313074,0.3419973965475374,0.4094072076749684,0.380185805461833,0.138018,0.2304190326828012,0.138018,0.47062003970569405,0.4353160129580074,0.3857466668029973
sub-07,stim,1,2,6250,11250,True,True,0.46584526442122187,0.40220517815170664,0.510130928317744,0.4289124785080178,0.16025999999999999,0.2702902352055699,0.16025999999999999,0.3462190125716004,0.38482464258883864,0.38549487376715164
sub-07,silence,1,0,11250,16250,True,True,0.4339295564497286,0.3657852854052497,0.42463098700029306,0.4003299923170417,0.10552199999999999,0.14317036246408682,0.10552199999999999,0.381157494051169,0.44175335781526137,0.42649079415278984
sub-07,stim,2,1,16250,21250,True,True,0.3661656089811578,0.29221910694490083,0.4810861299215506,0.384682140297917,0.124258,0.15696001337141127,0.124258,0.3104164961467623,0.2541876620629649,0.39668421367238776
sub-07,stim,2,2,21250,26250,True,True,0.5097855395398718,0.3434880697677272,0.48840556674125024,0.4307742421867145,0.19467599999999996,0.28709620100773015,0.19467599999999996,0.37538509243705975,0.4837020139009938,0.4559780918528162
sub-07,silence,2,0,26250,31250,True,True,0.38059111560160325,0.364693440217785,0.4205027666888563,0.3672300309320623,0.10623,0.23791111250564934,0.10623,0.3854429412976737,0.33595888417985775,0.3922881056447632
sub-07,stim,3,1,31250,36250,True,True,0.3264820998971905,0.32166667945699035,0.4350625131024509,0.45992960921973575,0.248976,0.3734974910371237,0.248976,0.41625895207681596,0.357090452433405,0.4393872605376533
sub-07,stim,3,2,36250,41250,True,True,0.4875087038067541,0.38721025095810296,0.3097088555871265,0.2870972039237193,0.132192,0.25280302575126057,0.132192,0.33561042064614627,0.3563443652923914,0.3835594900715764
sub-07,silence,3,0,41250,46250,True,True,0.4401413876796796,0.4876620051500592,0.34742655609955336,0.3609742342958247,0.19321,0.3092392993277008,0.19321,0.38046685761270305,0.3747073533605192,0.37462061160647125
sub-07,stim,4,1,46250,51250,True,True,0.44989429044252666,0.36486683886336374,0.3570564382473702,0.4671322872752022,0.141428,0.21568228315417542,0.141428,0.3094229899988855,0.3556263008874043,0.27676189803775836
sub-07,stim,4,2,51250,56250,True,True,0.4116654938634314,0.3162164122137203,0.30011911627487975,0.5302565610499869,0.20148600000000003,0.2942759265048005,0.20148600000000003,0.5545086948709269,0.3673469579446892,0.29479785244064716
sub-07,silence,4,0,56250,61250,True,True,0.4150998984320725,0.36824002669941636,0.5081707147587182,0.4811939601502134,0.132092,0.238189499469123,0.132092,0.2870427695013689,0.2862327745200365,0.24170847032563764
sub-07,stim,5,1,61250,66250,True,True,0.4799310844954337,0.4400242846652949,0.42031802890886916,0.3001465182370185,0.144088,0.23654767881058889,0.144088,0.3829828986216445,0.38793817834694083,0.44915618765917265
sub-07,stim,5,2,66250,71250,True,True,0.48769023617262147,0.3837103728595636,0.3951454797906459,0.3996005554955311,0.198502,0.28826623523764927,0.198502,0.37770319483463644,0.38356238371781587,0.4348761462981872
sub-07,silence,5,0,71250,76250,True,True,0.36830486694577,0.41714599873418234,0.4603167648595354,0.4891158858768598,0.135988,0.2573317991422662,0.135988,0.4392104019119921,0.30198009436162243,0.2983840809378377
sub-07,stim,6,1,76250,81250,True,False,0.4166816835859997,0.2879140612555996,0.4620596893989514,0.45042150223822786,0.123244,0.27196300874556556,0.123244,0.38342119921132684,0.43137936800638793,0.32295553486728307
sub-07,stim,6,2,81250,86250,True,False,0.42753696743693703,0.41661378387016884,0.4701367189431953,0.4483330759733387,0.11985,0.2253036924346554,0.11985,0.37530994250929184,0.339670988514908,0.2666540335591991
sub-08,stim,1,1,1250,6250,True,True,0.28974844127731897,0.3321402828245567,0.2581558124641438,0.5722619466734041,0.22541600000000003,0.3456374098702925,0.22541600000000003,0.25395736071243546,0.2525491074002504,0.4476017958461459
sub-08,stim,1,2,6250,11250,True,True,0.31147608692430545,0.2814583254431702,0.25300671829066324,0.36823861156715787,0.13104600000000002,0.2552697961920502,0.13104600000000002,0.2586676537290733,0.2680760336784864,0.28563063150801554
sub-08,silence,1,0,11250,16250,True,True,0.3568843373655764,0.3087303286263089,0.29578923875352603,0.3565333962571769,0.205592,0.29351093280630836,0.205592,0.2646217007592348,0.27297644036441143,0.30018518355976975
sub-08,stim,2,1,16250,21250,True,True,0.332032790842642,0.26833403480017703,0.2683113995774048,0.5426441732078789,0.21379199999999998,0.3188585620519662,0.21379199999999998,0.3039899576767782,0.30657719745048245,0.3010580875474505
sub-08,stim,2,2,21250,26250,True,True,0.2965018581910828,0.3187105292609635,0.32291789414321814,0.5653525193191389,0.17864600000000003,0.31182658626055115,0.17864600000000003,0.34612364637454457,0.3973897076590726,0.295457933321504
sub-08,silence,2,0,26250,31250,True,True,0.26830521686354153,0.33280993910546913,0.3290190374529617,0.2959133271739274,0.16715200000000002,0.2934024469656938,0.16715200000000002,0.2927758317068757,0.2758773174872957,0.27003666510887286
sub-08,stim,3,1,31250,36250,True,True,0.2763370013158899,0.26509953199600184,0.2790704277357579,0.4615522306588245,0.18254,0.29711716909589,0.18254,0.28426749609019575,0.2860253021566726,0.22801867589473496
sub-08,stim,3,2,36250,41250,True,True,0.33943856154668056,0.25656096498225056,0.26625340376282614,0.4353423723714586,0.166778,0.25390777489555516,0.166778,0.24903175218531282,0.29792864933251684,0.3243940001354777
sub-08,silence,3,0,41250,46250,True,True,0.34816049506176255,0.3031679675933525,0.28628966449233845,0.3473885710733252,0.140958,0.2449740054235717,0.140958,0.29936772189348426,0.3126619140303384,0.3237158002858115
sub-08,stim,4,1,46250,51250,True,True,0.30069492043126156,0.2856207456724874,0.2740363636210419,0.5475899038419801,0.18324000000000001,0.32453183990654,0.18324000000000001,0.34121328410848717,0.27351749522603186,0.26982253186339783
sub-08,stim,4,2,51250,56250,True,True,0.26439894107595074,0.3041374030813024,0.30261912001695074,0.39656001918171185,0.13867400000000002,0.2604700456544701,0.13867400000000002,0.29213126307127796,0.2683910016950231,0.32827255811834855
sub-08,silence,4,0,56250,61250,True,True,0.32774896279666466,0.3581116611984915,0.2774560246700257,0.31925386275502066,0.15281799999999998,0.30011422780666597,0.15281799999999998,0.31654541802778097,0.3136841239413098,0.2840376020072686
sub-08,stim,5,1,61250,66250,True,True,0.3191213561327585,0.3048059634491513,0.4081091793297218,0.3733084737527655,0.11836400000000001,0.24689267367046575,0.11836400000000001,0.28118865297328155,0.4765964719877992,0.31703037722714206
sub-08,stim,5,2,66250,71250,True,True,0.3594048825421311,0.2978956133030698,0.2833676917092945,0.4543703706863632,0.186524,0.3147627224204396,0.186524,0.3318270386925035,0.38988568085588504,0.2794191185391282
sub-08,silence,5,0,71250,76250,True,True,0.2862911033761945,0.3247126250348822,0.3326584504779877,0.2505988192584838,0.134894,0.18473087405340316,0.134894,0.32820009658003185,0.2922833176411451,0.31351425822609214
sub-08,stim,6,1,76250,81250,True,False,0.2942614946012105,0.32787094493813385,0.2480425135479917,0.49323142393351505,0.143758,0.24503593620310993,0.143758,0.29751629773281674,0.2883003119867587,0.26250213678929085
sub-08,stim,6,2,81250,86250,True,False,0.25449778395601336,0.35821086965136945,0.3176238994587317,0.5000283633287236,0.19885999999999998,0.2932624213845246,0.19885999999999998,0.38792928983437236,0.277739669963573,0.32273682436391016
sub-09,stim,1,1,1250,6250,True,True,0.4348290663306515,0.32552449244812187,0.3271660905294517,0.3478931539907796,0.11571200000000001,0.11979717963082541,0.11571200000000001,0.40880541863223285,0.2912532651940997,0.32858881032429543
sub-09,stim,1,2,6250,11250,True,True,0.35474757479745067,0.2843554505885961,0.3699167892971741,0.31153627550224283,0.13789400000000002,0.1874792146185657,0.13789400000000002,0.3734122256419054,0.3226345344852858,0.3622348472843731
sub-09,silence,1,0,11250,16250,True,True,0.3504939465796585,0.31489364468064046,0.31197628007876566,0.33679498672919567,0.1528,0.23058857137457264,0.1528,0.37359426660600337,0.303920052116863,0.3293360202956089
sub-09,stim,2,1,16250,21250,True,True,0.4267849345423585,0.35321386715923553,0.33828484591543456,0.3340574391908309,0.14598,0.3928411780724138,0.14598,0.37911854076392104,0.3521858338921978,0.4655583275733377
sub-09,stim,2,2,21250,26250,True,True,0.4111091445417683,0.35901393679530463,0.36089030668905536,0.32477190838999204,0.05932600000000001,0.12383699642487883,0.05932600000000001,0.3424003925230349,0.2903598625826941,0.37068461585902923
sub-09,silence,2,0,26250,31250,True,True,0.3415581864599676,0.40202032657394016,0.3744076843872171,0.3457497108490988,0.120414,0.23310605697509623,0.120414,0.3155090039586076,0.33075492046494515,0.303087127055501
sub-09,stim,3,1,31250,36250,True,True,0.30958152344069817,0.3216498049501994,0.3691580951527834,0.37546904741268333,0.15851400000000002,0.2551416408707277,0.15851400000000002,0.4003125568060886,0.3168672779044618,0.36881887075524616
sub-09,stim,3,2,36250,41250,True,True,0.3510747771104538,0.38458376983454,0.43051098871905025,0.3066792442353222,0.150586,0.27539584166702574,0.150586,0.3493029774832783,0.28615994386844845,0.34762726844540814
sub-09,silence,3,0,41250,46250,True,True,0.3861879683563321,0.4203097066533759,0.30348525636441587,0.35653837367108016,0.134298,0.2675699049562236,0.134298,0.3356133485540272,0.3650979937106071,0.33317568229629585
sub-09,stim,4,1,46250,51250,True,True,0.4010695962054509,0.41229188803605604,0.41023231835102775,0.33056631608481396,0.185046,0.26775500093030075,0.185046,0.29522851455898647,0.34618669103021077,0.32825985029675053
sub-09,stim,4,2,51250,56250,True,True,0.3070336612541836,0.3732610380104768,0.41890686077504713,0.37880358731822866,0.20527,0.29504792091901555,0.20527,0.4087346084085204,0.45098617335609853,0.401543966316597
sub-09,silence,4,0,56250,61250,True,True,0.4221000818362473,0.3405324908909598,0.37690043307458754,0.3886490179376311,0.142762,0.16377575758665514,0.142762,0.3408740532814003,0.43168125062776014,0.37356176903216237
sub-09,stim,5,1,61250,66250,True,True,0.4041455183254125,0.43140587077645315,0.3767498798865479,0.3073581316867899,0.11498999999999998,0.2845298114150116,0.11498999999999998,0.33769866311052354,0.26570572845856866,0.40070304484631636
sub-09,stim,5,2,66250,71250,True,True,0.3038218200808074,0.3322750760934688,0.44263851072936716,0.3430780785329796,0.13694400000000004,0.3168851058316623,0.13694400000000004,0.32528697280739677,0.35371757173170826,0.331552805244094
sub-09,silence,5,0,71250,76250,True,True,0.4788992938745882,0.4135098196620227,0.3776180116245307,0.3269422602053939,0.121666,0.20798187479881491,0.121666,0.3403832687741135,0.40278377480074573,0.39211314102532746
sub-09,stim,6,1,76250,81250,True,True,0.3763683040218922,0.3655435319512288,0.414463209644234,0.39280180515157764,0.164416,0.23157548025724087,0.164416,0.3864658898297397,0.34380464740229627,0.3859906555447496
sub-09,stim,6,2,81250,86250,True,True,0.35991266696251545,0.39177163806842086,0.4273968733471943,0.3354891079870367,0.203812,0.4268202319998944,0.203812,0.3282073486836923,0.345077078125714,0.3511983422081238
sub-09,silence,6,0,86250,91250,True,True,0.341944175240669,0.3907574539329407,0.39537298596341836,0.38163944673501893,0.12159599999999998,0.19958477407958902,0.12159599999999998,0.4032682204700798,0.3221217205452642,0.3685434651067371
sub-09,stim,7,1,91250,96250,True,True,0.39129207320099435,0.33300852082301236,0.3219048022949309,0.29492405110243775,0.154054,0.24187279545316615,0.154054,0.3027051945823261,0.3074700456673208,0.35469939762196995
sub-09,stim,7,2,96250,101250,True,True,0.4602714771347327,0.46157478661681706,0.39229186033150915,0.43640509144236816,0.24005600000000002,0.3218406088808766,0.24005600000000002,0.38005007817538533,0.3254886381064125,0.3556503267620546
sub-09,silence,7,0,101250,106250,True,True,0.3756192140504936,0.39232536211163277,0.3482005038851888,0.4420658719153425,0.16652799999999998,0.24099997584435232,0.16652799999999998,0.41230332247996215,0.37297078650709653,0.4114078921356055
sub-09,stim,8,1,106250,111250,True,True,0.3732851110088094,0.34000103271638155,0.3429904089020843,0.3320857800189783,0.14338,0.1736860753591762,0.14338,0.292804173629219,0.32488943613186444,0.2757351360912026
sub-09,stim,8,2,111250,116250,True,True,0.36409430083163985,0.39525579229191365,0.3968775669286526,0.3334538586707405,0.22459600000000002,0.44857274260626645,0.22459600000000002,0.3820557291372086,0.42312798938300716,0.30355764741534697
sub-09,silence,8,0,116250,121250,True,True,0.33934205994497363,0.40719632333865724,0.3795791034354464,0.31853742490871967,0.21398000000000003,0.41535276140204763,0.21398000000000003,0.40016776860930764,0.4265767525919433,0.39036210045473224
sub-09,stim,9,1,121250,126250,True,True,0.42106978083081564,0.3926034112447364,0.3389499086748944,0.32541389150979727,0.12882200000000002,0.22128712852469515,0.12882200000000002,0.3379350005768563,0.36702289852077563,0.3201866964190325
sub-09,stim,9,2,126250,131250,True,True,0.4046744194055599,0.41817439309892956,0.31303837377637256,0.29574769202907547,0.123384,0.20542011215219336,0.123384,0.3840910889531498,0.3208778000659958,0.37624270643444957
sub-09,silence,9,0,131250,136250,True,True,0.40670736027325965,0.3825814286096532,0.4574362646040518,0.4757022170444719,0.260704,0.46134861428264096,0.260704,0.3021624280962288,0.37413459002547966,0.348595298996516
sub-09,stim,10,1,136250,141250,True,False,0.39328137116374734,0.3659875628361317,0.4128936892038343,0.291794261147767,0.08358399999999999,0.14084408124085634,0.08358399999999999,0.37853061056573567,0.35776453035714445,0.4432883237411642
sub-09,stim,10,2,141250,146250,True,False,0.39561996893912005,0.43205269031345767,0.35995929498884477,0.49410997523726224,0.202436,0.33531712505686995,0.202436,0.36948515902130197,0.3359574913968471,0.3581800551373787
sub-10,stim,1,1,1250,6250,True,True,0.46778652961899886,0.4352704899564989,0.48415694655301517,0.45653130745819737,0.156182,0.23863057874733123,0.156182,0.4962542014996964,0.4737123617000934,0.33768093810554733
sub-10,stim,1,2,6250,11250,True,True,0.4308370489679932,0.4633923242026708,0.36380269163885914,0.4468261721787984,0.09512599999999999,0.15456981068995243,0.09512599999999999,0.49161260984970084,0.426128280373204,0.43788992531335375
sub-10,silence,1,0,11250,16250,True,True,0.38269847213981495,0.4393184886423265,0.39746722193480566,0.39326822921891746,0.20655,0.34272923387888043,0.20655,0.32635564895056324,0.4181093317538857,0.41613622374005793
sub-10,stim,2,1,16250,21250,True,True,0.4200259485647802,0.41248181690624053,0.3276902633058678,0.46219755125099693,0.25136600000000003,0.43377979401123695,0.25136600000000003,0.37166761708661,0.3764839799409263,0.39380631835133173
sub-10,stim,2,2,21250,26250,True,True,0.34254726771756,0.42120742456988436,0.35404783878063995,0.3637694882048933,0.152348,0.26845915758038236,0.152348,0.34137608320073454,0.3984342718786308,0.4043551463122516
sub-10,silence,2,0,26250,31250,True,True,0.4126607412933596,0.3978170528500172,0.3876522599853406,0.3973714207360364,0.13865799999999998,0.2704039683569572,0.13865799999999998,0.3056495862941339,0.4059416901781778,0.350668259151426
sub-10,stim,3,1,31250,36250,True,True,0.37014823962079063,0.42178756497162767,0.3853784865166384,0.42757411098426046,0.136376,0.22544910442662325,0.136376,0.38898654497445534,0.4398630538406145,0.39230802736760295
sub-10,stim,3,2,36250,41250,True,True,0.41776179144706094,0.3465955926058231,0.43629055515238435,0.38764559888926725,0.12173,0.18552738943380384,0.12173,0.4167213430805001,0.37517672045565137,0.34523481827666636
sub-10,silence,3,0,41250,46250,True,True,0.30920611300424516,0.31637115928325815,0.2916792820091763,0.41636253827987135,0.18823,0.2920131913153426,0.18823,0.3669355467095311,0.3678031431608079,0.34397700968127765
sub-10,stim,4,1,46250,51250,True,True,0.3370247847514151,0.39726123418234566,0.4148433724234392,0.35716422859239677,0.140244,0.22752950304543695,0.140244,0.37342327325573677,0.3363819235316937,0.3664491269270491
sub-10,stim,4,2,51250,56250,True,True,0.28980264135622186,0.3672366618974056,0.3010265894686908,0.3363575422546616,0.11123799999999999,0.17467899346355079,0.11123799999999999,0.4151571485867935,0.32765107267743715,0.24728039960380196
sub-10,silence,4,0,56250,61250,True,True,0.31857068562132623,0.3172421135435707,0.34925186544372905,0.28495732624848574,0.17287599999999997,0.3068444854136922,0.17287599999999997,0.327565170424436,0.36285813918500637,0.27405488935793454
sub-10,stim,5,1,61250,66250,True,True,0.368637963280149,0.3064876318427935,0.3283109791468965,0.3543025612204904,0.18294600000000003,0.31344962900215484,0.18294600000000003,0.3051061363582661,0.3045540508856311,0.33842950346636735
sub-10,stim,5,2,66250,71250,True,True,0.3229562525226127,0.34785179966605556,0.3233614141553568,0.3329214777953922,0.216504,0.35327140697148574,0.216504,0.30009728177299666,0.39423156614698357,0.3299365624922123
sub-10,silence,5,0,71250,76250,True,True,0.2889806821967239,0.3786819804709692,0.3607340500407045,0.34238882198513226,0.133386,0.21468140000754332,0.133386,0.3138413248451457,0.2880808742845721,0.3322415282708495
sub-10,stim,6,1,76250,81250,True,True,0.3208374894614977,0.32632788021573217,0.3860211012023538,0.3795349751414649,0.24908000000000002,0.4279451248257047,0.24908000000000002,0.3320693240343633,0.330884703456472,0.31974271161309303
sub-10,stim,6,2,81250,86250,True,True,0.3641140979263636,0.31463009910411116,0.28764993705760916,0.32516608312907197,0.16703600000000002,0.30781928147684545,0.16703600000000002,0.3483293183608643,0.27390119402814334,0.28615962683003837
sub-10,silence,6,0,86250,91250,True,True,0.29715965542427597,0.2977171001096155,0.31985269617598433,0.31193062331078536,0.200302,0.37077582914030927,0.200302,0.3230810576067459,0.25456607513631035,0.33577125553110454
sub-10,stim,7,1,91250,96250,True,True,0.3134968217089157,0.3249108913499461,0.3032717293790259,0.38342076145331416,0.178872,0.33372688268292877,0.178872,0.43330774519747145,0.3138685099444119,0.38014538426605504
sub-10,stim,7,2,96250,101250,True,True,0.35299635678558533,0.31887142227305065,0.32819708359780053,0.26633180830587233,0.15139000000000002,0.29713799578281125,0.15139000000000002,0.27724784855606294,0.28144221244350043,0.301291517509738
sub-10,silence,7,0,101250,106250,True,True,0.24423896656557884,0.30475241614280046,0.2713166672523345,0.33856292548129846,0.14157999999999998,0.23688158397511563,0.14157999999999998,0.3353205396783634,0.2819730665685855,0.3902340968403737
sub-10,stim,8,1,106250,111250,True,True,0.33083296801705886,0.29734793341852234,0.3924311428606444,0.4065619602555366,0.314226,0.4862007840802424,0.314226,0.2736156142226227,0.2947692042662652,0.38276414333618836
sub-10,stim,8,2,111250,116250,True,True,0.2720985540635618,0.2824822512517767,0.3656709253201217,0.33550272677894283,0.222398,0.3810209803315246,0.222398,0.2615255729839293,0.3905135992064148,0.34752377840499704
sub-10,silence,8,0,116250,121250,True,True,0.27813536204810363,0.32860482889695136,0.30330943109479014,0.3465556794663638,0.161088,0.4176854311927917,0.161088,0.3762163861856485,0.27983315418329424,0.2999127815478647
sub-10,stim,9,1,121250,126250,True,True,0.326373495313887,0.28254289919496145,0.32380060499909874,0.375490927234624,0.14324,0.3070711729326517,0.14324,0.28562758514272557,0.38190265594499306,0.29935796124043934
sub-10,stim,9,2,126250,131250,True,True,0.31963433928400137,0.2965276300927291,0.30080926855621654,0.34913737217051394,0.180308,0.2894831709502286,0.180308,0.26318614841415994,0.33900034734854567,0.28888235770151643
sub-10,silence,9,0,131250,136250,True,True,0.30892900374270466,0.2650367017638807,0.3385947685552571,0.322085644883518,0.12393799999999999,0.2866719218151301,0.12393799999999999,0.292137612429195,0.2955233577872527,0.34142027051681617
sub-10,stim,10,1,136250,141250,True,False,0.30177287360132676,0.2575693801506272,0.32805717984463667,0.3303860927344904,0.11980999999999999,0.2170413835555867,0.11980999999999999,0.2865948536350673,0.2712367255458932,0.32290706057601765
sub-10,stim,10,2,141250,146250,True,False,0.3397649331902772,0.24381247887960383,0.2736605515189858,0.32970485205187183,0.160016,0.2604120958364881,0.160016,0.3455756921132436,0.31531589048418635,0.2864904204121632
sub-11,stim,1,1,1250,6250,True,True,0.5619968135426546,0.6356752609758282,0.6451411249832829,0.5791253535561374,0.11805,0.2700125932281304,0.11805,0.6195806691546659,0.6189398708704144,0.5498296910690553
sub-11,stim,1,2,6250,11250,True,True,0.5290057878658279,0.5330752512908136,0.560131637980672,0.5556223878733273,0.18191,0.3837158838914377,0.18191,0.6365441147350017,0.5147534320520862,0.5190524806472151
sub-11,silence,1,0,11250,16250,True,True,0.6524902801369861,0.6196903418655597,0.6320565905987322,0.640887251863655,0.16526800000000003,0.23395230681775792,0.16526800000000003,0.6399494865038893,0.6571581289981293,0.5408307291041876
sub-11,stim,2,1,16250,21250,True,True,0.5670799090920011,0.6633611866801788,0.6162980538035137,0.6627902499763407,0.11281400000000001,0.21617245206435626,0.11281400000000001,0.5552212731957152,0.59042962146869,0.5300648553454246
sub-11,stim,2,2,21250,26250,True,True,0.5344387224850783,0.7024224231768263,0.5961181234762921,0.6466164408944796,0.23760399999999998,0.3673605627227991,0.23760399999999998,0.5127896986002983,0.600089687036547,0.6675773529964161
sub-11,silence,2,0,26250,31250,True,True,0.6859125484629094,0.5815112740093664,0.6345911939191082,0.6519055701560178,0.175364,0.43292166495361156,0.175364,0.6366808024954623,0.6532453084846537,0.6323732762475236
sub-11,stim,3,1,31250,36250,True,True,0.5641587287268084,0.701472764512189,0.5957424870162992,0.6327904582231753,0.20623000000000002,0.3978577418253477,0.20623000000000002,0.5431208122113786,0.6117747991916673,0.7256569955107938
sub-11,stim,3,2,36250,41250,True,True,0.6677834928288641,0.6165177776692183,0.5729114743443915,0.5815582013201828,0.16506999999999997,0.2552037074296033,0.16506999999999997,0.6619626660720654,0.5834063776884306,0.5852777230797089
sub-11,silence,3,0,41250,46250,True,True,0.5817540808089856,0.673604143856199,0.5450560685069642,0.533528130674498,0.18382400000000004,0.3025307113118747,0.18382400000000004,0.6397126598178382,0.6462430840840291,0.6497398527988949
sub-11,stim,4,1,46250,51250,True,True,0.6455668992806477,0.6240576363254646,0.6330241731596036,0.7632341048776294,0.239054,0.3628578522467192,0.239054,0.6267458545379416,0.6744569608698822,0.6049461798785615
sub-11,stim,4,2,51250,56250,True,True,0.6368395575971152,0.6006002933941638,0.590323907132839,0.6781918764270191,0.175614,0.32724809329249654,0.175614,0.5994020550568304,0.7704697840027799,0.677025253735101
sub-11,silence,4,0,56250,61250,True,True,0.6540795280858228,0.6796245253554001,0.6297350910017431,0.5755470324308256,0.177254,0.31783475829119073,0.177254,0.5378546372216184,0.616660707251883,0.6799054282352023
sub-11,stim,5,1,61250,66250,True,True,0.6726948703306929,0.5887617939053498,0.6705856751557144,0.6462256165088104,0.168896,0.2616409767064553,0.168896,0.7164088383508276,0.5322613860679101,0.7042035460457851
sub-11,stim,5,2,66250,71250,True,True,0.5026873978857594,0.5926234498764239,0.5878421037363735,0.7126394726488169,0.186296,0.344195532892829,0.186296,0.6098315810406723,0.5790301414802053,0.5524330419668819
sub-11,silence,5,0,71250,76250,True,True,0.7251831002446221,0.6493564784923219,0.702098691250667,0.5306074869026218,0.11762,0.23334549407885036,0.11762,0.5767383121433568,0.6342343463009154,0.6768747771324799
sub-11,stim,6,1,76250,81250,True,True,0.6093482795664792,0.6038347050566396,0.5807226143493496,0.6617948722227712,0.103238,0.24213543512773306,0.103238,0.676783021898701,0.6859501728242259,0.5146516601079664
sub-11,stim,6,2,81250,86250,True,True,0.6308046128606253,0.6539778429548575,0.554889564044867,0.7307328921805588,0.20400399999999996,0.23394677647157658,0.20400399999999996,0.7329945076787239,0.7272882892524101,0.6088652259216834
sub-11,silence,6,0,86250,91250,True,True,0.7020896916594084,0.5619278476378405,0.620185134968552,0.5636464204541674,0.13158599999999998,0.2161403124730095,0.13158599999999998,0.680655980791784,0.6806363465002652,0.6828696049748194
sub-11,stim,7,1,91250,96250,True,True,0.5718851492356378,0.6738538508824745,0.5296054504366927,0.6081627632655404,0.21026999999999998,0.33755779956545034,0.21026999999999998,0.5882032708206418,0.5270971028815429,0.6900312203833024
sub-11,stim,7,2,96250,101250,True,True,0.5240379664082041,0.6513032360854564,0.6047724635508319,0.5898187059306725,0.094906,0.1958368820207196,0.094906,0.467455440766758,0.43742319961703446,0.5827112697926853
sub-11,silence,7,0,101250,106250,True,True,0.6227125538768751,0.5259050448534773,0.5239152501887596,0.6066689124844497,0.216206,0.45925745182562194,0.216206,0.538614119700062,0.570769443425022,0.6959773890497937
sub-11,stim,8,1,106250,111250,True,True,0.6988915899847428,0.6242003817922843,0.6440551028453708,0.6637601603392889,0.15984,0.2184555457696469,0.15984,0.659433115836581,0.6365106592443937,0.6799750333150237
sub-11,stim,8,2,111250,116250,True,True,0.6019542588603638,0.6725514760116819,0.5206822492468797,0.6798351829302988,0.14656399999999997,0.1876148485900863,0.14656399999999997,0.5497970582980406,0.5202919730358182,0.5117348300004352
sub-11,silence,8,0,116250,121250,True,True,0.5688889493420193,0.5997514345442226,0.6591011859359451,0.5668604750315258,0.100824,0.15493311045370836,0.100824,0.5970069171823116,0.5767200440735725,0.5593457866421189
sub-11,stim,9,1,121250,126250,True,True,0.6916964022098366,0.6210352561078002,0.5333333404812767,0.531863219035611,0.154992,0.23095530318110324,0.154992,0.5804285492269075,0.6049849003590262,0.4901523011435546
sub-11,stim,9,2,126250,131250,True,True,0.604836028579168,0.5222597495269015,0.6376879122387689,0.6519747514313065,0.206508,0.3106353492809636,0.206508,0.5955278400041141,0.6550481261753301,0.6568572172155817
sub-11,silence,9,0,131250,136250,True,True,0.618072367128186,0.557445010574474,0.6389740980484409,0.6216876510442586,0.22294800000000004,0.3386649047306544,0.22294800000000004,0.6745794195950287,0.5209314521407077,0.5543745512082934
sub-11,stim,10,1,136250,141250,True,False,0.5871114183408319,0.587991347036407,0.5629798848570846,0.4662179334347096,0.163234,0.2703697993680383,0.163234,0.6061440689009612,0.5814512305241851,0.7065447521215966
sub-11,stim,10,2,141250,146250,True,False,0.5007787606425832,0.5458976257073328,0.5989677621218706,0.6140064227887962,0.23174599999999998,0.28507541625135835,0.23174599999999998,0.6399768334869204,0.5501701879295237,0.62089437985265
sub-12,stim,1,1,1250,6250,True,True,0.7120842559388595,0.7647690443664531,0.5851370320514439,0.5746223459262026,0.10733000000000001,0.2624482983635969,0.10733000000000001,0.6225690954714902,0.6411024451994995,0.5756427302279742
sub-12,stim,1,2,6250,11250,True,True,0.7537034209180723,0.6649607751351901,0.6464198850912978,0.680931397411026,0.22182000000000002,0.35405705677576593,0.22182000000000002,0.6990968554979634,0.5285322475209726,0.6523756675868236
sub-12,silence,1,0,11250,16250,True,True,0.6014355895602082,0.7601282634515718,0.5640405647620886,0.6159594815963771,0.123232,0.3581349394475993,0.123232,0.6179369156450489,0.6022323548452926,0.6592016255110776
sub-12,stim,2,1,16250,21250,True,True,0.696619678127852,0.5829816868324572,0.5483435753275682,0.676900276483051,0.206608,0.40078893935882165,0.206608,0.6156202860597539,0.5341557604509397,0.5623704006569464
sub-12,stim,2,2,21250,26250,True,True,0.8281347116472486,0.7363056918096527,0.7340152211665998,0.7172779462457569,0.245772,0.38893927446444876,0.245772,0.560697364927767,0.6588805179455741,0.6076254362351844
sub-12,silence,2,0,26250,31250,True,True,0.6909849793147859,0.7033594245313097,0.7216365010511983,0.71634379063318,0.160546,0.3120095911024021,0.160546,0.65123310722049,0.6878085262694563,0.7423332950476764
sub-12,stim,3,1,31250,36250,True,True,0.7310944146807554,0.7180901718695222,0.8022076357733539,0.6798404106903888,0.11742999999999998,0.16632308189613507,0.11742999999999998,0.7211099618551853,0.7024767275817922,0.7348388330877262
sub-12,stim,3,2,36250,41250,True,True,0.8376009119263261,0.7935595117549427,0.6700564688216045,0.811766105204654,0.22144200000000003,0.32729412310496486,0.22144200000000003,0.5917074637260682,0.6454500101334527,0.6428625828503556
sub-12,silence,3,0,41250,46250,True,True,0.7367038344399526,0.8116104646435464,0.6777186537968137,0.6993503360545179,0.219822,0.24918860064249299,0.219822,0.6219132619872149,0.6842429755552081,0.6433420235612536
sub-12,stim,4,1,46250,51250,True,True,0.7673217353302354,0.5618158691430793,0.6966560109714749,0.5955384858572259,0.178306,0.4023895442748417,0.178306,0.5499656535667186,0.6880720670290816,0.6108643542341073
sub-12,stim,4,2,51250,56250,True,True,0.772260316716617,0.7580434437571887,0.8128393788449552,0.8100208589249263,0.278392,0.40777708622221437,0.278392,0.6392594741555131,0.6057285668413837,0.548875891271874
sub-12,silence,4,0,56250,61250,True,True,0.7660083103578208,0.7744287886264147,0.7711837110102701,0.6374966443615184,0.121784,0.24258803707156062,0.121784,0.6992052831392865,0.6465961711632423,0.6047576338618421
sub-12,stim,5,1,61250,66250,True,True,0.6350105908898801,0.6792420241220427,0.6179957174358924,0.6975662325172525,0.19273799999999996,0.28151923806491,0.19273799999999996,0.6419886717503158,0.5659803664263308,0.6623967087909294
sub-12,stim,5,2,66250,71250,True,True,0.7999011672450669,0.7374579360992596,0.7434982422258188,0.7669136410039208,0.22318399999999997,0.35449045719795785,0.22318399999999997,0.6277226401889222,0.6130787126801961,0.5150211290452091
sub-12,silence,5,0,71250,76250,True,True,0.7606880814371693,0.6459059389804671,0.7375744851717482,0.5894591609697466,0.16529800000000003,0.30196392801610983,0.16529800000000003,0.7232422579092486,0.6661383194756505,0.7293138997418585
sub-12,stim,6,1,76250,81250,True,True,0.7209471905327304,0.6847167599204272,0.6989380917506531,0.6717873839610345,0.28058999999999995,0.4725053331807739,0.28058999999999995,0.5079090543480842,0.6034951397950621,0.7443266008756743
sub-12,stim,6,2,81250,86250,True,True,0.8278755730620239,0.8298933177114659,0.7000204659682052,0.7575381575647985,0.206644,0.4184925058333353,0.206644,0.6756441724693514,0.5422557849498896,0.6617902743518669
sub-12,silence,6,0,86250,91250,True,True,0.6936309526269856,0.6998622734331768,0.6473103265367044,0.6484453822334063,0.18090200000000003,0.3749550303763795,0.18090200000000003,0.7255139900806131,0.701059401505135,0.5704816611061946
sub-12,stim,7,1,91250,96250,True,True,0.7343785979759322,0.7437003069984405,0.6144092962663288,0.6452053377897906,0.131136,0.25222125203509504,0.131136,0.6770607330103644,0.7680770477567674,0.5386092608142451
sub-12,stim,7,2,96250,101250,True,True,0.7031395329661201,0.7626236097694001,0.6530102478351272,0.6644716155310249,0.142142,0.2215770458099644,0.142142,0.5892399135695529,0.6015809865349722,0.6324197463008853
sub-12,silence,7,0,101250,106250,True,True,0.6176488396266047,0.7239723584345649,0.6254025529118482,0.4758855166398166,0.172566,0.23666254167407982,0.172566,0.6778861805639061,0.6684229197352499,0.5223458636324635
sub-12,stim,8,1,106250,111250,True,True,0.7675123086199005,0.586495203330997,0.6612071425756924,0.6629460378121812,0.129554,0.3003009016585442,0.129554,0.585684147850767,0.7297522905089115,0.6205643185982724
sub-12,stim,8,2,111250,116250,True,True,0.7573270914770032,0.6949225349803916,0.7951304244018524,0.693377691905535,0.22177,0.3237081467659611,0.22177,0.6017548944941199,0.6966173982684668,0.6315394060652494
sub-12,silence,8,0,116250,121250,True,True,0.6904679401962923,0.857679888758874,0.7839097039269542,0.6799553426372417,0.109946,0.139104874704708,0.109946,0.6306552843910679,0.5176561895128221,0.7001965925334475
sub-12,stim,9,1,121250,126250,True,True,0.5918186074183196,0.6838724871817496,0.5132489969693457,0.6088346805703222,0.120138,0.1977779347943327,0.120138,0.5855605158371605,0.6561038343829924,0.6286656586165924
sub-12,stim,9,2,126250,131250,True,True,0.7665345633901773,0.8070178535718492,0.675836041235475,0.6830782079047135,0.12472200000000001,0.17739085861817577,0.12472200000000001,0.556065109017976,0.5870470067473397,0.5233927259595446
sub-12,silence,9,0,131250,136250,True,True,0.782823205840445,0.7772119260727592,0.7183870791555564,0.6446977256493832,0.11659599999999999,0.19217215317839353,0.11659599999999999,0.6390687373013145,0.6949790283848845,0.6816349919366371
sub-12,stim,10,1,136250,141250,True,False,0.7089857741699536,0.7698944791541709,0.6604423782136445,0.6495008038522613,0.19162200000000001,0.38921584303322126,0.19162200000000001,0.6078910491762801,0.6867215839818632,0.6998295521875303
sub-12,stim,10,2,141250,146250,True,False,0.7412011364811788,0.7054680921593233,0.6528589090229329,0.6897271214363956,0.20468200000000003,0.2765957723391292,0.20468200000000003,0.674688763109086,0.5754308112485198,0.5972640407501905
sub-13,stim,1,1,1250,6250,True,True,0.41835524478928976,0.3506146893143996,0.33730338338486376,0.3678862989928446,0.131702,0.25909255498700856,0.131702,0.33422110889944223,0.28636055694143336,0.3342155880423487
sub-13,stim,1,2,6250,11250,True,True,0.4045183196378454,0.3953360962778594,0.3928280604061729,0.29030508950291506,0.11761600000000001,0.19401618515413133,0.11761600000000001,0.4094571408754799,0.3444470368950203,0.43571582401272735
sub-13,silence,1,0,11250,16250,True,True,0.3283960844471857,0.3341038619650309,0.26780415364100046,0.36332430330923243,0.181574,0.2567504366548681,0.181574,0.23636395001407134,0.3352401196650011,0.30646114312274003
sub-13,stim,2,1,16250,21250,True,True,0.29704954752437446,0.2723913333162772,0.33616129583685006,0.405327949915711,0.11075199999999999,0.1691498719983388,0.11075199999999999,0.2694380384429849,0.25629850498984924,0.2579315946289178
sub-13,stim,2,2,21250,26250,True,True,0.29719151235992297,0.35942276733689704,0.3605661550841245,0.3764375609011954,0.167806,0.2499705331691029,0.167806,0.32054347833087826,0.3926159443467765,0.32293888570607676
sub-13,silence,2,0,26250,31250,True,True,0.385139615550641,0.29508034819194756,0.3234938960322603,0.26188782128343696,0.11554199999999999,0.17957749022227673,0.11554199999999999,0.3454534731893309,0.3184616503889609,0.38482215861751073
sub-13,stim,3,1,31250,36250,True,True,0.2653965641962957,0.42500295314480013,0.3745423669418504,0.32291425802049434,0.127028,0.2150303582716836,0.127028,0.3062508236756098,0.34938120355437036,0.2909036345286755
sub-13,stim,3,2,36250,41250,True,True,0.39439170856116407,0.3494239336752347,0.30519754443498326,0.4036896521008498,0.131434,0.27023096589854356,0.131434,0.2752410487630364,0.2694363320883925,0.38489138220486524
sub-13,silence,3,0,41250,46250,True,True,0.3764584509537745,0.4986887177719761,0.3319347698897202,0.3685021524274086,0.175262,0.26262228804111776,0.175262,0.2509263181121014,0.2967389971442139,0.44087161182624146
sub-13,stim,4,1,46250,51250,True,True,0.34283928726156077,0.420579523458007,0.3770339000764774,0.36332101636610503,0.15551600000000002,0.24630103149770696,0.15551600000000002,0.33610145107200246,0.31317097986799797,0.34456109442470906
sub-13,stim,4,2,51250,56250,True,True,0.38937427281059817,0.31881339093903827,0.2744966702022669,0.3295592550864923,0.160516,0.23759777120355868,0.160516,0.3249040799634879,0.293157880114226,0.24257676270621786
sub-13,silence,4,0,56250,61250,True,True,0.3311399175472903,0.34287441509018185,0.2975810639219179,0.28173778343232647,0.144618,0.20184716112823994,0.144618,0.28189382284682307,0.333648103054114,0.2278547644217049
sub-13,stim,5,1,61250,66250,True,True,0.27125163097029537,0.3114447730320723,0.3535079110474541,0.2631925636894068,0.16190200000000002,0.30188055291001853,0.16190200000000002,0.28636927695293396,0.2635609361571085,0.313339838228563
sub-13,stim,5,2,66250,71250,True,True,0.35565488763540826,0.3641337814995791,0.36454056712627647,0.24209157186232186,0.146754,0.25448623040773016,0.146754,0.3530124320093833,0.2310168111443559,0.2515935273625247
sub-13,silence,5,0,71250,76250,True,True,0.3749085278502621,0.35653196066377185,0.25109883992552423,0.323146962744448,0.19150999999999999,0.2928146951834163,0.19150999999999999,0.3496099948976797,0.2997816985680143,0.3637188822347411
sub-13,stim,6,1,76250,81250,True,True,0.3496879496088634,0.3117964903650309,0.3177555810968555,0.3029242421419048,0.17255600000000001,0.25541385910691367,0.17255600000000001,0.24932069296186854,0.2342595238056645,0.2883265433607059
sub-13,stim,6,2,81250,86250,True,True,0.26085425873177664,0.33406948184090995,0.25782784795291636,0.28490981891235306,0.158158,0.344191180183104,0.158158,0.2604187026931086,0.3021297024494941,0.3055046564159008
sub-13,silence,6,0,86250,91250,True,True,0.3038761189681921,0.25914128646293505,0.2759471444196658,0.2396699872339024,0.123976,0.22410176445363114,0.123976,0.23513127825606564,0.2688346151872885,0.30848879193676476
sub-13,stim,7,1,91250,96250,True,True,0.2717904586538441,0.21898969350223463,0.2753766872147284,0.263099504898695,0.12503999999999998,0.2299192577351655,0.12503999999999998,0.2981239053252682,0.26857721856403904,0.2936603950344403
sub-13,stim,7,2,96250,101250,True,True,0.27062276550397824,0.2909448750049731,0.24430307154139186,0.3070043381616407,0.127894,0.1465955809388194,0.127894,0.2667431121734094,0.2763420735827227,0.25122996980356943
sub-13,silence,7,0,101250,106250,True,True,0.39096456429749255,0.33954614711844144,0.26856080051757614,0.30955865029704577,0.155296,0.23312943990485102,0.155296,0.20763693511946676,0.32590459688158235,0.3507224821747809
sub-13,stim,8,1,106250,111250,True,True,0.2612241240518537,0.2768085434865424,0.3145994971176059,0.274586799990938,0.160396,0.2675342091894157,0.160396,0.2773441725150923,0.3663314897743092,0.2906590982067879
sub-13,stim,8,2,111250,116250,True,True,0.4027102007260862,0.26953713848736804,0.2511410021876174,0.2924392542435952,0.130828,0.1982746568271702,0.130828,0.45370791264326116,0.29647815808433814,0.2344776457657749
sub-13,silence,8,0,116250,121250,True,True,0.29893014079337804,0.32477839265038255,0.3338399218964854,0.2975240785048201,0.112058,0.19786246060616516,0.112058,0.3499051234214481,0.22399694582609428,0.36055228767885156
sub-13,stim,9,1,121250,126250,True,True,0.35832900832845177,0.3820802204432408,0.3671721751429744,0.38596201218657256,0.254224,0.4057335029384939,0.254224,0.3136691903509772,0.2641778114826978,0.26025981791988245
sub-13,stim,9,2,126250,131250,True,True,0.31611384376581575,0.2907817226360222,0.2195066515234918,0.27659477914822483,0.13930399999999998,0.17332909405029998,0.13930399999999998,0.28485435804818915,0.29824083387831046,0.31098456066986063
sub-13,silence,9,0,131250,136250,True,True,0.37915896336141924,0.26921252501446014,0.25323605276622874,0.2914665699801103,0.174252,0.24492516081752463,0.174252,0.36903383614699586,0.2828991519833167,0.31655287126868825
sub-13,stim,10,1,136250,141250,True,False,0.29354085565736876,0.35996956848942957,0.2563638164405919,0.34794066430383735,0.209178,0.35230138181086945,0.209178,0.2716324568216286,0.2975145345551498,0.267003063939232
sub-13,stim,10,2,141250,146250,True,False,0.2496501593854457,0.3529057817038764,0.23600635767229328,0.30872955296645577,0.19112200000000001,0.30323867072243293,0.19112200000000001,0.2995751772448536,0.3448159824237313,0.33072074354019426
sub-14,stim,1,1,1250,6250,True,True,0.5070000889272851,0.5537327853486773,0.4573148203546239,0.7037400125165914,0.26541400000000004,0.42335141512080027,0.26541400000000004,0.46539931162774373,0.5553768440325932,0.4386725973658947
sub-14,stim,1,2,6250,11250,True,True,0.5289867909825456,0.4764736358518325,0.48549315217764133,0.507792552454928,0.140824,0.19739612576779264,0.140824,0.37036001555727166,0.5172429899323622,0.39177243000913975
sub-14,silence,1,0,11250,16250,True,True,0.48649162692634973,0.46341418572376,0.6275081877159949,0.4553456258201405,0.15757200000000002,0.3060900136202511,0.15757200000000002,0.5448164063211682,0.4682347933807329,0.44557726864760655
sub-14,stim,2,1,16250,21250,True,True,0.5466854793708047,0.5475328763516769,0.464781060735101,0.4368627145784971,0.11034600000000001,0.15195232238308623,0.11034600000000001,0.45937566602927,0.4957536188232187,0.47330031733989353
sub-14,stim,2,2,21250,26250,True,True,0.5721731734301745,0.43864759647825174,0.49127733155037234,0.5046354546956793,0.156488,0.22838606527593364,0.156488,0.6285616737789038,0.488431388758936,0.26652682973336844
sub-14,silence,2,0,26250,31250,True,True,0.39988294157291476,0.4842403653689712,0.5687295144288101,0.4957550395910289,0.12219999999999999,0.22582093851574306,0.12219999999999999,0.37797946735883386,0.3363254299465092,0.5241789006437308
sub-14,stim,3,1,31250,36250,True,True,0.37522813905925145,0.5693882296525629,0.532739610667598,0.5471418790568421,0.13805399999999998,0.18034950042695982,0.13805399999999998,0.5699175428159258,0.4378684290177715,0.38080543461497157
sub-14,stim,3,2,36250,41250,True,True,0.5446306602466698,0.46528086637141924,0.3805706266044197,0.4092028943178754,0.205898,0.2924639630453708,0.205898,0.3905753029415075,0.35691153811285375,0.4553507282637892
sub-14,silence,3,0,41250,46250,True,True,0.4813087834693782,0.4570200080742797,0.4552044600419103,0.4249482348228173,0.131408,0.2238075425306939,0.131408,0.4666526319123791,0.40720586733051706,0.3389645822193216
sub-14,stim,4,1,46250,51250,True,True,0.3802004320558526,0.3444584284182865,0.45781646529412273,0.4487858005242858,0.128054,0.29799321342719853,0.128054,0.44621514636945847,0.2996032950615038,0.3340848508731486
sub-14,stim,4,2,51250,56250,True,True,0.3326151159561861,0.49192749537781155,0.4438793038303853,0.4902374068126467,0.10874600000000001,0.18182697865859268,0.10874600000000001,0.4314816353765032,0.39943178431840354,0.424276056516519
sub-14,silence,4,0,56250,61250,True,True,0.4396748032979613,0.36456030109791215,0.43311246745719706,0.3820461519106415,0.103216,0.2091358842683234,0.103216,0.519485360268088,0.4375570755913351,0.4352340533494414
sub-14,stim,5,1,61250,66250,True,True,0.47358105685007607,0.5383979311317606,0.4675895004937527,0.5529692686956481,0.16403199999999998,0.2970441491202733,0.16403199999999998,0.5301726916493167,0.47109717162084763,0.42050652737604194
sub-14,stim,5,2,66250,71250,True,True,0.45277434038073094,0.5097982020718598,0.4094626472651342,0.45095241312606804,0.15589000000000003,0.29516412798838554,0.15589000000000003,0.42206377261726785,0.4195133159480606,0.5448985666779798
sub-14,silence,5,0,71250,76250,True,True,0.4370649096619487,0.49542499890734454,0.5672288214211204,0.521394142146937,0.09366,0.16266717690542806,0.09366,0.6289791851921183,0.5260572474302694,0.5842605816498724
sub-14,stim,6,1,76250,81250,True,True,0.38587071935928546,0.369210991740092,0.5096654675838264,0.4889738832572921,0.11161399999999999,0.33582214499883917,0.11161399999999999,0.4033512284214579,0.37937347694166507,0.4048492706674322
sub-14,stim,6,2,81250,86250,True,True,0.4168704353298944,0.39597548651261905,0.4006729213606286,0.5588803233968475,0.176172,0.18795416569968248,0.176172,0.4635467884921273,0.3823449598589201,0.4361710924318555
sub-14,silence,6,0,86250,91250,True,True,0.5391595252547182,0.5039781224938475,0.5828653550969541,0.5366958995575933,0.148214,0.23227503849527856,0.148214,0.35737178956955346,0.5768193024683608,0.41111166635645946
sub-14,stim,7,1,91250,96250,True,True,0.5368765580095123,0.5594114842942497,0.45408615363835314,0.4890344975937375,0.103276,0.15542387392010468,0.103276,0.5047445919223447,0.44918876879172925,0.523868355487139
sub-14,stim,7,2,96250,101250,True,True,0.5150835885005209,0.5147526340633228,0.5540132110405644,0.5557180690119441,0.17076999999999998,0.25008094483069887,0.17076999999999998,0.41697967392377355,0.3021601120301662,0.40716962684368196
sub-14,silence,7,0,101250,106250,True,True,0.47692492926657665,0.5761256276086745,0.5067791048471086,0.5636761071370483,0.20814799999999997,0.38002342698640745,0.20814799999999997,0.5536669750079397,0.39620821971603404,0.4264080783512506
sub-14,stim,8,1,106250,111250,True,True,0.43615234209959,0.39341477556756926,0.4304665645783831,0.457960260663701,0.15705799999999998,0.2490967641507149,0.15705799999999998,0.40933945083697315,0.47447214657329406,0.36484729762349616
sub-14,stim,8,2,111250,116250,True,True,0.5477165422905833,0.5059776074484356,0.5311091598038613,0.4801184534208454,0.193106,0.29000113240623643,0.193106,0.49992722166682924,0.42397878437631653,0.4916747824511405
sub-14,silence,8,0,116250,121250,True,True,0.4481224710349727,0.5804654468582899,0.4755119753851318,0.4773796486415706,0.14667200000000002,0.30647753746668227,0.14667200000000002,0.46950601274632975,0.47435865213348954,0.4153035682278122
sub-14,stim,9,1,121250,126250,True,True,0.5034987535698005,0.5475595050318123,0.52136978398023,0.5108351879213628,0.22408999999999998,0.39580211629920453,0.22408999999999998,0.448391759660992,0.4968465232111124,0.3475421858580294
sub-14,stim,9,2,126250,131250,True,True,0.5728053091339899,0.4300904892296689,0.561164537657706,0.5394202295124018,0.14382,0.15832809046876792,0.14382,0.4173307096272161,0.513511458658879,0.5547654661666431
sub-14,silence,9,0,131250,136250,True,True,0.4351442898027483,0.41812836169565315,0.4488127834066762,0.553213287542552,0.17671399999999998,0.24330711856965836,0.17671399999999998,0.5434089268370541,0.5018398264943804,0.4197970629847802
sub-14,stim,10,1,136250,141250,True,False,0.5776342751465313,0.399329017468687,0.48680604260634547,0.5185765651267011,0.133474,0.24674734349234032,0.133474,0.44246352990463333,0.2983944418924021,0.3636508120871407
sub-14,stim,10,2,141250,146250,True,False,0.4870676659863291,0.5102830640404084,0.3111762021450291,0.4948029651809984,0.157624,0.25620433527226916,0.157624,0.4770467256190547,0.4558036868010269,0.34294436634449255
sub-15,stim,1,1,1250,6250,True,True,0.5524433041247464,0.5392077886562984,0.4439232387093997,0.43091601588916967,0.124936,0.2549443153105515,0.124936,0.41937886481337217,0.5522137330619309,0.5795483534798884
sub-15,stim,1,2,6250,11250,True,True,0.4755365620546895,0.5534778838545449,0.3425988100095326,0.3888214130936548,0.151308,0.27031116529383514,0.151308,0.353754468734431,0.48420140369936576,0.5131632431490091
sub-15,silence,1,0,11250,16250,True,True,0.459726208623618,0.48633275088374683,0.541530510224591,0.4547041492273663,0.14110399999999998,0.3235384352410524,0.14110399999999998,0.5336077317921649,0.43332609751751944,0.400066630010359
sub-15,stim,2,1,16250,21250,True,True,0.5312228318303253,0.5065998560599396,0.4724856397249761,0.5968579749453815,0.22741,0.3285371777251585,0.22741,0.544662688664408,0.517292966624577,0.4507545136746501
sub-15,stim,2,2,21250,26250,True,True,0.47017360915588596,0.46003952625403727,0.5163789776832008,0.5920674349209815,0.238278,0.42558976759022643,0.238278,0.46517833708077333,0.47529948686705525,0.3937049021484141
sub-15,silence,2,0,26250,31250,True,True,0.5334140008948336,0.5402813849495094,0.46384574898888614,0.4641389263820186,0.156172,0.2110558888155434,0.156172,0.5280169657058883,0.42584470553671006,0.46882174336297777
sub-15,stim,3,1,31250,36250,True,True,0.5784002903739299,0.482151251365136,0.43081453917829193,0.5640792768731552,0.127118,0.15882173040210706,0.127118,0.38975349051431735,0.34711140859234896,0.4539187453864594
sub-15,stim,3,2,36250,41250,True,True,0.47902794369480445,0.5417436008035491,0.4197108430381303,0.4690654110555084,0.15782,0.3063604722228291,0.15782,0.5466354753306674,0.40283075418321124,0.4754553153915982
sub-15,silence,3,0,41250,46250,True,True,0.5527921815814317,0.4212985857536087,0.468149306641008,0.5594583125838459,0.13369599999999998,0.1456305398928349,0.13369599999999998,0.5051186203191201,0.539169790466056,0.42822601639263497
sub-15,stim,4,1,46250,51250,True,True,0.5524148099085405,0.6027762108173548,0.5124254500725556,0.5537944015287346,0.160756,0.28082681458135694,0.160756,0.4727295709856479,0.39904436079783023,0.4752742028897248
sub-15,stim,4,2,51250,56250,True,True,0.4285298038804923,0.4126788584977375,0.5610284108133312,0.5732249383221898,0.12317,0.16674791525684443,0.12317,0.4121805993136274,0.3681257091073648,0.45339886103263566
sub-15,silence,4,0,56250,61250,True,True,0.4160394958338926,0.49705566205768825,0.5073906772259407,0.4911514028225952,0.143872,0.2814676623954066,0.143872,0.4837341235478686,0.42866206201321516,0.4482813639462722
sub-15,stim,5,1,61250,66250,True,True,0.5580758230403933,0.5331611195113358,0.412057255054229,0.6024889224693879,0.15207600000000002,0.27561806293233376,0.15207600000000002,0.4878857573805059,0.3800774986587216,0.39050042693553577
sub-15,stim,5,2,66250,71250,True,True,0.4486264301351134,0.6157110801010718,0.5457553049825717,0.6001242961090177,0.14035,0.21791881899159665,0.14035,0.43800098038459095,0.46285527004178506,0.450419579352009
sub-15,silence,5,0,71250,76250,True,True,0.4904668495567377,0.5165630606126647,0.47105190627094556,0.5153403443236929,0.130686,0.162948503954807,0.130686,0.47948920025722375,0.4230498797651316,0.5288473126228233
sub-15,stim,6,1,76250,81250,True,True,0.5015195575994499,0.4483790457982518,0.4994309110451126,0.4771285875834256,0.153282,0.20425385811853797,0.153282,0.4033617331273749,0.3945964285439398,0.4173897787489766
sub-15,stim,6,2,81250,86250,True,True,0.6121929702912042,0.4931550700161004,0.46049308054520466,0.4798718238603972,0.187876,0.31514963564143117,0.187876,0.3651765796895921,0.4113710718235381,0.48284197391530415
sub-15,silence,6,0,86250,91250,True,True,0.481225989749107,0.47475754811541393,0.4212604781239899,0.4633843498435668,0.12404,0.23359173567888825,0.12404,0.3547010230960675,0.5118859852862346,0.41133961028258625
sub-15,stim,7,1,91250,96250,True,True,0.5661752342514934,0.5343637552513407,0.43759949818577687,0.49329684133467583,0.16174599999999997,0.2133422289848108,0.16174599999999997,0.43321970187064734,0.43974969320749663,0.3975886449372712
sub-15,stim,7,2,96250,101250,True,True,0.5309055593210199,0.4023360275822804,0.4371943809420755,0.5035087998738225,0.158574,0.24279307251615756,0.158574,0.4864908506246595,0.469455647043403,0.4823733821627125
sub-15,silence,7,0,101250,106250,True,True,0.3472939311442342,0.4500568199529086,0.4988114718319969,0.5968932736279242,0.17971600000000001,0.2805209825104837,0.17971600000000001,0.39124500699944437,0.5770498699713019,0.37122582165964674
sub-15,stim,8,1,106250,111250,True,True,0.4378301417681336,0.43061769907532876,0.5192447705331891,0.56346635115279,0.128998,0.18921246961096463,0.128998,0.36979833920430283,0.403046896359481,0.3725816556409166
sub-15,stim,8,2,111250,116250,True,True,0.5685335826627522,0.4578760156611484,0.3959048338216664,0.5375075767662386,0.126712,0.2220407906244746,0.126712,0.48805800152694895,0.5072318945968364,0.46242035979534435
sub-15,silence,8,0,116250,121250,True,True,0.5038410438203765,0.4147808479729342,0.5501425565121817,0.47667448960368136,0.156612,0.24323818422854124,0.156612,0.46303607070254343,0.5143189243345853,0.3326624972889921
sub-15,stim,9,1,121250,126250,True,True,0.460810755488373,0.5468188251996344,0.3917614872494582,0.6240332661424823,0.14004000000000003,0.2106363270317594,0.14004000000000003,0.42849748489640116,0.36436598277175447,0.4465428322113034
sub-15,stim,9,2,126250,131250,True,True,0.4577059928639119,0.551697144408025,0.6410009629101847,0.4468045411700778,0.11367000000000001,0.2909533146985218,0.11367000000000001,0.5138580094093339,0.47250522388815114,0.43121181420786203
sub-15,silence,9,0,131250,136250,True,True,0.4581871286419145,0.5031070833354248,0.5282986923945878,0.4811003829969496,0.10496,0.11953587048497517,0.10496,0.42906480059519386,0.5024614257078404,0.38270676230803763
sub-15,stim,10,1,136250,141250,True,False,0.3879777796989732,0.5025380033898493,0.39832322318932756,0.4729752257554378,0.13643,0.23636973455735094,0.13643,0.2911196182146955,0.31051026304797885,0.41151389948763717
sub-15,stim,10,2,141250,146250,True,False,0.4879564338420629,0.4825590407154746,0.3904526146666092,0.37171925046051796,0.10245599999999999,0.1837818014445936,0.10245599999999999,0.5175596568616424,0.4972393770558152,0.3493421705682526
sub-16,stim,1,1,1250,6250,True,True,0.4346577484994507,0.4173080779710178,0.5149945960432337,0.480507986217241,0.178306,0.30154253804579034,0.178306,0.3815023952239447,0.40630533719120643,0.5062217079975069
sub-16,stim,1,2,6250,11250,True,True,0.5358519469674938,0.4357909807976688,0.41779996346896753,0.43188748891093626,0.18488,0.25859262413238,0.18488,0.49666937182289017,0.4467672165026583,0.39282382406819777
sub-16,silence,1,0,11250,16250,True,True,0.5741590751248615,0.402445544638103,0.5546060220612233,0.42368700415455407,0.21498799999999998,0.387788968500203,0.21498799999999998,0.5287423816855037,0.3866956196662135,0.41276544511588936
sub-16,stim,2,1,16250,21250,True,True,0.5333774334209664,0.49275470039550145,0.6210462057442441,0.5622573027267225,0.145128,0.3012982940032877,0.145128,0.5290727788652491,0.5256599904740511,0.5604414734705883
sub-16,stim,2,2,21250,26250,True,True,0.5790250294527114,0.47383756110991065,0.3668895073021558,0.57432152927119,0.170318,0.3024864022637216,0.170318,0.4996475967531313,0.4778545491063079,0.4234598222739778
sub-16,silence,2,0,26250,31250,True,True,0.5144788070036153,0.41656389567383556,0.5759197091361025,0.5239035734431375,0.11618400000000001,0.14704982673557704,0.11618400000000001,0.4848385386277282,0.5522167636522513,0.5153932963933119
sub-16,stim,3,1,31250,36250,True,True,0.5234403701346613,0.37215336084933454,0.3308998998195618,0.5163724981986132,0.107686,0.1928611107766705,0.107686,0.6358594941234061,0.5729893139536522,0.5380323797704758
sub-16,stim,3,2,36250,41250,True,True,0.5755402174167605,0.6053741390126035,0.423051530930571,0.5058177492719781,0.111568,0.23661945234625545,0.111568,0.5182920789923509,0.5771288165757841,0.4529675363753568
sub-16,silence,3,0,41250,46250,True,True,0.5722564789124278,0.6230661692355827,0.5207831910235392,0.5294522699301751,0.149604,0.2174582956424711,0.149604,0.47900803496572847,0.5557262370860316,0.41040905921873383
sub-16,stim,4,1,46250,51250,True,True,0.5055547957806098,0.49449928856046826,0.5072894505917767,0.5352004661181922,0.153606,0.2979703784717108,0.153606,0.5530826005870881,0.5463650728145142,0.4844702312026737
sub-16,stim,4,2,51250,56250,True,True,0.583077335502583,0.47826831488984894,0.635333336241668,0.646238497997689,0.122382,0.2692180279599517,0.122382,0.5096038946261169,0.5811249447471086,0.4613715746158808
sub-16,silence,4,0,56250,61250,True,True,0.5236111504326788,0.6722605544218174,0.45979110929207223,0.4705442671764643,0.186176,0.4489826301721952,0.186176,0.5687217090922085,0.6842525363442232,0.5559979056264878
sub-16,stim,5,1,61250,66250,True,True,0.5519726642475024,0.5138860863186343,0.5288463608662126,0.5785898549858668,0.24413,0.44631476380179974,0.24413,0.4520029335778415,0.3940264655701433,0.47640916660478977
sub-16,stim,5,2,66250,71250,True,True,0.49650076507109536,0.5142955138239969,0.4942081397523539,0.6304432477701631,0.107648,0.25508356897306067,0.107648,0.37333116297723273,0.44870729324272146,0.5268017569443006
sub-16,silence,5,0,71250,76250,True,True,0.45495500662689475,0.6048312695793594,0.47803095638884313,0.5479099390865394,0.13308799999999998,0.3179298285144691,0.13308799999999998,0.4796712337224248,0.46081418351594167,0.4445970102081124
sub-16,stim,6,1,76250,81250,True,True,0.557526342824978,0.4491725080257601,0.5667586918824425,0.4216353931890904,0.153868,0.25468443669567764,0.153868,0.5737893360959851,0.45072831702990795,0.4473835702553525
sub-16,stim,6,2,81250,86250,True,True,0.568324692802625,0.6635701351946437,0.5171858308321636,0.6121660853625724,0.127692,0.28638787346842337,0.127692,0.39754102454661755,0.4187081288060392,0.5112427797041754
sub-16,silence,6,0,86250,91250,True,True,0.6512863372087775,0.5212019044440435,0.5242768990367029,0.43921208839801146,0.14455600000000002,0.30815768600077315,0.14455600000000002,0.428052470567777,0.45213516554529265,0.5280609430292119
sub-16,stim,7,1,91250,96250,True,True,0.5171855262916307,0.41496357663102174,0.4523265380586943,0.43590893315629126,0.134314,0.1762897518026801,0.134314,0.46819203759351113,0.44160242172162273,0.40050524244148605
sub-16,stim,7,2,96250,101250,True,True,0.5647477350010124,0.4735795922512967,0.555852096683721,0.49443739450974306,0.152142,0.18864700202215012,0.152142,0.37935480115284276,0.3979133542047634,0.4472684431793391
sub-16,silence,7,0,101250,106250,True,True,0.4082495283378128,0.4132141962293863,0.4181064428115758,0.5177871542763018,0.103516,0.18758411288402857,0.103516,0.5397335761696557,0.5443034712934522,0.5371123368524231
sub-16,stim,8,1,106250,111250,True,True,0.5310430887432628,0.5344088030513803,0.7213470879873373,0.5698727640237385,0.1273,0.3494271429013519,0.1273,0.5734324203148713,0.4532949947099258,0.38594868298541174
sub-16,stim,8,2,111250,116250,True,True,0.5391455189903834,0.6606063220784594,0.4113775939416453,0.5640847981640227,0.28898,0.5094748886193714,0.28898,0.6400647229356502,0.4981994084089034,0.3589035642097007
sub-16,silence,8,0,116250,121250,True,True,0.4400559229392195,0.3963177512672341,0.4264492483074149,0.4741928391824406,0.19055,0.37201740320246485,0.19055,0.4470909520848818,0.3996214408651228,0.40031161175341934
sub-16,stim,9,1,121250,126250,True,True,0.645963383081241,0.5299300635208206,0.580497631722467,0.5932337223596176,0.196118,0.3406277852948831,0.196118,0.4543334154714354,0.6067763230021928,0.6232125423065584
sub-16,stim,9,2,126250,131250,True,True,0.6549045842540522,0.5509497778730015,0.529822665597362,0.6506748340729206,0.094558,0.27005120946872824,0.094558,0.664623232562036,0.6900024201937666,0.6125052653859897
sub-16,silence,9,0,131250,136250,True,True,0.3796906635806199,0.5271482160212642,0.5036456449227973,0.4537713510458948,0.16805399999999998,0.3553820156320441,0.16805399999999998,0.4267858696497685,0.5028336457394311,0.45815510503820334
sub-16,stim,10,1,136250,141250,True,False,0.5545103596523288,0.5102330266354036,0.5515756364402319,0.449734604077836,0.13162200000000002,0.31664493407088395,0.13162200000000002,0.5208807004052389,0.44353402205226833,0.5629527760505257
sub-16,stim,10,2,141250,146250,True,False,0.43046840455328467,0.5924886734002465,0.537216921649502,0.4251286544150924,0.289264,0.43814729900329025,0.289264,0.49899683924104005,0.4357294153736933,0.35542454734614354
sub-17,stim,1,1,1250,6250,True,True,0.7004558536649691,0.6855599210891324,0.7251541000119239,0.8140324990085691,0.20488,0.3374527563506618,0.20488,0.6603962384830789,0.6673486372736908,0.7441993027301897
sub-17,stim,1,2,6250,11250,True,True,0.6760217324269057,0.6779265505237768,0.6796975090776985,0.8544510551314634,0.14507199999999998,0.25551383461556887,0.14507199999999998,0.7495348085897728,0.7006572202164156,0.6587839245189017
sub-17,silence,1,0,11250,16250,True,True,0.6678914665598285,0.6655074186760376,0.71002166559254,0.5023721140274127,0.13686,0.21281298635244603,0.13686,0.6929177472749578,0.7006501360271963,0.6888509893546321
sub-17,stim,2,1,16250,21250,True,True,0.6932920071833653,0.5648227527737629,0.7451931079820056,0.8878353196858985,0.347134,0.5075996548140103,0.347134,0.6713612623926302,0.6866250909484444,0.6535495117531873
sub-17,stim,2,2,21250,26250,True,True,0.6729339833591667,0.6406023883521424,0.7405803935435492,0.8727188141709711,0.31451,0.42591180496377345,0.31451,0.7334618771696655,0.6647776937236257,0.5730235489877975
sub-17,silence,2,0,26250,31250,True,True,0.6737797404257393,0.6347828745479984,0.6786840335832741,0.6581980754851842,0.129622,0.20186067494122084,0.129622,0.6893932262976564,0.756015723723233,0.7355499978801256
sub-17,stim,3,1,31250,36250,True,True,0.770407813745461,0.5838436901257229,0.5334557420924996,0.8173923429439286,0.20829799999999998,0.28712940169803014,0.20829799999999998,0.5952557652107493,0.6769605650250837,0.717976410059632
sub-17,stim,3,2,36250,41250,True,True,0.725552171200122,0.625934658215882,0.759724437870468,0.8025780925774261,0.21087200000000003,0.317998231655387,0.21087200000000003,0.5911150092007833,0.7680587753665569,0.6133300563097176
sub-17,silence,3,0,41250,46250,True,True,0.6377504442723277,0.6832262120512741,0.6745446407222496,0.633743142751772,0.18092399999999997,0.33501037681063933,0.18092399999999997,0.7472371618450535,0.6671862600476248,0.6198669001611874
sub-17,stim,4,1,46250,51250,True,True,0.7166357610149585,0.6917122967416408,0.6318371837808637,0.8421617871458639,0.307484,0.4191854443465186,0.307484,0.6702154377290717,0.6980540312734527,0.6994778697230513
sub-17,stim,4,2,51250,56250,True,True,0.7865395067585496,0.6466728817367301,0.6939959554260772,0.7907351923576803,0.21123400000000003,0.4017110160133385,0.21123400000000003,0.6786168855475231,0.5940802809377707,0.6796452524351126
sub-17,silence,4,0,56250,61250,True,True,0.5886211594716322,0.6706633012773304,0.6068525764813522,0.592489216563875,0.139154,0.19863162912533905,0.139154,0.653602155991638,0.6502237793369305,0.636969847819053
sub-17,stim,5,1,61250,66250,True,True,0.7337370510529937,0.6988265128744318,0.5815334811754024,0.8372500225994418,0.27450800000000003,0.41182231127193136,0.27450800000000003,0.682417849378536,0.7169070258104334,0.6410911018884227
sub-17,stim,5,2,66250,71250,True,True,0.706584220204222,0.6559978207521321,0.7085259771333469,0.7580036653769463,0.34623800000000005,0.5296161705003919,0.34623800000000005,0.6280199209991464,0.7357250365705401,0.7456304411811899
sub-17,silence,5,0,71250,76250,True,True,0.6253155261811593,0.6821359589198775,0.5793122303995296,0.6615756361909148,0.13930999999999996,0.21271200200122284,0.13930999999999996,0.6911467131972563,0.5213112349922562,0.689797563118522
sub-17,stim,6,1,76250,81250,True,True,0.6584447102176787,0.7574144320490117,0.7030320218458099,0.8009877604491729,0.274168,0.35619671444575507,0.274168,0.6732558806788742,0.6450394046656007,0.6025127715551472
sub-17,stim,6,2,81250,86250,True,True,0.6057759148183951,0.6422600597119168,0.703605785122085,0.8582666978245137,0.21092,0.3996906036477742,0.21092,0.706379347784337,0.6106922376715425,0.6431730565822038
sub-17,silence,6,0,86250,91250,True,True,0.7277865445237967,0.6533659447340816,0.6465906630675541,0.6571317375005227,0.17282399999999998,0.2340961290100073,0.17282399999999998,0.6445827265969509,0.6474171356311484,0.668809540028073
sub-17,stim,7,1,91250,96250,True,True,0.7698213314903865,0.6910345957773069,0.7733727103941723,0.814869012410407,0.26858800000000005,0.366525012030625,0.26858800000000005,0.6486087684481927,0.7612236327602574,0.6964206246089423
sub-17,stim,7,2,96250,101250,True,True,0.6789524167353123,0.591053219115417,0.5734436471060864,0.7478681675253802,0.33784600000000004,0.47150720943749036,0.33784600000000004,0.6124856620324931,0.678022389260577,0.6260338754271214
sub-17,silence,7,0,101250,106250,True,True,0.6859498295021957,0.675415650901873,0.7795854341695636,0.7881271217814809,0.13256,0.2285621351956371,0.13256,0.7129470870462036,0.7282329644726495,0.7390854301168729
sub-17,stim,8,1,106250,111250,True,True,0.6535467516304979,0.6198839790559522,0.7253839343600386,0.8425879891497573,0.210734,0.2853703346643492,0.210734,0.7327020095392155,0.6593764969055351,0.6630595446471717
sub-17,stim,8,2,111250,116250,True,True,0.6546297426708613,0.7521140123559985,0.6405459051727856,0.8820126402606112,0.392454,0.5087411322294422,0.392454,0.6377897972442749,0.6697534190624913,0.7116490511240271
sub-17,silence,8,0,116250,121250,True,True,0.5948981156534288,0.5990984013309817,0.609958239711903,0.6042387695608679,0.19149999999999998,0.268423562905274,0.19149999999999998,0.7189530373506927,0.6074022421493859,0.7068984586089138
sub-17,stim,9,1,121250,126250,True,True,0.7865475441807441,0.6343113054435017,0.5819729656906046,0.8262615801336536,0.327598,0.5045244852697879,0.327598,0.7224147526903565,0.6043376297089782,0.6023894014390718
sub-17,stim,9,2,126250,131250,True,True,0.6958320439491811,0.5256310657517855,0.6733578997382687,0.8518584518837321,0.152988,0.21818919807050188,0.152988,0.5557683677749768,0.6020097041440545,0.601254465670909
sub-17,silence,9,0,131250,136250,True,True,0.7852123637598056,0.7325205739716271,0.6683264668386932,0.6999947453672307,0.18204399999999998,0.2637543230430661,0.18204399999999998,0.6527083848161642,0.6903214584849577,0.6234332704911784
sub-17,stim,10,1,136250,141250,True,False,0.6772559246364617,0.7010074659418205,0.6935475599013776,0.8331540485854748,0.24315199999999998,0.39347188283518875,0.24315199999999998,0.6485640298178271,0.5931458884782002,0.6494220849807745
sub-17,stim,10,2,141250,146250,True,False,0.678915213826937,0.7174115172225319,0.5839136393631715,0.7453083989265697,0.20396799999999998,0.30747213919164906,0.20396799999999998,0.6615192439644235,0.6403296975111837,0.6931675711199968
sub-18,stim,1,1,1250,6250,True,True,0.5789790602653463,0.43371756977263876,0.5112977010878506,0.4752798359490702,0.15713,0.2659791796740657,0.15713,0.437617735333075,0.45458080656660804,0.4348503817519026
sub-18,stim,1,2,6250,11250,True,True,0.4828337383338886,0.5550478329917016,0.447450695765617,0.47433358461056846,0.17479399999999998,0.3255500021903218,0.17479399999999998,0.4540516172861959,0.4960920452990799,0.42883062365386565
sub-18,silence,1,0,11250,16250,True,True,0.38657411730574637,0.38551624103762505,0.48722620034310227,0.39176769926678545,0.214016,0.3425019583653514,0.214016,0.4466887384968851,0.41941256837993,0.4242443197225213
sub-18,stim,2,1,16250,21250,True,True,0.38197114851416236,0.4654663203412671,0.6072977751405763,0.5557432516277576,0.23515999999999998,0.39726378858358247,0.23515999999999998,0.43586494138889065,0.5704200371176887,0.49909172501105176
sub-18,stim,2,2,21250,26250,True,True,0.4733282851283658,0.4564357820040179,0.4810926265721801,0.44107754647262337,0.19711399999999998,0.2977978375603445,0.19711399999999998,0.4822511962231144,0.36664608395108667,0.3729032219316544
sub-18,silence,2,0,26250,31250,True,True,0.3922504261821544,0.38565359490653534,0.427451086735474,0.3815917100971815,0.190068,0.3235663883046987,0.190068,0.3533997425868117,0.4061688696232932,0.44836257604868435
sub-18,stim,3,1,31250,36250,True,True,0.560103261577252,0.5007063646695208,0.4253841773837264,0.47874734977562095,0.198446,0.34261192978053423,0.198446,0.4148549324585427,0.5365758348846272,0.3755930755276019
sub-18,stim,3,2,36250,41250,True,True,0.42808132343367034,0.4209069115171644,0.4484962686503171,0.41416765439477615,0.21209000000000003,0.324262263457276,0.21209000000000003,0.49549841076107126,0.3817059408724863,0.44379662044911056
sub-18,silence,3,0,41250,46250,True,True,0.3532199485407238,0.3873750863893667,0.3465453365035711,0.38220338683991656,0.143902,0.21110570296888617,0.143902,0.38463170037419997,0.3821539421800653,0.3552200637945488
sub-18,stim,4,1,46250,51250,True,True,0.3966471505537447,0.41984314984082444,0.4384007666224775,0.40111876355580633,0.171696,0.34806320596549534,0.171696,0.42566041280794453,0.3556448757125398,0.4125627249586323
sub-18,stim,4,2,51250,56250,True,True,0.46406138066556424,0.4458240056686937,0.4486760530137171,0.41361892144332757,0.176384,0.3022250337831446,0.176384,0.5845942517567579,0.5242368728378706,0.4701931960483663
sub-18,silence,4,0,56250,61250,True,True,0.30391679733021426,0.4245400546243637,0.3325352910349267,0.3772680137109105,0.20803999999999997,0.3991737103725348,0.20803999999999997,0.4708781169593222,0.5089570786711696,0.39011240216402937
sub-18,stim,5,1,61250,66250,True,True,0.3809927044186807,0.39134169953811765,0.49295601665432687,0.47504203611701046,0.316924,0.41206313329746336,0.316924,0.35473354728703455,0.4457317732407091,0.37917329163211305
sub-18,stim,5,2,66250,71250,True,True,0.48258993852492366,0.4341214881041273,0.4283145974980357,0.37289655367130853,0.16970399999999997,0.29297771189163546,0.16970399999999997,0.4506079393954694,0.3766520825892528,0.41610665887265486
sub-18,silence,5,0,71250,76250,True,True,0.4885934316252096,0.33929437267898505,0.37214893906988034,0.4401023462291305,0.15770399999999998,0.3064207513488722,0.15770399999999998,0.421010009423946,0.4081146975360821,0.37953909344202913
sub-18,stim,6,1,76250,81250,True,True,0.4203837649227352,0.43288177835645336,0.36692094641512923,0.42120269431231533,0.153966,0.2949479130582185,0.153966,0.3493198253639506,0.4382429973522872,0.36975145747830673
sub-18,stim,6,2,81250,86250,True,True,0.3671004814123219,0.39288756160378613,0.44820349985914804,0.4813899249068369,0.23267799999999997,0.4502784972115995,0.23267799999999997,0.4870984502129812,0.36608505348740367,0.3919225987299634
sub-18,silence,6,0,86250,91250,True,True,0.4328107900303917,0.400062116382572,0.42232170602322383,0.4073167248434528,0.22384199999999999,0.3360455208587348,0.22384199999999999,0.3969006302712102,0.41507411276785644,0.3747456508822475
sub-18,stim,7,1,91250,96250,True,True,0.4604573707497574,0.4909958236149003,0.5291288998685388,0.4876028270357525,0.149448,0.2696044435632785,0.149448,0.32784895613356724,0.5274985823674047,0.48525513436330625
sub-18,stim,7,2,96250,101250,True,True,0.3997827515592786,0.5922232009573402,0.4147404922945023,0.44187611579427966,0.15487399999999998,0.23735916086858444,0.15487399999999998,0.4393592962248055,0.3177132393015384,0.4403288772560103
sub-18,silence,7,0,101250,106250,True,True,0.44532897168981556,0.4321519677601083,0.3629430386477794,0.42226033893544596,0.26618400000000003,0.3793598347272639,0.26618400000000003,0.38891814868610497,0.4044427606024398,0.3559205800136509
sub-18,stim,8,1,106250,111250,True,True,0.4833099189584138,0.4231149727941917,0.5080994165360415,0.4476867526643337,0.135852,0.2545632945200399,0.135852,0.48450609367125497,0.5506018654772731,0.4783158874200966
sub-18,stim,8,2,111250,116250,True,True,0.5192830057602238,0.4365830667886351,0.38088081798837153,0.43119572811360185,0.128874,0.17035438177974896,0.128874,0.4358196037713478,0.38532974129988956,0.5037293874207784
sub-18,silence,8,0,116250,121250,True,True,0.49004451930550097,0.4412164918320835,0.4749368742414994,0.34196570347095284,0.19584199999999996,0.3676472245981695,0.19584199999999996,0.3920193646951921,0.44122049753509995,0.4227080397159316
sub-18,stim,9,1,121250,126250,True,True,0.48146173401336995,0.5128544058619011,0.3992061776896291,0.4769996404520751,0.17643599999999998,0.2984527663247063,0.17643599999999998,0.49106370013568507,0.42867857576223733,0.443386845513986
sub-18,stim,9,2,126250,131250,True,True,0.41133527146874166,0.4012048050179209,0.5031459146944032,0.3970642159302015,0.14962,0.24668836446075823,0.14962,0.42483550734002795,0.45324819469559896,0.4051900415146191
sub-18,silence,9,0,131250,136250,True,True,0.4342976433134544,0.5135577270725915,0.42045200128706367,0.4601080018516278,0.28342,0.4665052646009596,0.28342,0.41505482382663916,0.35810914004262145,0.4096349774889169
sub-18,stim,10,1,136250,141250,True,False,0.33627693218308174,0.5077611521725454,0.4094986931467708,0.42217167846776216,0.21501,0.361457247762754,0.21501,0.45513250494978985,0.46372879609788276,0.3669489959384177
sub-18,stim,10,2,141250,146250,True,False,0.39864041545290646,0.44203185844014903,0.4222561026972906,0.44306520421872314,0.23233599999999996,0.3750958729907727,0.23233599999999996,0.425395179144285,0.4845432317809126,0.3981147512852698
sub-19,stim,1,1,1250,6250,True,True,0.8757562090889732,0.8421822535803233,0.8709964044809915,0.9819926481330735,0.3699299999999999,0.5014043175428609,0.3699299999999999,0.7779168084282854,0.7809136170448244,0.8038757203579919
sub-19,stim,1,2,6250,11250,True,True,0.833799322772533,0.7639537523081876,0.7951295345866386,0.9308330038395366,0.25141600000000003,0.462389593779477,0.25141600000000003,0.6935618278777997,0.7506067729343451,0.709878943735493
sub-19,silence,1,0,11250,16250,True,True,0.7777215709696996,0.7135880318544481,0.7125813746301987,0.7857538860294162,0.16061799999999998,0.2453465360447498,0.16061799999999998,0.7862068890200575,0.7192402756059871,0.7191209343596762
sub-19,stim,2,1,16250,21250,True,True,0.7710165023909258,0.8356211495077247,0.7410768452699469,0.9223106403850295,0.25754600000000005,0.4652390546083403,0.25754600000000005,0.8922672185581904,0.7258755449573413,0.7617164775406041
sub-19,stim,2,2,21250,26250,True,True,0.7286935438463656,0.8715278140521943,0.8114352732568939,0.9613042823183818,0.3409480000000001,0.471531466135865,0.3409480000000001,0.7535158838374924,0.8523198640554521,0.7769227624808469
sub-19,silence,2,0,26250,31250,True,True,0.7212917407040831,0.7739775222010121,0.6894102336003958,0.7896443599444041,0.086166,0.29050776609294116,0.086166,0.7323592831522209,0.800948568627146,0.7909571664067886
sub-19,stim,3,1,31250,36250,True,True,0.78084481165781,0.7512840468440369,0.7547476040721506,0.9644898973708911,0.2722,0.4407252741214415,0.2722,0.7881588008495374,0.6710021272821316,0.7435333920918055
sub-19,stim,3,2,36250,41250,True,True,0.8061441206049753,0.7458725002655856,0.7591714076540095,0.9498293866572394,0.3799679999999999,0.5409860463323387,0.3799679999999999,0.7784532149120323,0.7198759153561292,0.6739440385378694
sub-19,silence,3,0,41250,46250,True,True,0.7644316644697787,0.7976235559609299,0.7319115539857626,0.8026377980325369,0.131778,0.2152512360043218,0.131778,0.8224785420441821,0.718266293560895,0.6571994020434626
sub-19,stim,4,1,46250,51250,True,True,0.8547507178686515,0.821569153487103,0.8471250589101189,0.9710602803988033,0.31335999999999997,0.49758710786620625,0.31335999999999997,0.8207704709654547,0.7274430665652915,0.8391100736950773
sub-19,stim,4,2,51250,56250,True,True,0.7326668984267124,0.7881893888191446,0.7692870449776323,0.9407273360009359,0.48166,0.6523721120763551,0.48166,0.7912784834552525,0.6437427198814092,0.6661244093831595
sub-19,silence,4,0,56250,61250,True,True,0.776779718277827,0.8167109096241674,0.6796704291992453,0.756133211342742,0.159828,0.3670022766797469,0.159828,0.8127424864861196,0.6829414735282814,0.7225158394984221
sub-19,stim,5,1,61250,66250,True,True,0.7493515150807386,0.7338842310495701,0.6989031331889461,0.9555617697187111,0.370112,0.49571905319549603,0.370112,0.805714149860533,0.7704050957838894,0.7235440557596593
sub-19,stim,5,2,66250,71250,True,True,0.7916286685777504,0.8791053646611127,0.7487702971413062,0.881148224280352,0.263928,0.4395727159630613,0.263928,0.8188139939169663,0.7779733818869391,0.858804708909222
sub-19,silence,5,0,71250,76250,True,True,0.7421679030644467,0.6970182718182751,0.8365176364005481,0.8005140197242003,0.13207000000000002,0.2232003633955067,0.13207000000000002,0.7820391780989382,0.7064398724956277,0.729493623247933
sub-19,stim,6,1,76250,81250,True,True,0.7166394000700936,0.6607421212751384,0.6122238646604463,0.9041651066586013,0.244696,0.3782174635794762,0.244696,0.7858852369194289,0.784378493281077,0.6382410823528456
sub-19,stim,6,2,81250,86250,True,True,0.7439262391819522,0.8049702013594768,0.7674143086895601,0.9628192942225015,0.303544,0.42282180700150007,0.303544,0.7318231410034594,0.796352878188818,0.7794072472961602
sub-19,silence,6,0,86250,91250,True,True,0.8259111736558232,0.57476942729875,0.7007368882594087,0.7645504356833891,0.20552999999999996,0.1958406974982124,0.20552999999999996,0.8503419889697571,0.6521360308524092,0.7601908858437031
sub-19,stim,7,1,91250,96250,True,True,0.760641192749927,0.7946854947424024,0.7762709797067343,0.8955627215159647,0.322162,0.530879892171696,0.322162,0.708046419623534,0.7351977465419721,0.7194160266096362
sub-19,stim,7,2,96250,101250,True,True,0.7634925001413398,0.7278209586114477,0.7354156766860365,0.8927507689577816,0.329512,0.4820353741799513,0.329512,0.7108322655097438,0.8422767324753226,0.800632177944361
sub-19,silence,7,0,101250,106250,True,True,0.8420497051284198,0.7255157983462616,0.74987212052444,0.8003229811208178,0.119678,0.19132445801122344,0.119678,0.7570590790118495,0.7466412362037506,0.7984539648166998
sub-19,stim,8,1,106250,111250,True,True,0.6982701140869776,0.7635352221182039,0.7241287712457145,0.8993151616440591,0.281684,0.39576135652041294,0.281684,0.744627194067806,0.6629990060324329,0.7465853231880695
sub-19,stim,8,2,111250,116250,True,True,0.7753709785415664,0.7687763985595482,0.7168817411393701,0.8548386723495546,0.404384,0.5816366186686858,0.404384,0.7965708671358304,0.6595691627357764,0.7675993796692678
sub-19,silence,8,0,116250,121250,True,True,0.7589636766842526,0.7302268173496114,0.776317988495839,0.6850441893891696,0.136322,0.2814158473882691,0.136322,0.7555081415428796,0.6938015815615072,0.7337783261037952
sub-19,stim,9,1,121250,126250,True,True,0.8207334998408998,0.6928121464143732,0.7368120411336097,0.9189900958650155,0.30166600000000005,0.48612318193643006,0.30166600000000005,0.6964665659891206,0.6802161500028063,0.690544061990574
sub-19,stim,9,2,126250,131250,True,True,0.7145890836159079,0.6906674018199327,0.7539033559724865,0.901901923875143,0.297672,0.4511694667412315,0.297672,0.7489192361552864,0.7038084880467034,0.8544052855343176
sub-19,silence,9,0,131250,136250,True,True,0.6929046707646385,0.6419285231177397,0.747066173385027,0.7503714143491035,0.064486,0.21772874436438927,0.064486,0.5519954678446558,0.7491102029096512,0.7419685835509785
sub-19,stim,10,1,136250,141250,True,False,0.7323717127191142,0.78034201225533,0.6419894831844408,0.8697167293738205,0.40839200000000003,0.5476640713363746,0.40839200000000003,0.7751458053442181,0.8101126122167895,0.6837085545361945
sub-19,stim,10,2,141250,146250,True,False,0.7589850948831234,0.7845322538129059,0.7976966413640606,0.8818799736955151,0.19527999999999998,0.22139825059469878,0.19527999999999998,0.7278476358052224,0.7295093672472052,0.7766339582164005
sub-20,stim,1,1,1250,6250,True,True,0.6785668450157804,0.7254061086583544,0.8142655743377154,0.7875139981913297,0.254646,0.4910224813665917,0.254646,0.5583085234926959,0.6892486253767067,0.6586038807548488
sub-20,stim,1,2,6250,11250,True,True,0.7039361233167639,0.7499788685322126,0.7249025623564671,0.6508839092284424,0.16038400000000003,0.26610628252639984,0.16038400000000003,0.651798604980302,0.689984831384881,0.598427772899573
sub-20,silence,1,0,11250,16250,True,True,0.675926704897351,0.558963003759125,0.6072177533721121,0.7012959539882092,0.20255000000000004,0.29483402570023715,0.20255000000000004,0.5926862756106277,0.6133735344599732,0.5769648346374292
sub-20,stim,2,1,16250,21250,True,True,0.647981350317215,0.5509155786907021,0.564553738948469,0.5458123670859892,0.17528,0.20074314185626574,0.17528,0.549551281904412,0.6551055976612425,0.645365883167866
sub-20,stim,2,2,21250,26250,True,True,0.6607067131219155,0.6106467147627945,0.6225891883582654,0.5766582367554972,0.205592,0.31705293263516754,0.205592,0.6802703406838024,0.546530531191706,0.46239801973869654
sub-20,silence,2,0,26250,31250,True,True,0.5877466515925113,0.6456422916241871,0.6167906106051118,0.5473660533688018,0.214836,0.32011025806807825,0.214836,0.6175667714583212,0.6369692374519879,0.524442658550685
sub-20,stim,3,1,31250,36250,True,True,0.7772315069148612,0.60006702076401,0.6234534780153834,0.7031684451702549,0.10969799999999999,0.22800729603132194,0.10969799999999999,0.5736467561834327,0.6877268655252766,0.6308230271880175
sub-20,stim,3,2,36250,41250,True,True,0.7166217454506432,0.5869091344365742,0.4926388416588947,0.5314163614278391,0.217558,0.41022581940698893,0.217558,0.664379051183453,0.5786200063925492,0.6392865250485985
sub-20,silence,3,0,41250,46250,True,True,0.49126631525216896,0.5537982848143321,0.5657099862989484,0.5088456391108439,0.137804,0.17526570539867892,0.137804,0.5644213853964212,0.6832639628487621,0.46663728922497866
sub-20,stim,4,1,46250,51250,True,True,0.5449792811794592,0.537355084819334,0.49818655075244705,0.683234607917859,0.13954799999999998,0.25086512374924885,0.13954799999999998,0.5396814755428844,0.5097003588980349,0.5081019053110848
sub-20,stim,4,2,51250,56250,True,True,0.5133720265870629,0.5013727292116157,0.5383231274397247,0.7272632997140827,0.153228,0.31184486317339283,0.153228,0.44418752635476283,0.6365041905239087,0.6064212666461448
sub-20,silence,4,0,56250,61250,True,True,0.590561180978585,0.6576614272434758,0.5664201158392368,0.6011172627586947,0.18628599999999998,0.27816347340238273,0.18628599999999998,0.5756798605670119,0.5831838487482699,0.5773343002916415
sub-20,stim,5,1,61250,66250,True,True,0.6773470489170629,0.671882133321817,0.5701955625108295,0.737791713338151,0.23503999999999997,0.41278028906842396,0.23503999999999997,0.6079921607711738,0.4638472841783357,0.6545941258535017
sub-20,stim,5,2,66250,71250,True,True,0.5911072498517699,0.6545933583649048,0.6105573329027629,0.6437510683194612,0.132414,0.25068226514833747,0.132414,0.4866587072845236,0.5951351592950617,0.5987918078539978
sub-20,silence,5,0,71250,76250,True,True,0.6009646004315833,0.42735384101894924,0.5569450637556449,0.5404047327979136,0.141448,0.36141090105940266,0.141448,0.4497423654306857,0.4027129761584962,0.6458484599351826
sub-20,stim,6,1,76250,81250,True,True,0.6371806189990136,0.6450899607975694,0.5699429447088025,0.7102678006164957,0.11361,0.17332099960698344,0.11361,0.6691990086222768,0.5699792469465521,0.5952851522807735
sub-20,stim,6,2,81250,86250,True,True,0.6496112591703994,0.5610749791592144,0.5462964516112975,0.7446203064400164,0.11595400000000002,0.2800106439359137,0.11595400000000002,0.49816731830094313,0.6240681323295713,0.5962910856430644
sub-20,silence,6,0,86250,91250,True,True,0.7057192090793584,0.6510310270727928,0.7282094316439225,0.5592058080749367,0.20348,0.30533081120024885,0.20348,0.5451218153539991,0.5527768857079637,0.4917051955315182
sub-20,stim,7,1,91250,96250,True,True,0.7289861220000035,0.49250138267849025,0.628083333173871,0.5481128991949809,0.134554,0.2895235729053332,0.134554,0.6592098506374111,0.5481391069530551,0.6335373624242504
sub-20,stim,7,2,96250,101250,True,True,0.6536005903600077,0.6207757937997784,0.7146607886996665,0.6590444478184933,0.11774799999999999,0.2022560666330417,0.11774799999999999,0.6559689052252285,0.645631185633151,0.5464998714730881
sub-20,silence,7,0,101250,106250,True,True,0.5864403665069924,0.5617965386308392,0.5886867843975214,0.5840951803179573,0.125472,0.20188942573114432,0.125472,0.4146283557377265,0.631521668902684,0.5009955846452676
sub-20,stim,8,1,106250,111250,True,True,0.5946623169227011,0.5754423366304694,0.5436244335872145,0.6407181981770294,0.17704999999999999,0.36098464271856756,0.17704999999999999,0.5338912712066501,0.5114518771629537,0.5190181979348835
sub-20,stim,8,2,111250,116250,True,True,0.4733588823929688,0.5509202282273801,0.6258848969977221,0.46901362176197364,0.12221,0.2093015640835631,0.12221,0.5199889698121284,0.6308781531164361,0.578718887015278
sub-20,silence,8,0,116250,121250,True,True,0.6074101317367834,0.5572058715826693,0.5133558998892415,0.5693047223749808,0.12397999999999999,0.23362003115382435,0.12397999999999999,0.5857514244080516,0.6011732721556267,0.5879793974351966
sub-20,stim,9,1,121250,126250,True,True,0.4734707827008088,0.5720763846593211,0.5691510823660918,0.5811071322439684,0.10242799999999999,0.16796660993350632,0.10242799999999999,0.6544247233825289,0.6319056274151492,0.537551983101855
sub-20,stim,9,2,126250,131250,True,True,0.522912700946953,0.5739212279802249,0.6096815737311022,0.531845234936659,0.149586,0.25568754633758073,0.149586,0.46100765171530483,0.595925042651167,0.6272076242012737
sub-20,silence,9,0,131250,136250,True,True,0.4281481303819902,0.6233621760659092,0.6940068160143656,0.4083854156632779,0.11481400000000001,0.19462482381516671,0.11481400000000001,0.6092933018910167,0.6142584627682769,0.46747391471035354
sub-20,stim,10,1,136250,141250,True,False,0.5448410739996021,0.6362955798916443,0.5917661777938783,0.6358586941591764,0.2199,0.3727124310004993,0.2199,0.6024495566687684,0.5452651627750336,0.5665341561852809
sub-20,stim,10,2,141250,146250,True,False,0.5190954218542191,0.5902989515483885,0.5806738296800904,0.6440208797343699,0.240516,0.30919184723605736,0.240516,0.534992464581919,0.6387497659399781,0.6191859495669704
sub-21,stim,1,1,1250,6250,True,True,0.42320572822353086,0.4083227510699161,0.42901188916067595,0.6590312837099145,0.18935200000000002,0.32095084164268217,0.18935200000000002,0.37597829363800783,0.349301246612754,0.36048131385276
sub-21,stim,1,2,6250,11250,True,True,0.538035504512088,0.5215330124578856,0.3725491510847672,0.5989593334405864,0.142016,0.1957930248743015,0.142016,0.337095330312525,0.48275161356286644,0.351422292220212
sub-21,silence,1,0,11250,16250,True,True,0.47346592666888726,0.4561968555883421,0.425676859887973,0.38583511742845006,0.217314,0.33694688482542856,0.217314,0.43782041545752853,0.4964469248559425,0.4746310110307381
sub-21,stim,2,1,16250,21250,True,True,0.39644828874885235,0.44055387938384344,0.5064411377600437,0.5370388079679198,0.20084000000000002,0.28931174723890934,0.20084000000000002,0.5159834680719244,0.389153825949629,0.3507960455179175
sub-21,stim,2,2,21250,26250,True,True,0.5278472653668258,0.4470878166218727,0.4149850880568263,0.5784530451945203,0.21248400000000003,0.32258045570169924,0.21248400000000003,0.35688080205788103,0.3266324403670015,0.39376308875857946
sub-21,silence,2,0,26250,31250,True,True,0.45772094326555385,0.3924126616095754,0.4278131147404342,0.31980040546187927,0.13341799999999998,0.2665573742259549,0.13341799999999998,0.398066690992399,0.3001536022578757,0.32191606484582336
sub-21,stim,3,1,31250,36250,True,True,0.3716365392371813,0.35259872403486875,0.48054007254118397,0.5316222943612479,0.139228,0.254004468273932,0.139228,0.4081559437423509,0.34256030946223537,0.46455559418341497
sub-21,stim,3,2,36250,41250,True,True,0.3877309415696073,0.4557887350925446,0.37396378451329215,0.6616250019811096,0.13686,0.19179305035384664,0.13686,0.4607719858101265,0.44543328924511955,0.36348827061792244
sub-21,silence,3,0,41250,46250,True,True,0.334244380973303,0.3667851789141072,0.3057517271709237,0.3358862058655876,0.131832,0.1972379141696052,0.131832,0.4506064633518277,0.4128629806029592,0.435787007813937
sub-21,stim,4,1,46250,51250,True,True,0.42554384845407756,0.33518673250916414,0.3321212354052887,0.5726326790255543,0.184728,0.27015390447872895,0.184728,0.39221760854814575,0.33211021991683604,0.3806045347308428
sub-21,stim,4,2,51250,56250,True,True,0.36204936115285086,0.3630093595392796,0.458038533852588,0.6010292451391426,0.161644,0.2780486652691526,0.161644,0.30464674750168297,0.2509535488197686,0.31909151212909787
sub-21,silence,4,0,56250,61250,True,True,0.35538996599651557,0.3554558818604295,0.29977422591750413,0.37396924847190655,0.14953200000000003,0.23056959859163448,0.14953200000000003,0.29213263755959723,0.34443832588833195,0.2710334171868024
sub-21,stim,5,1,61250,66250,True,True,0.31921274116659887,0.35014892848183793,0.26263896095647005,0.4707345827801085,0.159968,0.2382428800660465,0.159968,0.3104317980658477,0.4267691901323582,0.27510746385026863
sub-21,stim,5,2,66250,71250,True,True,0.3464983259486498,0.3000616089962724,0.4683567870363504,0.5571335190454643,0.144658,0.21794071043685662,0.144658,0.3077001921691212,0.3572259295410439,0.3894425108477587
sub-21,silence,5,0,71250,76250,True,True,0.428340461235738,0.4100167588670425,0.32529961824188214,0.33093794427574524,0.11234400000000001,0.18113631205846928,0.11234400000000001,0.3895438175958017,0.40324575475039315,0.3686441475480461
sub-21,stim,6,1,76250,81250,True,True,0.35351462694438524,0.3520433162170139,0.36361856398411374,0.5451034441477315,0.189448,0.21489268419562127,0.189448,0.3132204774602847,0.3797769925392036,0.41654470667588855
sub-21,stim,6,2,81250,86250,True,True,0.4233166485426747,0.43407362308360037,0.4170243940204972,0.492540516460539,0.153802,0.2718385060604561,0.153802,0.303075344350657,0.32091528541923986,0.2956485922075739
sub-21,silence,6,0,86250,91250,True,True,0.4283041723663972,0.3299831351746356,0.3068312302477654,0.30614182666215956,0.16005,0.2755081174908557,0.16005,0.25287011657375813,0.3303418416865481,0.30841203456296523
sub-21,stim,7,1,91250,96250,True,True,0.3471577017582772,0.34330411403236494,0.3820629823014006,0.4534348199862373,0.137096,0.2212254622379606,0.137096,0.39552106207140225,0.3977875131478496,0.26532399555432107
sub-21,stim,7,2,96250,101250,True,True,0.3910785879161372,0.3302376511446986,0.49048640251135756,0.49833631625051006,0.22046799999999997,0.29510131859610944,0.22046799999999997,0.30453102492707684,0.33284679133193706,0.31988796193372876
sub-21,silence,7,0,101250,106250,True,True,0.3425467126253477,0.37583404265072073,0.3538185024212692,0.3460942044947397,0.131604,0.20109224797854508,0.131604,0.4076172637364492,0.38977694890411174,0.38462627126354143
sub-21,stim,8,1,106250,111250,True,True,0.35527531795508666,0.3434335330351134,0.3341200778675163,0.46130924799714274,0.182332,0.22425545303506772,0.182332,0.4247369988618848,0.2956474603983777,0.3886775070685853
sub-21,stim,8,2,111250,116250,True,True,0.29385035191038805,0.2949505307320408,0.3872330948948603,0.4896006607780757,0.138768,0.2275872051410041,0.138768,0.3242781094721539,0.38444827669817205,0.4710605593671022
sub-21,silence,8,0,116250,121250,True,True,0.3869187833254908,0.3603442425988866,0.31974261169856943,0.27890943542639896,0.139902,0.21843310253069403,0.139902,0.38845040288790456,0.5133498344469923,0.3518107526924528
sub-21,stim,9,1,121250,126250,True,True,0.2703662377439473,0.26814213991687885,0.3659911930183607,0.5990103337004866,0.16322200000000003,0.3059798759151192,0.16322200000000003,0.3476920402331126,0.3220945457667429,0.2390556940299372
sub-21,stim,9,2,126250,131250,True,True,0.4108325195581468,0.4019466757570474,0.3715564770301512,0.31400857505316354,0.167684,0.3313611503241124,0.167684,0.32036552518993333,0.3099854452764943,0.36434555773296695
sub-21,silence,9,0,131250,136250,True,True,0.33904163370782037,0.33202571307693374,0.351067324409146,0.3965928721350947,0.13036,0.21828581628332658,0.13036,0.3143806760066317,0.41047496371786407,0.2525869441276971
sub-21,stim,10,1,136250,141250,True,False,0.312927848284941,0.3743214927827762,0.325652465137421,0.43988872106726873,0.19097,0.3473206682604683,0.19097,0.38700519467344097,0.36024412104869824,0.3489788166726025
sub-21,stim,10,2,141250,146250,True,False,0.4136207103584861,0.35049776284912637,0.38511740202906725,0.4492435813209563,0.177928,0.34768534207252033,0.177928,0.33678819243384356,0.3967836104879441,0.3659095527222502
sub-22,stim,1,1,1250,6250,True,True,0.395286555060926,0.37993731408669573,0.4910512464579591,0.5863186479956787,0.317464,0.5315247170976284,0.317464,0.550244299110964,0.41791323526982815,0.5294129662561495
sub-22,stim,1,2,6250,11250,True,True,0.3939689858396116,0.507973674963207,0.5059982116988894,0.5767883631975473,0.177532,0.25400683749064557,0.177532,0.5282828625525516,0.4108805298191629,0.5799569744386787
sub-22,silence,1,0,11250,16250,True,True,0.3816762988902839,0.43069732313269443,0.33779578495704543,0.44360052676875794,0.17610399999999998,0.3747616221287363,0.17610399999999998,0.475976335377358,0.5038898216379692,0.462023788261409
sub-22,stim,2,1,16250,21250,True,True,0.6248805196301883,0.377051286863183,0.39095523262081466,0.690060435042064,0.30869199999999997,0.4578571394270023,0.30869199999999997,0.3348668118827068,0.43127301845535887,0.4350175468435735
sub-22,stim,2,2,21250,26250,True,True,0.5935138626535148,0.6206051649506173,0.47790005646616,0.6050426324648014,0.152786,0.30986559532052027,0.152786,0.47054709746380496,0.4953679958322813,0.5500733904546474
sub-22,silence,2,0,26250,31250,True,True,0.45935315360951273,0.48096606737585984,0.4865003211773306,0.511878103081729,0.09647800000000001,0.19278213239767314,0.09647800000000001,0.526272075211173,0.5026275215076786,0.4114276514846047
sub-22,stim,3,1,31250,36250,True,True,0.5056031510569633,0.4418780342178097,0.5405655402699758,0.6031348709571912,0.23472,0.36709371025182164,0.23472,0.4576441476263738,0.5022026991097913,0.4480074181965294
sub-22,stim,3,2,36250,41250,True,True,0.5198070864913128,0.5831394335896174,0.4669383633994635,0.7520487227514168,0.369324,0.5428987047211153,0.369324,0.6037782045111523,0.5065394678924168,0.511077376972902
sub-22,silence,3,0,41250,46250,True,True,0.40794111863073573,0.5306274506676967,0.47072010908815665,0.35455588019649187,0.13620000000000002,0.24373009832018502,0.13620000000000002,0.5177595038089592,0.4211302853183146,0.5063838118521127
sub-22,stim,4,1,46250,51250,True,True,0.39771741687734663,0.4952495706206367,0.39931338132483596,0.5756160643662852,0.270302,0.5235834778696072,0.270302,0.38440170271461116,0.5254322248271905,0.4440558771742941
sub-22,stim,4,2,51250,56250,True,True,0.5450958730590355,0.44022741500805407,0.5608004203216417,0.5887865980848467,0.37885599999999997,0.5347673698543854,0.37885599999999997,0.41527413684588455,0.486934315667081,0.41327639908594926
sub-22,silence,4,0,56250,61250,True,True,0.42145173748552023,0.4276268500722837,0.4108977703886824,0.33046166020074486,0.10437000000000002,0.24412152342151983,0.10437000000000002,0.5091285384464014,0.4103672651473931,0.44411184934182446
sub-22,stim,5,1,61250,66250,True,True,0.47607879036764883,0.4873632906530185,0.33507401326687075,0.5330855539269055,0.297464,0.49918954079973304,0.297464,0.4780353622324753,0.3830997899228274,0.43367444643213376
sub-22,stim,5,2,66250,71250,True,True,0.6074906170090003,0.40769371032595786,0.3448599849978145,0.4807104009669256,0.280956,0.5368618315067377,0.280956,0.5758070405310083,0.47890005437382605,0.328012521181989
sub-22,silence,5,0,71250,76250,True,True,0.3002471874205434,0.38773529380945077,0.4348417863476708,0.44778687878433643,0.177838,0.28291424340832955,0.177838,0.5081728818507263,0.37736504807274396,0.3721016475306827
sub-22,stim,6,1,76250,81250,True,True,0.529690948957068,0.5303818638237313,0.38097648491384034,0.6736638450020246,0.28849,0.42046945712327854,0.28849,0.5640723644061818,0.3591792428507127,0.5871420491123633
sub-22,stim,6,2,81250,86250,True,True,0.3635261567478162,0.5019222106943912,0.5237142609988382,0.5219701665964084,0.33472,0.533679142632717,0.33472,0.4540176091309924,0.4182467475224418,0.4073005714437255
sub-22,silence,6,0,86250,91250,True,True,0.4896917475552969,0.4267626908266612,0.4781724031909067,0.40405678704839004,0.11951200000000001,0.22009931018559073,0.11951200000000001,0.44539798895144517,0.38726753675661457,0.48563067814429545
sub-22,stim,7,1,91250,96250,True,True,0.4367752117871146,0.4299435010357642,0.4333687806809361,0.5411186376846056,0.23736000000000002,0.3824979521347953,0.23736000000000002,0.4129011274726732,0.444556421597629,0.521110955371177
sub-22,stim,7,2,96250,101250,True,True,0.3994465601722305,0.451941082105498,0.5567989143449362,0.7004629260751352,0.33757800000000004,0.4537078363650733,0.33757800000000004,0.5421588897622247,0.5194945842114521,0.47201953709863004
sub-22,silence,7,0,101250,106250,True,True,0.4552401094817168,0.3942389164880798,0.3368115610901029,0.48473413341119753,0.1313,0.19437105289476875,0.1313,0.48755288943472974,0.42764986773060293,0.4599661204005877
sub-22,stim,8,1,106250,111250,True,True,0.621050403660119,0.4536038617068728,0.44125179821718874,0.4878156683387502,0.14973599999999998,0.3132606909245715,0.14973599999999998,0.48376048207943995,0.5641459332156668,0.3830963066173865
sub-22,stim,8,2,111250,116250,True,True,0.6290507012657066,0.5215509031661288,0.46688571479702057,0.5634352190505142,0.239114,0.3145652587517609,0.239114,0.5165017547018756,0.4627264089676867,0.4064035908451183
sub-22,silence,8,0,116250,121250,True,True,0.4373901886577057,0.25182476680841476,0.42699525635255653,0.4028838632936963,0.123196,0.19146452625405225,0.123196,0.43837927832188955,0.2788232715854079,0.33581871925562595
sub-22,stim,9,1,121250,126250,True,True,0.5261663985290022,0.4798602974581946,0.4748015491551446,0.5164634638867694,0.191104,0.3599933762923696,0.191104,0.5659676109146882,0.5226974719484829,0.34925080517456464
sub-22,stim,9,2,126250,131250,True,True,0.477511556623121,0.5741387744716363,0.6370651162830153,0.4919329388790544,0.16059800000000002,0.2539381263063209,0.16059800000000002,0.4503548421046433,0.5214237421561679,0.3784354449301396
sub-22,silence,9,0,131250,136250,True,True,0.4816681823452453,0.39179747720779284,0.42924366301460787,0.4657705978484053,0.168218,0.3106799287772656,0.168218,0.555286453634916,0.3890250600840772,0.3835148577396319
sub-22,stim,10,1,136250,141250,True,False,0.4247502241274325,0.5180934282652957,0.467172719825669,0.5933526193828567,0.18700400000000003,0.4594911369161517,0.18700400000000003,0.4432336241544169,0.3916646334587087,0.6158694831685735
sub-22,stim,10,2,141250,146250,True,False,0.6124523219677809,0.4571180874554929,0.5388349577920604,0.6151811654210162,0.31162599999999996,0.5359599215092588,0.31162599999999996,0.5846737336524823,0.3907259479898444,0.3191669444636864
sub-23,stim,1,1,1250,6250,True,True,0.6666344056134124,0.6373316118520762,0.5705741349423418,0.6809413366858706,0.22097999999999998,0.3828638026086034,0.22097999999999998,0.66262420131958,0.6003431707701657,0.7401622349259296
sub-23,stim,1,2,6250,11250,True,True,0.5480056121027764,0.5802422067754859,0.6379217915722072,0.6031975660435125,0.132318,0.20419514294472219,0.132318,0.5991527345808695,0.6646023250130798,0.5609514773838064
sub-23,silence,1,0,11250,16250,True,True,0.5999670318897481,0.724465106500569,0.6522116420763061,0.5535875523752445,0.16313,0.33612469025601543,0.16313,0.674132879209848,0.5971245509505894,0.654018821379212
sub-23,stim,2,1,16250,21250,True,True,0.5540827294564225,0.6358135789155583,0.8090797216356839,0.6824121377173585,0.161172,0.2906206708126388,0.161172,0.6617689930110461,0.6280028241308223,0.7358891830861046
sub-23,stim,2,2,21250,26250,True,True,0.586466686990097,0.641939957985194,0.6490685442908238,0.5925165926320151,0.08148200000000001,0.18435262443401912,0.08148200000000001,0.6150378749944252,0.6264222678791995,0.7026011959721131
sub-23,silence,2,0,26250,31250,True,True,0.4651038835082942,0.5660887188914997,0.5878074011315668,0.4835266486381821,0.099298,0.23380390203354307,0.099298,0.6689628573533466,0.5684517171697795,0.5840046810988987
sub-23,stim,3,1,31250,36250,True,True,0.6381195605892668,0.6485012555475989,0.6552486611982213,0.5197941834719987,0.155088,0.31219312885306116,0.155088,0.5457165170998733,0.58552916780026,0.4772011500171382
sub-23,stim,3,2,36250,41250,True,True,0.5412554699618123,0.5781797665453157,0.5709622399551084,0.7333322057955547,0.06593199999999999,0.0902824539661996,0.06593199999999999,0.6832420290393114,0.5441645179063105,0.6475691174074077
sub-23,silence,3,0,41250,46250,True,True,0.6068108929923253,0.5669921036499035,0.5066643521489806,0.5925018555038756,0.13997199999999999,0.2862935337078927,0.13997199999999999,0.5504466271839854,0.5704862517560592,0.5115365245066001
sub-23,stim,4,1,46250,51250,True,True,0.6267824428668033,0.6596839775493004,0.6154108104675096,0.5961990412236324,0.16843400000000003,0.30657805536521754,0.16843400000000003,0.5172247421145361,0.5453620487513173,0.6491551669353838
sub-23,stim,4,2,51250,56250,True,True,0.6971013138801229,0.6388849607909759,0.599529201953472,0.6266568124513491,0.20028,0.31968781825756576,0.20028,0.6806378409035639,0.532173764685862,0.7215828640017556
sub-23,silence,4,0,56250,61250,True,True,0.7172399673234894,0.4634810840417298,0.5566296640299707,0.649597468317822,0.14724399999999999,0.1837766194562498,0.14724399999999999,0.5919681096021558,0.5866365563209218,0.6939342111541069
sub-23,stim,5,1,61250,66250,True,True,0.7352550893473025,0.6530616383953801,0.630824927841864,0.8133533468419685,0.26684199999999997,0.43234972070703137,0.26684199999999997,0.7061607910527843,0.5566646890814801,0.7799868060753232
sub-23,stim,5,2,66250,71250,True,True,0.6874436359931495,0.6438846312746788,0.49116772495555877,0.6270348520727882,0.12837800000000002,0.21405348556729428,0.12837800000000002,0.7920597250614151,0.5825467928465895,0.6881317951262353
sub-23,silence,5,0,71250,76250,True,True,0.5526417162695813,0.7261184837787504,0.5827838880458112,0.7221622912317214,0.18667999999999998,0.37626494853694864,0.18667999999999998,0.6987573669890577,0.65283186379787,0.6598204836091146
sub-23,stim,6,1,76250,81250,True,True,0.6216254655210478,0.6755938083042154,0.6070554126885288,0.7010496063384909,0.156858,0.2156084466418806,0.156858,0.8227193964833132,0.6900516863663247,0.6470334258083312
sub-23,stim,6,2,81250,86250,True,True,0.7718175288370613,0.654704717203764,0.6699319339810487,0.7817247940808743,0.223208,0.30867429257435025,0.223208,0.6402684140119596,0.7388414857562594,0.8175922995644705
sub-23,silence,6,0,86250,91250,True,True,0.7902260206678026,0.6959168386803686,0.6294390564627138,0.6660041117506258,0.205032,0.3770004260733565,0.205032,0.7718502359248641,0.7043337532570808,0.6827306475019023
sub-23,stim,7,1,91250,96250,True,True,0.6847590112837552,0.747484927767631,0.653545568266221,0.6071085945823697,0.135046,0.2443948589614483,0.135046,0.734764952034816,0.7551018043825958,0.6815508917702615
sub-23,stim,7,2,96250,101250,True,True,0.6284932008820732,0.6933075307300567,0.6444550421426075,0.6766863252311497,0.135796,0.2621931439344355,0.135796,0.6624510748849345,0.6429134517678995,0.6040720385653547
sub-23,silence,7,0,101250,106250,True,True,0.6494554593333336,0.7504514799797479,0.6764019932617561,0.7445046777523211,0.18060600000000002,0.32955849755086175,0.18060600000000002,0.6411393606240136,0.6263905401184773,0.5717536741250142
sub-23,stim,8,1,106250,111250,True,True,0.736415225048336,0.6963428091739507,0.7582754873998425,0.7105646426892883,0.1678,0.27752253203704164,0.1678,0.6512890947528858,0.7724579360443158,0.6695572192083854
sub-23,stim,8,2,111250,116250,True,True,0.7151568667004815,0.6689285399096846,0.7194693770751271,0.6304155634560457,0.177374,0.23120784722397975,0.177374,0.6767867388598177,0.7386185012587418,0.7545752236952498
sub-23,silence,8,0,116250,121250,True,True,0.7442271257023014,0.7868237850961183,0.6079610939463153,0.7001633658623488,0.159188,0.37099178206367944,0.159188,0.6630915264148028,0.5812780784533926,0.7482247926997999
sub-23,stim,9,1,121250,126250,True,True,0.7274028906207193,0.6992875967666718,0.8311914530660494,0.7723679187852243,0.107956,0.15177637252975623,0.107956,0.7209365643385144,0.5601072299125073,0.6531719106155757
sub-23,stim,9,2,126250,131250,True,True,0.667586895374082,0.7515229226864629,0.796711646969716,0.7483019737918497,0.229614,0.4064963648583918,0.229614,0.7616016303356608,0.7289503982858068,0.6758302353045156
sub-23,silence,9,0,131250,136250,True,True,0.7512784187558565,0.7426083799126897,0.7155223968064578,0.7272836157802598,0.174236,0.46068204353625175,0.174236,0.7053445753444231,0.6489690753842728,0.7667548725795136
sub-23,stim,10,1,136250,141250,True,False,0.7443969903380864,0.674151879296968,0.7799099323159839,0.683648343647818,0.133536,0.19397765995266628,0.133536,0.6365530605034542,0.6413733577290333,0.7528372714515789
sub-23,stim,10,2,141250,146250,True,False,0.7250840019064401,0.7228854280496222,0.6284243766606203,0.6989609469694245,0.205704,0.38472496243948684,0.205704,0.659239190225712,0.6966153570869261,0.6533749431491509
sub-24,stim,1,1,1250,6250,True,True,0.48367780085610873,0.5932516249577526,0.4762995747640744,0.47121019043931844,0.083438,0.2559481982549368,0.083438,0.3984924557171482,0.5334245760558383,0.5491872943201168
sub-24,stim,1,2,6250,11250,True,True,0.5313502888137939,0.5296688861146801,0.610494223870514,0.5284007301786143,0.107396,0.1677026014221478,0.107396,0.5280011437721609,0.5164356423971327,0.4984159430729037
sub-24,silence,1,0,11250,16250,True,True,0.34620978905374655,0.48319791114655913,0.4318837919993294,0.3727309822287795,0.143258,0.25085995236320313,0.143258,0.3794339055808413,0.48028665888808364,0.4064735081823852
sub-24,stim,2,1,16250,21250,True,True,0.520297206227013,0.47801159932962717,0.6487686137928538,0.44593620270569745,0.21843200000000004,0.2879725579263311,0.21843200000000004,0.4956930675429481,0.48104991968502736,0.4462366694725095
sub-24,stim,2,2,21250,26250,True,True,0.532745477293524,0.561147040961966,0.593436060927922,0.5022553188311929,0.197178,0.3691600460857768,0.197178,0.5209037327622802,0.35783315866192084,0.47801621590767296
sub-24,silence,2,0,26250,31250,True,True,0.4799839193012497,0.3559485284983974,0.4421598283073921,0.3643994258224991,0.16808199999999998,0.27837289412875404,0.16808199999999998,0.4024310763225133,0.400612853297543,0.4634366816109034
sub-24,stim,3,1,31250,36250,True,True,0.4312277667642593,0.47704088922989696,0.5546285807507494,0.5022356104974947,0.257888,0.45264148194068854,0.257888,0.597942635368192,0.44147535421342815,0.485835004773287
sub-24,stim,3,2,36250,41250,True,True,0.5196889113497564,0.5019177393711568,0.5463549747888645,0.36553850194578347,0.124146,0.21196134143956852,0.124146,0.49963988732899844,0.55026030403293,0.5108873235634351
sub-24,silence,3,0,41250,46250,True,True,0.45143032144182726,0.4881850324028918,0.4919409619649568,0.42666691388847766,0.142042,0.26688934762605826,0.142042,0.472343389889958,0.3783013085214678,0.48289961278866644
sub-24,stim,4,1,46250,51250,True,True,0.6470104534719403,0.5268714358066063,0.4348228381128119,0.5641716351679217,0.13539,0.1766672175229546,0.13539,0.423203483460339,0.5562488566217003,0.47477014222656827
sub-24,stim,4,2,51250,56250,True,True,0.5218942217422583,0.4950455962985963,0.49394858339741726,0.3742352981216967,0.109604,0.21449439150850924,0.109604,0.49715845133433745,0.49930868874844636,0.585217127623278
sub-24,silence,4,0,56250,61250,True,True,0.5121893799161483,0.3182293778946627,0.32963910552883063,0.34355747033287415,0.11849599999999999,0.20702393333046565,0.11849599999999999,0.32167707148659963,0.4526066303221877,0.5390030552469195
sub-24,stim,5,1,61250,66250,True,True,0.3705757103865493,0.45935726244013914,0.5247347990843123,0.4999666199088162,0.161202,0.25722330625873696,0.161202,0.5329283907778762,0.45025098756453324,0.41628052964831314
sub-24,stim,5,2,66250,71250,True,True,0.43470803353822307,0.4640945507009066,0.5455177250863918,0.591731645728348,0.216742,0.3551726373783003,0.216742,0.4111527569634136,0.438873081462518,0.3012666341125841
sub-24,silence,5,0,71250,76250,True,True,0.48487100529839877,0.4719972658236461,0.49863848217150747,0.42969968449275375,0.18163600000000002,0.3155850383132921,0.18163600000000002,0.47909573428761965,0.5706388277689145,0.5254095658366108
sub-24,stim,6,1,76250,81250,True,True,0.45825526260912725,0.49205230621431,0.4001857927648025,0.43141243019141984,0.20279400000000003,0.27111727354581794,0.20279400000000003,0.523335192140583,0.43546734797188363,0.43152995652115095
sub-24,stim,6,2,81250,86250,True,True,0.5487391966916995,0.4171162648497538,0.4514716531099245,0.4766988814722575,0.100626,0.23200476544408505,0.100626,0.48351935647724287,0.3551156223967793,0.3754895532494505
sub-24,silence,6,0,86250,91250,True,True,0.4285754237054701,0.41052359938771815,0.4438490261077919,0.46426966893636445,0.188196,0.23108192143964096,0.188196,0.5271358352045937,0.42002431418178887,0.5201660650069779
sub-24,stim,7,1,91250,96250,True,True,0.4819046633667278,0.47977538141363296,0.4916507437914735,0.4668957495027932,0.17394600000000002,0.26598068173264056,0.17394600000000002,0.4249848737589737,0.5381747138123366,0.5441894109842064
sub-24,stim,7,2,96250,101250,True,True,0.3901908454487101,0.5263511173184696,0.44539104406255803,0.5403850818005889,0.250884,0.4272495798010293,0.250884,0.45677850647584123,0.36260843653673036,0.4337009474548688
sub-24,silence,7,0,101250,106250,True,True,0.4118625152654063,0.48036495098539644,0.5109964316776804,0.5400360140928107,0.127516,0.20399999880623723,0.127516,0.5078332241524447,0.4897005013990804,0.5536210923080612
sub-24,stim,8,1,106250,111250,True,True,0.5356137618268705,0.5056926544319583,0.5268708705060586,0.5133504546459611,0.195124,0.28860088027306985,0.195124,0.486018427544266,0.6289717212519892,0.46974482622764824
sub-24,stim,8,2,111250,116250,True,True,0.4830507892207585,0.42779754382618695,0.48163674948740576,0.4421283804095175,0.10879000000000001,0.21023973414898325,0.10879000000000001,0.5225929153926114,0.47073144517760795,0.5056089975770149
sub-24,silence,8,0,116250,121250,True,True,0.502544383579158,0.5482844849053319,0.5521938665479178,0.4459504290712824,0.09037,0.13941153225650638,0.09037,0.497498570420798,0.4951658590825585,0.4719785758352981
sub-24,stim,9,1,121250,126250,True,True,0.5062052158282833,0.488388734977508,0.4983045209108397,0.41901618263082535,0.13922600000000002,0.20169543443713628,0.13922600000000002,0.47228347512614066,0.5348424639659909,0.4513302212718675
sub-24,stim,9,2,126250,131250,True,True,0.5182364574990938,0.5355349141926063,0.4714642341375953,0.4121359232434169,0.141978,0.27434789096003165,0.141978,0.5529625258584379,0.4997921667131566,0.48111082914750286
sub-24,silence,9,0,131250,136250,True,True,0.5446449684237759,0.5722316228429483,0.4703219489950671,0.5256354582858114,0.151318,0.2377203284779057,0.151318,0.4855442345080166,0.5005053124788832,0.49007558383630795
sub-24,stim,10,1,136250,141250,True,False,0.4776788817146999,0.47303348354449926,0.43009936751132377,0.5269150231453842,0.19760599999999998,0.2690573745098092,0.19760599999999998,0.531798106903165,0.4255568075179123,0.4468248478324092
sub-24,stim,10,2,141250,146250,True,False,0.5601995335196195,0.3978357325170188,0.5221968043470784,0.45905340031687203,0.159822,0.33773170100620037,0.159822,0.47036638995834096,0.4018892695035149,0.5058663010947059
sub-25,stim,1,1,1250,6250,True,True,0.3116408434334265,0.345726937887798,0.44778066176685294,0.33412057813853097,0.12284,0.11344626207531089,0.12284,0.4341523661849238,0.41585358414077334,0.3703282034000723
sub-25,stim,1,2,6250,11250,True,True,0.35689720562812305,0.32311593946915196,0.3455363878492932,0.31664650652748816,0.184912,0.4018746702153784,0.184912,0.41959838726966825,0.33234531741121015,0.35932320273794177
sub-25,silence,1,0,11250,16250,True,True,0.30969621150817334,0.31223692905610173,0.3144085781336648,0.30741698744988727,0.108804,0.18737612590665878,0.108804,0.3689905164492282,0.3389671977189332,0.28291389051560517
sub-25,stim,2,1,16250,21250,True,True,0.4537734564610876,0.4686403984924681,0.37313247536451755,0.35451358931669474,0.16355599999999998,0.2519770364357864,0.16355599999999998,0.341879838073138,0.3239026245572025,0.32278529660256056
sub-25,stim,2,2,21250,26250,True,True,0.4019602490498096,0.4069603532958634,0.30459578856369596,0.36979642869219403,0.22726,0.4026736536399933,0.22726,0.338332157956891,0.3329836867291334,0.39849388701196753
sub-25,silence,2,0,26250,31250,True,True,0.4354035637955046,0.39072159994027705,0.3949019512001252,0.27308182675174364,0.163908,0.21473020990001884,0.163908,0.4169898432038673,0.3157396124176165,0.3193536628685986
sub-25,stim,3,1,31250,36250,True,True,0.36717459451161605,0.37454979800733024,0.38160879729964825,0.31280584548384094,0.106222,0.08325013888681142,0.106222,0.37303503774070806,0.30279951405791034,0.329878203411969
sub-25,stim,3,2,36250,41250,True,True,0.39112551807419366,0.3359101901431076,0.3474615815951357,0.3927553313482909,0.11596599999999999,0.20847263952709139,0.11596599999999999,0.3595287684705194,0.3355464215898925,0.3444664207821761
sub-25,silence,3,0,41250,46250,True,True,0.3130247057835417,0.3103296447338775,0.35794857022095816,0.2800299779502646,0.13728200000000002,0.28281470226406485,0.13728200000000002,0.3258427470089025,0.32787698001443294,0.3615699403074103
sub-25,stim,4,1,46250,51250,True,True,0.4066356524426327,0.3804027055352708,0.33890040621192696,0.3677498728845822,0.185152,0.2811678243127945,0.185152,0.4034407501163345,0.3527797975392911,0.32961015355452344
sub-25,stim,4,2,51250,56250,True,True,0.36754724112738685,0.3969022285484718,0.34335183149146126,0.28392137459289524,0.120052,0.2321525059074606,0.120052,0.3095182308746018,0.37226988124840865,0.3825609047703037
sub-25,silence,4,0,56250,61250,True,True,0.3736931915055961,0.3312321185043887,0.36355402727687985,0.311687193301932,0.08291599999999999,0.1417733228208127,0.08291599999999999,0.32675665394216113,0.42604599118453096,0.3345750043345086
sub-25,stim,5,1,61250,66250,True,True,0.39371164004740516,0.40214724227760373,0.4162869052366732,0.5006385012531738,0.22930399999999998,0.34768065705037754,0.22930399999999998,0.35953649890559064,0.3925018469134402,0.32255893069410646
sub-25,stim,5,2,66250,71250,True,True,0.35353264348173014,0.4502374245001883,0.33326247382442814,0.2627340054575054,0.17262,0.2797421849202983,0.17262,0.32117601296291254,0.3036439583058747,0.3671580412264589
sub-25,silence,5,0,71250,76250,True,True,0.36964786528749144,0.45281012475209076,0.3188239557785679,0.36981755009171025,0.123626,0.19067701886166408,0.123626,0.41060555578187646,0.3838941700148066,0.5209279845226548
sub-25,stim,6,1,76250,81250,True,True,0.45297067220364085,0.3670781109420262,0.3499128021005531,0.3489036497593441,0.11839599999999999,0.16808952457300716,0.11839599999999999,0.2854853039339783,0.38339348477691715,0.3181741243423641
sub-25,stim,6,2,81250,86250,True,True,0.32348741782467627,0.33349992926475125,0.3321067836949758,0.32264531333108976,0.125608,0.25487054153826255,0.125608,0.34911134015308604,0.2791704320994557,0.2906200128309971
sub-25,silence,6,0,86250,91250,True,True,0.3691173304809537,0.28509117697595004,0.3632474249105331,0.3689034900423644,0.224788,0.37040711724549624,0.224788,0.378948612340988,0.37244240542331014,0.3511360672995625
sub-25,stim,7,1,91250,96250,True,True,0.4303844374179873,0.3793222661121203,0.36101285702964747,0.31250077866777665,0.15357200000000001,0.3528059260011859,0.15357200000000001,0.41580559991579835,0.4024667791492351,0.31194619797650613
sub-25,stim,7,2,96250,101250,True,True,0.27865393720194526,0.3302428963064822,0.26468340884677066,0.26878812388894274,0.12880400000000003,0.17011111170525894,0.12880400000000003,0.3383460324517398,0.267837892151918,0.3150247210098886
sub-25,silence,7,0,101250,106250,True,True,0.31129859908265023,0.35543128317058614,0.29493820505307833,0.2618693515929299,0.12002399999999999,0.23783046720296278,0.12002399999999999,0.32150057639045365,0.22695484671489255,0.3889518923048289
sub-25,stim,8,1,106250,111250,True,True,0.3561216393217839,0.28264705092611897,0.31372198533049017,0.35469033182488346,0.118582,0.21133797070539623,0.118582,0.26689652360300437,0.4077738316839514,0.43183504184135674
sub-25,stim,8,2,111250,116250,True,True,0.3027073469344225,0.24197027487185255,0.33736652094756436,0.3877004866523434,0.200432,0.2501124789540326,0.200432,0.35842018178068713,0.31044933963942506,0.325281005876461
sub-25,silence,8,0,116250,121250,True,True,0.33227399265615143,0.3045626112620812,0.2716519376429947,0.3187687857566287,0.199712,0.2869539431573902,0.199712,0.26524887039496375,0.2747802763946366,0.3194260932938664
sub-25,stim,9,1,121250,126250,True,True,0.29384619365348363,0.3379698096015777,0.31496710632445707,0.34497926803646545,0.10659600000000001,0.2433647919166349,0.10659600000000001,0.2651740318206393,0.33917616447153165,0.3504104506395411
sub-25,stim,9,2,126250,131250,True,True,0.32356446572232156,0.35380363244067103,0.2852061601140929,0.32140862864822284,0.17604399999999998,0.35058029141181224,0.17604399999999998,0.33002666399355446,0.35960781049605667,0.28642683493149584
sub-25,silence,9,0,131250,136250,True,True,0.2530620219711094,0.3422434684924437,0.2633058938172633,0.30240728666011235,0.147206,0.22990611340984785,0.147206,0.3308288098635977,0.2682431637524965,0.41222858953579283
sub-25,stim,10,1,136250,141250,True,False,0.400455613914428,0.38600068003478505,0.26528277984793464,0.3045577641521431,0.164712,0.3132139165677367,0.164712,0.36990944486471095,0.32151248484272515,0.3060132824724594
sub-25,stim,10,2,141250,146250,True,False,0.39516158398936396,0.3586475517404489,0.3837002195401828,0.3766547598264016,0.11707200000000001,0.20621203587247003,0.11707200000000001,0.3625668208701158,0.40339717802705316,0.3232120200737016
sub-26,stim,1,1,1250,6250,True,True,0.38656263240798266,0.4110712008933854,0.4201461993250299,0.5753146727745961,0.15608,0.2403377709848624,0.15608,0.3672759847767064,0.4360235055100759,0.31801188384963824
sub-26,stim,1,2,6250,11250,True,True,0.4555916272427132,0.33483684878302206,0.3213614608060794,0.42388213949355014,0.11071800000000001,0.26862953397685735,0.11071800000000001,0.35718285071201805,0.36497189169786537,0.4220430515372784
sub-26,silence,1,0,11250,16250,True,True,0.3783296327919611,0.3413447746917946,0.3990520522895731,0.35120745606584086,0.128874,0.21343730800759178,0.128874,0.37019690011734174,0.449724437171601,0.3471177436016194
sub-26,stim,2,1,16250,21250,True,True,0.5824675111440257,0.5680215031204433,0.4799888084808769,0.6127546448564272,0.13346599999999997,0.1939481100292956,0.13346599999999997,0.5620267245092597,0.6372977038845965,0.49507373147511574
sub-26,stim,2,2,21250,26250,True,True,0.5020758914996555,0.4512269376661179,0.458626319647874,0.5533095461677484,0.10816400000000001,0.15310796377409683,0.10816400000000001,0.49357598039565437,0.41445329752543436,0.5109697988274917
sub-26,silence,2,0,26250,31250,True,True,0.35766315489751443,0.47078391657604024,0.43572344026731513,0.4730601558344023,0.123166,0.20729011948631493,0.123166,0.4115293806852121,0.5264561594348303,0.5901124247165191
sub-26,stim,3,1,31250,36250,True,True,0.43906632450955796,0.46300624155808556,0.47633386691769575,0.4457710764089897,0.150046,0.32139333900997086,0.150046,0.41016393336697077,0.5254571901651377,0.3570759129377622
sub-26,stim,3,2,36250,41250,True,True,0.6255747806151156,0.4288395075933023,0.4976946384203034,0.45467237107730196,0.19491799999999998,0.2654188750974409,0.19491799999999998,0.4553361059188675,0.5294600387737388,0.4571484962479549
sub-26,silence,3,0,41250,46250,True,True,0.43453584203566153,0.37930536081533417,0.54323250389209,0.3759825005546739,0.182194,0.30212871538585384,0.182194,0.3822720780312572,0.37027766732752937,0.4096765000033352
sub-26,stim,4,1,46250,51250,True,True,0.3017849744305004,0.4354103294371876,0.4199923201123722,0.42161761218411653,0.204216,0.35638097958258297,0.204216,0.4952295479457927,0.2982778604418053,0.324967894844807
sub-26,stim,4,2,51250,56250,True,True,0.3981558593776828,0.4546362243836096,0.4129911286464778,0.6327513750383637,0.12952200000000003,0.22724967558852163,0.12952200000000003,0.6182782519142686,0.41954241056249814,0.276336538369183
sub-26,silence,4,0,56250,61250,True,True,0.337517467576224,0.30946627069589433,0.43986736014894434,0.5486361934064985,0.116928,0.16980122173712212,0.116928,0.33913971980024316,0.4338452244046118,0.44418241198460623
sub-26,stim,5,1,61250,66250,True,True,0.3385333159648182,0.3738319477409644,0.44288661312182936,0.5136893271887628,0.25291600000000003,0.3911375666443763,0.25291600000000003,0.4458535623526781,0.4550683805991214,0.26949818878519116
sub-26,stim,5,2,66250,71250,True,True,0.43263618550715366,0.3716284423658347,0.47172387318507786,0.6081743863232821,0.189146,0.3527723157250635,0.189146,0.5236730735629266,0.4532703686700893,0.46212232402346504
sub-26,silence,5,0,71250,76250,True,True,0.481143020825891,0.505070643969018,0.45708961061101633,0.4656098335926645,0.14640599999999998,0.21345857835420476,0.14640599999999998,0.5323711509504941,0.47658649542029,0.43657866532662576
sub-26,stim,6,1,76250,81250,True,True,0.46314070632201476,0.4380359173859221,0.46448180966843794,0.5027159537020947,0.130708,0.29258912922672453,0.130708,0.47764088854294023,0.4974540984526544,0.43699283855344107
sub-26,stim,6,2,81250,86250,True,True,0.48485323945886694,0.4859986063648216,0.554906362996989,0.7125051543786367,0.34739000000000003,0.4779073350004244,0.34739000000000003,0.5074333241790846,0.43217532200432074,0.42938689413979975
sub-26,silence,6,0,86250,91250,True,True,0.4067102699812027,0.3533501907244089,0.323139341700516,0.39709764810245796,0.151762,0.28944860248528326,0.151762,0.36344876138899346,0.5601622225742817,0.45656139714573174
sub-26,stim,7,1,91250,96250,True,True,0.3225351677598633,0.33258661310458765,0.33079043611652714,0.4863542337436148,0.140794,0.2702443602124563,0.140794,0.4009873906091994,0.38068923160905654,0.41351620556685653
sub-26,stim,7,2,96250,101250,True,True,0.4056261578102959,0.41717140406055025,0.4468690574411323,0.4481346466686547,0.10573,0.17113362541730942,0.10573,0.4234173775991802,0.40957313461519634,0.4890796898445045
sub-26,silence,7,0,101250,106250,True,True,0.3173159868807958,0.5104078732762318,0.42732901129875456,0.35346885625379615,0.13102599999999998,0.26250479517120384,0.13102599999999998,0.450680065763993,0.31771343820849374,0.3727574121542142
sub-26,stim,8,1,106250,111250,True,True,0.3878937477377297,0.3675133952547458,0.35867057414792614,0.4044143869098382,0.13594,0.17260649278934956,0.13594,0.42472138958322253,0.33376809384859585,0.4614889905544939
sub-26,stim,8,2,111250,116250,True,True,0.3406369000439058,0.3707772868312004,0.36120987567746093,0.3930356456470927,0.17862000000000003,0.31257944805318494,0.17862000000000003,0.4916868359277668,0.35347535700652716,0.34549078183361026
sub-26,silence,8,0,116250,121250,True,True,0.3991086190188981,0.4803364509920111,0.333704536812425,0.3257202168646252,0.12573,0.233491446176469,0.12573,0.42339787805265316,0.33277325891580306,0.35570444728787975
sub-26,stim,9,1,121250,126250,True,True,0.344900030581232,0.3522352511882972,0.32037936077455653,0.31818385812552813,0.13253,0.3038417115851061,0.13253,0.30637598953081424,0.39313255065406266,0.3339471588811182
sub-26,stim,9,2,126250,131250,True,True,0.3817920556656557,0.4500640707168546,0.5002271367449121,0.5333119968342388,0.094732,0.15097844163641813,0.094732,0.4208324795691743,0.4361551581207722,0.4476657419972534
sub-26,silence,9,0,131250,136250,True,True,0.3631671418972248,0.38090233115889677,0.30159079413061873,0.3426690509457396,0.152072,0.2545887478544001,0.152072,0.3701344127785929,0.49434906429584474,0.3463890779820409
sub-26,stim,10,1,136250,141250,True,False,0.42529632445160653,0.3472977059782621,0.39405188724239165,0.48037502599849574,0.134838,0.20384811218680493,0.134838,0.43641680821209483,0.35460653416472,0.44592522137806756
sub-26,stim,10,2,141250,146250,True,False,0.38656434241907706,0.28175217679857173,0.45595353362461677,0.3501609830200465,0.13632999999999998,0.20369914416482993,0.13632999999999998,0.3715898943725757,0.35769795305226054,0.39122822901475757
sub-27,stim,1,1,1250,6250,True,True,0.5034394366736202,0.5975101217214446,0.5681867998102801,0.5470320082944334,0.10514199999999999,0.15425154245002445,0.10514199999999999,0.4550555214099789,0.5392200834148554,0.5697665167235834
sub-27,stim,1,2,6250,11250,True,True,0.5247068566632044,0.5274887970494306,0.6299043314653042,0.5092569759954675,0.155048,0.23559588963771866,0.155048,0.4674027376497836,0.6061616799643482,0.5587997181932736
sub-27,silence,1,0,11250,16250,True,True,0.4719670134716697,0.5698902016792736,0.4454012924866053,0.5779759579410618,0.15834800000000002,0.33322619245934676,0.15834800000000002,0.5242050515598081,0.5964509131416104,0.5540566844355276
sub-27,stim,2,1,16250,21250,True,True,0.6337877112542747,0.5161015043588296,0.47529404932669905,0.5874850743128793,0.201466,0.40345308481255826,0.201466,0.5009815396028813,0.5126461231914153,0.5456164051974004
sub-27,stim,2,2,21250,26250,True,True,0.5917664519851032,0.3947562727992559,0.4289265607837847,0.5661393231055536,0.204416,0.3619145756843308,0.204416,0.6298143609515959,0.5143729327772195,0.48086491871124815
sub-27,silence,2,0,26250,31250,True,True,0.4314644059888223,0.46151816445067567,0.5831804935454236,0.6541843812669724,0.250616,0.42470461243427077,0.250616,0.6749296517228138,0.6419331201228085,0.507261692530782
sub-27,stim,3,1,31250,36250,True,True,0.6557083920287183,0.546856898123213,0.6222655140439864,0.6395577139242585,0.23017000000000004,0.38352693670580235,0.23017000000000004,0.6691452409045263,0.4961805114389889,0.6260907217467192
sub-27,stim,3,2,36250,41250,True,True,0.4955011328328878,0.5528861817672583,0.5833274594899092,0.6841928729849284,0.157662,0.2828691639045296,0.157662,0.5031782953453114,0.5874197032810725,0.6511446901086206
sub-27,silence,3,0,41250,46250,True,True,0.6404887684151732,0.6515369497409913,0.5872908804013011,0.5753044430254171,0.115024,0.24313450793500266,0.115024,0.5841356938272867,0.6479049955616648,0.5314428976915957
sub-27,stim,4,1,46250,51250,True,True,0.5173255698663202,0.5163111316050822,0.5224991278953653,0.5765364470204285,0.183584,0.35462304540012773,0.183584,0.485822738756047,0.5733398302837073,0.5254933512788363
sub-27,stim,4,2,51250,56250,True,True,0.5675862809781391,0.6285518655833046,0.5932698883576615,0.633580216156802,0.10497999999999999,0.20620955778888278,0.10497999999999999,0.6256654403140545,0.5379463524929059,0.5786909725299266
sub-27,silence,4,0,56250,61250,True,True,0.6210422352068526,0.5658243428642856,0.4818369599947683,0.6648954299577298,0.16348,0.37745445707839465,0.16348,0.607665846908134,0.5267818496885941,0.5323549432381444
sub-27,stim,5,1,61250,66250,True,True,0.6296322583438979,0.5518426969265949,0.5465945604605872,0.4847829395473944,0.08893799999999999,0.172779938035592,0.08893799999999999,0.5678502017775476,0.48233754948670454,0.5703870791623836
sub-27,stim,5,2,66250,71250,True,True,0.7344922407745571,0.5963468961098185,0.4962212470948918,0.6049570888478456,0.10017,0.26895094179905327,0.10017,0.453650096864507,0.531768366064604,0.5228162807799939
sub-27,silence,5,0,71250,76250,True,True,0.5845236757861842,0.586847018863829,0.5547496759038616,0.6883887487246629,0.168354,0.2017592408119212,0.168354,0.6205866164550817,0.7011821635033882,0.5727806091711996
sub-27,stim,6,1,76250,81250,True,True,0.6335190545927469,0.5559782843317825,0.5517557333659014,0.5529795738677917,0.167376,0.28860662876966275,0.167376,0.6646264436195165,0.5718810263951605,0.4701806731729938
sub-27,stim,6,2,81250,86250,True,True,0.5931547142745512,0.5916017821227847,0.48882029238692887,0.5792588803810453,0.175072,0.19869060100983255,0.175072,0.44955909678495304,0.6921572691269295,0.5964825308046082
sub-27,silence,6,0,86250,91250,True,True,0.6882349601393214,0.5665968793873253,0.66178817058628,0.5633022766354356,0.163806,0.27783923054776394,0.163806,0.5396323604566178,0.6953746617298635,0.5667723234639187
sub-27,stim,7,1,91250,96250,True,True,0.5456109344847516,0.555624324429025,0.5082606021651044,0.5016556253732429,0.22854399999999997,0.3658691907366468,0.22854399999999997,0.44869608851267345,0.5455972346548412,0.4131775172521449
sub-27,stim,7,2,96250,101250,True,True,0.6502652866663206,0.5837182018911692,0.5448521746669261,0.6454139112631805,0.14109,0.2397000170160589,0.14109,0.5449809991817313,0.5949674425896078,0.44635637046946314
sub-27,silence,7,0,101250,106250,True,True,0.5936789572452136,0.4915269160456653,0.6556958566598914,0.6021282972949911,0.17412799999999998,0.26708700149758563,0.17412799999999998,0.5459066183903961,0.678262473376991,0.6462173496119661
sub-27,stim,8,1,106250,111250,True,True,0.5920198859117417,0.582347823608215,0.6238819550041184,0.5584001972010245,0.119518,0.21812906410169078,0.119518,0.4190514426263907,0.5411525507697772,0.5700706436085458
sub-27,stim,8,2,111250,116250,True,True,0.5839328591667738,0.5625897232061325,0.5611856747416225,0.629174819710526,0.212928,0.2535035803295691,0.212928,0.5896171832423182,0.6246714469545541,0.558669902382227
sub-27,silence,8,0,116250,121250,True,True,0.41997554656922526,0.5626368529976492,0.36415768006163757,0.5865957760623256,0.12689999999999999,0.20526899563754866,0.12689999999999999,0.46446926658757165,0.5308260567663331,0.662636146357649
sub-27,stim,9,1,121250,126250,True,True,0.5162570081368084,0.44991948115867086,0.6334649086056853,0.5972969061467162,0.21397,0.34698249504688516,0.21397,0.4510267430065567,0.4898747337011652,0.379341073248841
sub-27,stim,9,2,126250,131250,True,True,0.5558264622495251,0.5349238166657944,0.5318470472793699,0.6477513346135896,0.09484000000000002,0.19530095965332855,0.09484000000000002,0.5285663599519662,0.587557335654218,0.5579556129582384
sub-27,silence,9,0,131250,136250,True,True,0.5308891041081489,0.5689824426040357,0.40099915380499707,0.4520261785167806,0.157722,0.2930227524844649,0.157722,0.4145421723615618,0.4505362035784258,0.5171182131678362
sub-27,stim,10,1,136250,141250,True,False,0.46202949835879215,0.6392780731254696,0.5528204024656854,0.6855855289285315,0.10168,0.18168940799184896,0.10168,0.5476332781746472,0.4822551503806032,0.4714538284647769
sub-27,stim,10,2,141250,146250,True,False,0.4901245266156641,0.625313950632258,0.5828480821856747,0.5269321146264331,0.182996,0.3909215163777047,0.182996,0.6269199866330802,0.5065461080823408,0.604023564510791
sub-28,stim,1,1,1250,6250,True,True,0.5802628811904793,0.5966247009917763,0.5516330224678221,0.5129684320342536,0.17580399999999996,0.2560806151603995,0.17580399999999996,0.709729230854756,0.6199131518550434,0.6728538157411664
sub-28,stim,1,2,6250,11250,True,True,0.5912547940466399,0.5238194807858229,0.6023539394979124,0.65641593845483,0.124876,0.1495185945891092,0.124876,0.5601608851145589,0.5942453985940098,0.5903248647148103
sub-28,silence,1,0,11250,16250,True,True,0.5684154279395377,0.635749558578976,0.5999469880261573,0.6129545872769483,0.18878599999999998,0.31116814266784926,0.18878599999999998,0.6468660804272633,0.550206668817738,0.6644194877225877
sub-28,stim,2,1,16250,21250,True,True,0.5111382498173147,0.6051190998393962,0.619287057855047,0.5477344829875438,0.19457999999999998,0.3584562814402109,0.19457999999999998,0.5597872575507661,0.5526405754627998,0.5314517985042486
sub-28,stim,2,2,21250,26250,True,True,0.5714581472871897,0.5819642633631456,0.5878569860676152,0.6319903183471943,0.10306000000000001,0.2022208225552889,0.10306000000000001,0.5761265845955047,0.5371629146779127,0.6124706495942808
sub-28,silence,2,0,26250,31250,True,True,0.4615017829959676,0.5480266128442218,0.5274371452835706,0.5114728547059119,0.127304,0.17912513410928754,0.127304,0.5156851916437482,0.558718229732938,0.6280424944519079
sub-28,stim,3,1,31250,36250,True,True,0.5614789140526933,0.5077204712421444,0.4802742652970394,0.5380533798393295,0.188352,0.3804535223460921,0.188352,0.586582093374132,0.5805177934404503,0.6219264103177181
sub-28,stim,3,2,36250,41250,True,True,0.562562038373267,0.5285904558692543,0.5209245541316768,0.5649686048106013,0.15822799999999998,0.31560651227160524,0.15822799999999998,0.5519270328701561,0.5158030855206831,0.5465854045618275
sub-28,silence,3,0,41250,46250,True,True,0.5113425783871659,0.4935327180147685,0.5001899062252727,0.499653689079922,0.21107800000000002,0.39125439303741527,0.21107800000000002,0.5017583936785329,0.5312826523620702,0.5530259533730102
sub-28,stim,4,1,46250,51250,True,True,0.6650394707557367,0.5555345596994298,0.6193085948083494,0.6458993778057556,0.304494,0.4798964602567638,0.304494,0.518855075044313,0.6207487703150408,0.6894891038895377
sub-28,stim,4,2,51250,56250,True,True,0.6343739087648997,0.4734112719911625,0.5870744020236297,0.5882415944551347,0.152716,0.2861087830963891,0.152716,0.6337564696674559,0.6343317187697126,0.5513683457097598
sub-28,silence,4,0,56250,61250,True,True,0.43240712574313406,0.722614318217918,0.4599279354914457,0.6492007279089979,0.074024,0.10387628104267124,0.074024,0.5809128691396517,0.5234678760089754,0.5344935536083867
sub-28,stim,5,1,61250,66250,True,True,0.6207947127238109,0.5397472331761647,0.5861627319166206,0.47868578740480944,0.19732,0.3705739050990532,0.19732,0.6232740945312422,0.6526863258660646,0.6238685451614845
sub-28,stim,5,2,66250,71250,True,True,0.5098047426565702,0.6242662056253546,0.48468604950407973,0.4923120500064473,0.130828,0.2531701006981425,0.130828,0.4985258067122531,0.5184518704588733,0.5100688031295773
sub-28,silence,5,0,71250,76250,True,True,0.5948994563276101,0.5432209373431289,0.6557295172536775,0.5139451236699585,0.115368,0.21824542334466482,0.115368,0.5528289200514805,0.5116557485920439,0.48417348038147223
sub-28,stim,6,1,76250,81250,True,True,0.5899724499468745,0.6203367780946035,0.5469321662607983,0.561937050698057,0.10321799999999999,0.13594568560485829,0.10321799999999999,0.5484019848940478,0.5444615017969597,0.4660869632110953
sub-28,stim,6,2,81250,86250,True,True,0.5632861290891227,0.6059296021115724,0.5412062380185471,0.5941147923325866,0.191072,0.21413098993935126,0.191072,0.5234131087273128,0.6272723260832903,0.5397594427380605
sub-28,silence,6,0,86250,91250,True,True,0.5657718774621214,0.5495047537914878,0.6549262827377825,0.5688598636822342,0.139832,0.2042247930492487,0.139832,0.6710089401365076,0.5837968457512905,0.5603554131831789
sub-28,stim,7,1,91250,96250,True,True,0.5513398817445038,0.5767213421942725,0.5282563707907993,0.5510033813037669,0.09449,0.13985659292281197,0.09449,0.5144722735047864,0.6434106115146583,0.6385282547514365
sub-28,stim,7,2,96250,101250,True,True,0.6234310948616304,0.4612836273790645,0.6731182039551061,0.592740671915131,0.10686800000000002,0.16337229309987764,0.10686800000000002,0.6221811231421895,0.5313526488786331,0.6708119241093226
sub-28,silence,7,0,101250,106250,True,True,0.5222337424374498,0.6768017550362495,0.6506447282992278,0.6871134659072211,0.25279399999999996,0.3948521810094167,0.25279399999999996,0.5140915596366995,0.5642983294534512,0.599957186207903
sub-28,stim,8,1,106250,111250,True,True,0.5030981032496796,0.451213169371697,0.6840641951819576,0.6098862770916351,0.15987399999999996,0.1950044427392759,0.15987399999999996,0.5929681909862837,0.607789735624771,0.6164930780897566
sub-28,stim,8,2,111250,116250,True,True,0.5654360112551126,0.7437930550940773,0.5770213773119444,0.6265067983505869,0.17352800000000002,0.3111679195056663,0.17352800000000002,0.6068594178931691,0.5775865532464004,0.5017499897142743
sub-28,silence,8,0,116250,121250,True,True,0.5371946570194166,0.5083668024183119,0.5284004121597166,0.5456516600073145,0.185108,0.29591838197639303,0.185108,0.5964421326944175,0.4349405095181155,0.5130071659174641
sub-28,stim,9,1,121250,126250,True,True,0.6961252743489564,0.5598691991649392,0.6314097963376083,0.5773398831216597,0.14013799999999998,0.203940104614557,0.14013799999999998,0.48710280138871875,0.6395967651621142,0.5975146122727591
sub-28,stim,9,2,126250,131250,True,True,0.5945284296950872,0.6496067426511596,0.6311811554553394,0.5151235994698498,0.151898,0.2751830566373924,0.151898,0.5620170055520493,0.5845568981624999,0.6622020747401458
sub-28,silence,9,0,131250,136250,True,True,0.6603437415460796,0.6263502317206414,0.5800462084166417,0.6573005844735326,0.10124599999999999,0.13845588723255883,0.10124599999999999,0.6209425264519841,0.6192946690691095,0.5906586845218609
sub-28,stim,10,1,136250,141250,True,False,0.5475528682012716,0.6774044527944,0.620407171417751,0.6648520054753954,0.0873,0.2315184789764534,0.0873,0.5883350924716708,0.5236164892768764,0.626277408668654
sub-28,stim,10,2,141250,146250,True,False,0.5873458327785063,0.6963201388045503,0.5770353188857122,0.639860738943074,0.125828,0.13975475412640861,0.125828,0.553489641477914,0.7029819797922104,0.6420308669896246
sub-29,stim,1,1,1250,6250,True,True,0.860064894796796,0.8659852646641483,0.8452676844274215,0.9025599760346202,0.14619,0.270196699706862,0.14619,0.8079539831398364,0.8779460992280758,0.824159232459234
sub-29,stim,1,2,6250,11250,True,True,0.8124482175169428,0.8796220478885826,0.8649693839053145,0.8980151050428716,0.168964,0.35136014239787916,0.168964,0.7713221206003701,0.8494831763315521,0.8473959709232074
sub-29,silence,1,0,11250,16250,True,True,0.8103541391919842,0.8365872673866395,0.7838690841561352,0.84325526447502,0.14649399999999999,0.23712664864156804,0.14649399999999999,0.8069268629472078,0.7970971412968467,0.7106527530346963
sub-29,stim,2,1,16250,21250,True,True,0.8937095578469354,0.8454413238670526,0.8416053502519992,0.8807075058186237,0.154458,0.3877828413279667,0.154458,0.8735480320713174,0.8868132208319952,0.8820772045954746
sub-29,stim,2,2,21250,26250,True,True,0.8821966190524299,0.7222121021479032,0.7857465212366431,0.7487520315266896,0.06954400000000001,0.14163357218964098,0.06954400000000001,0.8543980069806517,0.8779053137623838,0.7172375290108417
sub-29,silence,2,0,26250,31250,True,True,0.7560693765654273,0.8385126639884163,0.8475244491315455,0.765188212122951,0.115592,0.259445822487603,0.115592,0.8286924543319593,0.8140734124722613,0.7910135091006151
sub-29,stim,3,1,31250,36250,True,True,0.8390510868369438,0.8396866287765054,0.860451297018129,0.8311667009478828,0.10298000000000002,0.170522157417154,0.10298000000000002,0.8570430969046311,0.8881576209616908,0.8329069823557941
sub-29,stim,3,2,36250,41250,True,True,0.8223781736199288,0.7223088370116791,0.849561834691932,0.8581545816919239,0.133822,0.22147806358166616,0.133822,0.8308552731741831,0.8629915719613437,0.7645443115733321
sub-29,silence,3,0,41250,46250,True,True,0.8682367175895331,0.8037621717105781,0.705201469355467,0.7665074460490318,0.141812,0.37538078102032657,0.141812,0.8326637257918307,0.8615645105559184,0.8103193638392616
sub-29,stim,4,1,46250,51250,True,True,0.86191672514952,0.8301793747794218,0.7852249140896914,0.8442313711517767,0.223536,0.28473664044863634,0.223536,0.8275360510477386,0.7493085774532565,0.8438812018564312
sub-29,stim,4,2,51250,56250,True,True,0.7953647084773843,0.8665056561361104,0.8754057753388257,0.8317765909206183,0.135246,0.21200807812546565,0.135246,0.7990446954276519,0.7436073550076793,0.7592511913453689
sub-29,silence,4,0,56250,61250,True,True,0.8412566112881791,0.7863720310424881,0.7923794419695542,0.8046675737990137,0.25913200000000003,0.35492155643342566,0.25913200000000003,0.759994014834356,0.8233392006623975,0.8098297833638827
sub-29,stim,5,1,61250,66250,True,True,0.8082187941922934,0.7512182300821223,0.8411560645168942,0.9006421328828347,0.134686,0.22742845332493056,0.134686,0.8024093156041888,0.7816639279957475,0.801329744307603
sub-29,stim,5,2,66250,71250,True,True,0.7569898581803794,0.8148413799742356,0.7655816895510388,0.786997418584516,0.204422,0.35251824609382565,0.204422,0.6133208580252734,0.8304742039869624,0.8427462537786613
sub-29,silence,5,0,71250,76250,True,True,0.7724740170874957,0.805790567644388,0.8047811220246812,0.8834343296920085,0.10392,0.14722142788163733,0.10392,0.841884530235303,0.7912161497872696,0.8496146599323408
sub-29,stim,6,1,76250,81250,True,True,0.8158559851505389,0.8219634296783852,0.8752829657007066,0.849455086985441,0.19293599999999997,0.40206832532942327,0.19293599999999997,0.7745026659762416,0.7615303886380635,0.7861121878141967
sub-29,stim,6,2,81250,86250,True,True,0.7892379930525117,0.8283334212340969,0.8314547047362049,0.785777362743201,0.127508,0.22305214462731088,0.127508,0.7626636300314417,0.7449780889985214,0.6665305607336957
sub-29,silence,6,0,86250,91250,True,True,0.8156611437772157,0.8271161305624488,0.8353375903743279,0.7650164202204024,0.115716,0.21667972319018275,0.115716,0.7528956658995786,0.8301166519950642,0.7897196294810024
sub-29,stim,7,1,91250,96250,True,True,0.7991075908496557,0.8137714879293528,0.8212516434978215,0.8723985469058474,0.4274160000000001,0.5591839311415935,0.4274160000000001,0.7603655571710081,0.7797034591296359,0.8003812342208748
sub-29,stim,7,2,96250,101250,True,True,0.8225608356438536,0.848506758353671,0.7629194069910966,0.7757368830050286,0.256428,0.5282900205980706,0.256428,0.8560543369384837,0.6759765573723956,0.7695236571305355
sub-29,silence,7,0,101250,106250,True,True,0.6891891382473522,0.7828110242316914,0.7623116946551823,0.8197968919855352,0.13201000000000002,0.14680803034422954,0.13201000000000002,0.8097683784079512,0.7433562271737401,0.6826990163514844
sub-29,stim,8,1,106250,111250,True,True,0.7735638074934067,0.7495655506406638,0.7538880807110657,0.6680550236413478,0.141864,0.17142579685366285,0.141864,0.7837896180080725,0.8036775715970148,0.7723028923937352
sub-29,stim,8,2,111250,116250,True,True,0.6839949603894468,0.7840667456089307,0.8198153470544383,0.8701667773745574,0.22785400000000003,0.41758262147623904,0.22785400000000003,0.8302626363541851,0.7917456862048173,0.7523949427785089
sub-29,silence,8,0,116250,121250,True,True,0.7158702142964205,0.7469470550621266,0.7312685336696032,0.7461654321749884,0.099874,0.16760291130765467,0.099874,0.8035002539823857,0.6719135513458804,0.7658296791149436
sub-29,stim,9,1,121250,126250,True,True,0.7797818889840946,0.7556000993146759,0.8000177967947374,0.8062581417966492,0.116136,0.1700304992639291,0.116136,0.851407764742033,0.7559978434405882,0.7664140511888169
sub-29,stim,9,2,126250,131250,True,True,0.7781316959229007,0.7954344917683389,0.7889590298913501,0.7741433636613437,0.271694,0.44551367864159497,0.271694,0.8006149745803955,0.8030501679057105,0.7487702807566982
sub-29,silence,9,0,131250,136250,True,True,0.7287223911364284,0.7126767890238582,0.804281377073647,0.7092113000546676,0.13553800000000002,0.219932912678035,0.13553800000000002,0.7435313428921504,0.7258144603828837,0.7280762824558389
sub-29,stim,10,1,136250,141250,True,False,0.7503479182647436,0.7430498641232418,0.7497086165970279,0.8158825746032669,0.09808800000000001,0.22701306698955911,0.09808800000000001,0.763317527048925,0.7983431746904307,0.7566344565380345
sub-29,stim,10,2,141250,146250,True,False,0.7028939654340729,0.711536616885831,0.7327179194510504,0.737126087651515,0.08649199999999999,0.1847138336748529,0.08649199999999999,0.7076833595951499,0.7891163263238131,0.6732813518331641
sub-30,stim,1,1,1250,6250,True,True,0.7712101749004211,0.8298735812909837,0.717185636587676,0.7288694295159819,0.150306,0.22356519619747403,0.150306,0.8135863296475584,0.6531832120470833,0.7754483812028627
sub-30,stim,1,2,6250,11250,True,True,0.778207506542631,0.7996987042731667,0.6776628565807333,0.7885352109350093,0.15324400000000002,0.3998845428896151,0.15324400000000002,0.7850709087128065,0.8156759979767354,0.7612611653217856
sub-30,silence,1,0,11250,16250,True,True,0.761144222877461,0.8315311815467362,0.6914501388196814,0.600406788084203,0.081346,0.259251313529803,0.081346,0.7263236575939866,0.778090852101915,0.7250658273922242
sub-30,stim,2,1,16250,21250,True,True,0.6919089081042609,0.7109680203890827,0.6558413800607664,0.7832770793514267,0.176732,0.30912550908445574,0.176732,0.6200910185477894,0.7126884358935669,0.6684385980266737
sub-30,stim,2,2,21250,26250,True,True,0.8028731797454333,0.6989365242535157,0.6359142091905688,0.7911451634273037,0.164822,0.24110471665306193,0.164822,0.6137627452665602,0.7275662802457481,0.6871779126392376
sub-30,silence,2,0,26250,31250,True,True,0.8268887776603759,0.7918502850697295,0.6792163690120111,0.6860965895472154,0.281452,0.39267145404589193,0.281452,0.7100359123199033,0.7360333422114701,0.7121756369459455
sub-30,stim,3,1,31250,36250,True,True,0.7644815774673621,0.8361762859055486,0.7064708158438353,0.8346047319634535,0.17768,0.2255685123327653,0.17768,0.7423555289418293,0.6003172562217138,0.5860745358725041
sub-30,stim,3,2,36250,41250,True,True,0.776516865517681,0.7228547440460806,0.6304927920330043,0.6963374460291942,0.140192,0.2895338536248234,0.140192,0.7911720215917305,0.7192692532017609,0.6892396995429118
sub-30,silence,3,0,41250,46250,True,True,0.7475760701879315,0.7061876069580273,0.6692126164529756,0.692811683984182,0.105352,0.15417624455423007,0.105352,0.6829603947508364,0.6810992754703536,0.7125320006330665
sub-30,stim,4,1,46250,51250,True,True,0.824014628598739,0.6894533907476323,0.6986384765557117,0.7806120899753453,0.160684,0.2458536818916093,0.160684,0.8017010849344356,0.7770275626468048,0.7043262874081193
sub-30,stim,4,2,51250,56250,True,True,0.6883556545832971,0.6534915840635241,0.7776497367137193,0.8436476328356483,0.15199400000000002,0.22292712978139703,0.15199400000000002,0.7820311635654926,0.6744816159502429,0.6125708757420145
sub-30,silence,4,0,56250,61250,True,True,0.6359989487194452,0.6655349158745264,0.7816735987858131,0.7675355268645707,0.14444200000000001,0.24251289890502611,0.14444200000000001,0.7055440046983952,0.7280905078447705,0.571998763688973
sub-30,stim,5,1,61250,66250,True,True,0.7436992383790283,0.7429186568634705,0.5833533825439682,0.6279297719354808,0.125838,0.22430285284218843,0.125838,0.6204235443948024,0.6858629850569986,0.7280588164270632
sub-30,stim,5,2,66250,71250,True,True,0.7752710372419938,0.6848692517705192,0.7012790101952656,0.6917619556008496,0.17060000000000003,0.24320474067014672,0.17060000000000003,0.5580572004651374,0.7522636415956708,0.6678053277566858
sub-30,silence,5,0,71250,76250,True,True,0.7824413192494089,0.6166741712268942,0.6835998813997517,0.6774863292398254,0.31707799999999997,0.5567579358140587,0.31707799999999997,0.5893393721934873,0.7448666888774462,0.6535975043918644
sub-30,stim,6,1,76250,81250,True,True,0.7437961299994075,0.6757695176811892,0.6300533784661749,0.72660777238273,0.22006,0.3375175014623665,0.22006,0.7955628497480037,0.727397171414498,0.7432105101127954
sub-30,stim,6,2,81250,86250,True,True,0.7787046994054461,0.7321518811685326,0.625332596185542,0.7109105012032623,0.067178,0.12277580620350896,0.067178,0.7174487933815739,0.7414922771171706,0.6973242255648543
sub-30,silence,6,0,86250,91250,True,True,0.6907629693819143,0.6705224735857179,0.6949084299177889,0.6801951933542776,0.14898,0.1932623013958351,0.14898,0.7511281318438465,0.6134722107408046,0.6190282315308635
sub-30,stim,7,1,91250,96250,True,True,0.6976673590665098,0.7488513891879032,0.5980341663164117,0.701391826742163,0.12036000000000001,0.19206029026342397,0.12036000000000001,0.7356504095301366,0.6056852239419751,0.6608098074707368
sub-30,stim,7,2,96250,101250,True,True,0.6017641284432247,0.736136121568378,0.6767165516761031,0.7165509720987515,0.112828,0.16857374377602125,0.112828,0.584103632852447,0.6190322748498991,0.5783670258300588
sub-30,silence,7,0,101250,106250,True,True,0.7667641864698151,0.7066348464722446,0.7635333346236848,0.6101147625453496,0.126746,0.2207785145735773,0.126746,0.6312792358617068,0.6451391004266652,0.7042441228225824
sub-30,stim,8,1,106250,111250,True,True,0.8119833272103506,0.7276184730873959,0.5780920721949815,0.7133419859132711,0.127882,0.1640969070340563,0.127882,0.5820880323198291,0.6340246306063533,0.6033729410659774
sub-30,stim,8,2,111250,116250,True,True,0.7732873652016606,0.7135685472388639,0.638034150776434,0.7427335544976055,0.11970800000000001,0.2144296437633645,0.11970800000000001,0.6309371840844838,0.6215392073371651,0.7003525564446167
sub-30,silence,8,0,116250,121250,True,True,0.7882737416407004,0.6276371996541178,0.5233721702786593,0.6387770978681275,0.179238,0.23712412466736046,0.179238,0.7369077585969555,0.7492485076393615,0.5060817392141884
sub-30,stim,9,1,121250,126250,True,True,0.7406286263029844,0.6734839234842781,0.7448428077974256,0.7120342261534846,0.20456,0.2628783850869572,0.20456,0.5669850202371802,0.6334047866050991,0.6093351085979825
sub-30,stim,9,2,126250,131250,True,True,0.7714907649094872,0.7619204910609473,0.5906744974216863,0.6811763572893176,0.144578,0.18163283115447604,0.144578,0.6554690041327469,0.6565325245945683,0.603629176433928
sub-30,silence,9,0,131250,136250,True,True,0.7969218625262687,0.7097663952472041,0.6573418427245699,0.7422426321309799,0.133156,0.23395783573319,0.133156,0.6430610216550623,0.6730403044040487,0.5089049581262803
sub-30,stim,10,1,136250,141250,True,False,0.6754401245244863,0.6657134611891916,0.63353622727241,0.8856106280221263,0.09761800000000001,0.20178182506729517,0.09761800000000001,0.6319383180561375,0.7126096307519711,0.684247548729987
sub-30,stim,10,2,141250,146250,True,False,0.7407749666367949,0.665185187062503,0.6246042869407404,0.6464903610955972,0.14159400000000003,0.24064714049815683,0.14159400000000003,0.7387765132723797,0.6438958185843601,0.5828391031368622
sub-31,stim,1,1,1250,6250,True,True,0.5388853397562177,0.5414458589066156,0.60490878822351,0.7220441543421576,0.16510000000000002,0.3629959384982247,0.16510000000000002,0.6811010026666822,0.4772261801695323,0.5062040466729814
sub-31,stim,1,2,6250,11250,True,True,0.5699299279450205,0.5201765467634022,0.4313554705765958,0.7609941642220476,0.196724,0.3148128041840985,0.196724,0.6024535320565143,0.5343763789149621,0.6144739213265629
sub-31,silence,1,0,11250,16250,True,True,0.5808350446762007,0.5909362403322449,0.43694794873112364,0.4977011999991136,0.167866,0.28820243814312874,0.167866,0.5107540117824562,0.5557662115190457,0.5240079979931935
sub-31,stim,2,1,16250,21250,True,True,0.4335075744176799,0.5492061786200669,0.562375747231559,0.7225966029975556,0.20871800000000001,0.2903294408180661,0.20871800000000001,0.4883691484179961,0.5012203018094367,0.5860995949702529
sub-31,stim,2,2,21250,26250,True,True,0.5451847986469662,0.5996227326392303,0.5324807198928907,0.8076549573438147,0.276186,0.4160853659507991,0.276186,0.6319213922609118,0.639732583696394,0.5633860544196331
sub-31,silence,2,0,26250,31250,True,True,0.5230776092364031,0.495801630900053,0.45103718453484104,0.4863292607747718,0.160766,0.3070699481337181,0.160766,0.6196514117475873,0.5481398628161852,0.5517234052681915
sub-31,stim,3,1,31250,36250,True,True,0.5987832744530986,0.5516336781076018,0.4729555621973524,0.8083957432150071,0.182766,0.20846168438738188,0.182766,0.4910739244681557,0.5892531933913898,0.6155010915606443
sub-31,stim,3,2,36250,41250,True,True,0.48334536036222886,0.5935806336932886,0.5885588886735049,0.7969404965759418,0.28775999999999996,0.5123254638479267,0.28775999999999996,0.4957010126314607,0.5672482580861505,0.46465563225682693
sub-31,silence,3,0,41250,46250,True,True,0.35953642821966325,0.523973805193632,0.5147978771996964,0.4941310266929703,0.12376200000000001,0.22274512894670292,0.12376200000000001,0.6661317512148863,0.5676573694100834,0.5224945182961886
sub-31,stim,4,1,46250,51250,True,True,0.42856128838934,0.534319067803101,0.5661815949789267,0.7447788343548493,0.11960199999999999,0.17981228022361923,0.11960199999999999,0.556146467925503,0.5110070757030681,0.6055344580424095
sub-31,stim,4,2,51250,56250,True,True,0.5906954053159837,0.5234540677750981,0.4195982742193,0.7628824833196513,0.126064,0.2117857013670117,0.126064,0.5860761975302282,0.5130244348984111,0.561994260485493
sub-31,silence,4,0,56250,61250,True,True,0.5956014992755074,0.513243342396359,0.48830836381430814,0.5726617223262325,0.195412,0.28984875045772795,0.195412,0.5469077288395872,0.4353922891793501,0.5407460507235198
sub-31,stim,5,1,61250,66250,True,True,0.534183780529783,0.538803156647189,0.6050476215516304,0.8151845118134378,0.29098199999999996,0.41864454697619813,0.29098199999999996,0.47289998815839035,0.6885376526992653,0.4910906093164202
sub-31,stim,5,2,66250,71250,True,True,0.5224147838051068,0.6739568288984055,0.6037506672246367,0.8290615924419379,0.174894,0.31933487814682304,0.174894,0.5607950670461609,0.48651608309742017,0.46401217591967525
sub-31,silence,5,0,71250,76250,True,True,0.5193939602136898,0.5492932402531829,0.49739286600592775,0.6126367133165465,0.11208399999999999,0.15441106427186344,0.11208399999999999,0.5808677056547681,0.5495500357136298,0.5700317724943371
sub-31,stim,6,1,76250,81250,True,True,0.553476066022045,0.5163610417995512,0.4879068540901376,0.8111022190502549,0.266158,0.3525302195582966,0.266158,0.5316891483898413,0.583434799270415,0.3956588959435722
sub-31,stim,6,2,81250,86250,True,True,0.44031640561870306,0.6234148822228955,0.507669705885974,0.774420594613969,0.20101,0.3835061278932042,0.20101,0.44445997778155444,0.47457626476916476,0.5674594205239899
sub-31,silence,6,0,86250,91250,True,True,0.6818962908407381,0.574834560605313,0.5981388168408529,0.5052129931567109,0.12114999999999998,0.20487443941523914,0.12114999999999998,0.5050254169485516,0.6425542095891142,0.47611877895805244
sub-31,stim,7,1,91250,96250,True,True,0.6501107498738803,0.524597411438343,0.47701848381687034,0.8323384901477795,0.198644,0.27835266924661484,0.198644,0.5536626069495356,0.6140188381493767,0.5255835668314406
sub-31,stim,7,2,96250,101250,True,True,0.6293294237989913,0.4888034793043062,0.6369428194329783,0.8523747093566851,0.22665,0.3350585878303477,0.22665,0.5233862273244111,0.4688094297821405,0.49477989484158086
sub-31,silence,7,0,101250,106250,True,True,0.5101656826868922,0.5049938359505434,0.529120802039247,0.5236061401724433,0.18721,0.33696585805175444,0.18721,0.44368637766920316,0.5633736107425354,0.44007845412454927
sub-31,stim,8,1,106250,111250,True,True,0.5304233497252829,0.38246840995202597,0.6045522522399541,0.8739042279970244,0.202866,0.318819116251021,0.202866,0.44785682010098454,0.5645407906358492,0.4752641448376208
sub-31,stim,8,2,111250,116250,True,True,0.5962706585277487,0.55483222354616,0.5302486651720869,0.8552752268646254,0.09917200000000001,0.1620655324564718,0.09917200000000001,0.5259740795417079,0.5584552650836366,0.6128784105361603
sub-31,silence,8,0,116250,121250,True,True,0.5468948424373172,0.5274188763063695,0.5852479305412032,0.5786872926364621,0.167576,0.229137523501708,0.167576,0.5885205143030812,0.5914379949441365,0.5616578919412291
sub-31,stim,9,1,121250,126250,True,True,0.6487807774647656,0.5508420069636953,0.48319010032106435,0.7799998429515341,0.30705,0.4638074987221474,0.30705,0.5305615851920762,0.6017471249933862,0.6013163988004269
sub-31,stim,9,2,126250,131250,True,True,0.602383359485752,0.48492841524942065,0.5517942367085965,0.6981554950143593,0.20392599999999997,0.26474428986320503,0.20392599999999997,0.5621195713887955,0.514005403843808,0.5764380402417665
sub-31,silence,9,0,131250,136250,True,True,0.5924123381312525,0.5628930693683794,0.5503361530681175,0.48678318960771094,0.102498,0.1607714388262281,0.102498,0.4428919072205994,0.4797083512045174,0.5498678666048069
sub-31,stim,10,1,136250,141250,True,False,0.5760282465492793,0.4624512498330877,0.42227276816942977,0.8214365240795439,0.123038,0.27419265848077634,0.123038,0.5465379186491992,0.5536488198465197,0.5993573627376947
sub-31,stim,10,2,141250,146250,True,False,0.584762697654233,0.4974285930173348,0.47670510884787304,0.711085634161482,0.256132,0.41779314420507463,0.256132,0.5464208624601256,0.5045687727079776,0.5237555241892811
sub-32,stim,1,1,1250,6250,True,True,0.41291165006365504,0.5416667809970762,0.44565827447163886,0.7794267604774877,0.320828,0.4196534638966463,0.320828,0.43502957771204087,0.3592792938985556,0.5662990643472068
sub-32,stim,1,2,6250,11250,True,True,0.37920394495569865,0.4951470896711788,0.43542666612487124,0.7855204140188445,0.245336,0.3904159494479259,0.245336,0.4502580258460256,0.4204646854285261,0.3213623168589701
sub-32,silence,1,0,11250,16250,True,True,0.5500014173456308,0.3915450979524593,0.4451183658799804,0.5051312135932589,0.16456800000000002,0.22098245083287765,0.16456800000000002,0.44640907663320684,0.45270311461665136,0.45037804969695927
sub-32,stim,2,1,16250,21250,True,True,0.48105246525874146,0.4249129673402377,0.3380324404365575,0.6854658404946804,0.16748000000000002,0.25437435874638525,0.16748000000000002,0.48253200610929925,0.3728922242900184,0.45190352126155325
sub-32,stim,2,2,21250,26250,True,True,0.48825728138628677,0.4944774024870342,0.3713581528228867,0.7095893476028372,0.14224399999999998,0.20050679878131702,0.14224399999999998,0.5026868325649533,0.44309502990666005,0.3718214197692254
sub-32,silence,2,0,26250,31250,True,True,0.46166994755797347,0.5931422381668364,0.42991464297183307,0.47339992084200433,0.18035199999999998,0.23779629715961093,0.18035199999999998,0.45156130206308875,0.367839557310613,0.28186679715895385
sub-32,stim,3,1,31250,36250,True,True,0.46781767560647,0.42599684849953184,0.49117186332710633,0.6752721069777227,0.264654,0.39463749450219693,0.264654,0.46009131669161013,0.39387782674598315,0.35867408174696747
sub-32,stim,3,2,36250,41250,True,True,0.4862022573379761,0.4220371745848066,0.48277260606331734,0.5841003137960193,0.136916,0.15358105943740508,0.136916,0.3943780050721594,0.30284813534009336,0.2968263752118383
sub-32,silence,3,0,41250,46250,True,True,0.4791946481316557,0.4189796285196894,0.36995604601572507,0.40576218422193777,0.21860800000000002,0.3503019764042442,0.21860800000000002,0.38622379739920637,0.32583333783651897,0.39018397216321304
sub-32,stim,4,1,46250,51250,True,True,0.3971755316399669,0.45570876019349965,0.4813647348898519,0.6719751951857976,0.210248,0.31455016782486156,0.210248,0.42603989883558424,0.43438796029721904,0.316350241071951
sub-32,stim,4,2,51250,56250,True,True,0.45671429740068575,0.4032964042108671,0.47694672716280384,0.6863119291861566,0.126258,0.20727460779927795,0.126258,0.305164681051069,0.40226024808635424,0.32788981740096135
sub-32,silence,4,0,56250,61250,True,True,0.33725637952727927,0.4711729034544206,0.354659892399507,0.34564136582272503,0.12826600000000002,0.1252091259099275,0.12826600000000002,0.33445457543883533,0.4753583785774429,0.38150874662165224
sub-32,stim,5,1,61250,66250,True,True,0.4725491611214594,0.40346593504695777,0.3315968944176819,0.5126807760747223,0.18268600000000002,0.28719206318365187,0.18268600000000002,0.3247000874375265,0.3715163547318501,0.3800759401482563
sub-32,stim,5,2,66250,71250,True,True,0.4275763419960349,0.46507655699773764,0.43056667123830805,0.6887213490555749,0.20081,0.3588536830064271,0.20081,0.35712778028825937,0.37538737122416677,0.48335122053456303
sub-32,silence,5,0,71250,76250,True,True,0.35859152933328603,0.4565548260329359,0.3367275894811839,0.4130663249883584,0.147632,0.20751636809027843,0.147632,0.4395331101632246,0.36694182269405107,0.40067408567492263
sub-32,stim,6,1,76250,81250,True,True,0.40864393783845204,0.48884169374930797,0.3514927820773072,0.706226539077274,0.180836,0.22002811630405603,0.180836,0.3390998125046846,0.38028305513984134,0.3292547534857777
sub-32,stim,6,2,81250,86250,True,True,0.4400952219446604,0.59309304868954,0.4300765794769977,0.7013792268134114,0.15956599999999999,0.3079406423678384,0.15956599999999999,0.44955450346770925,0.3183298284696138,0.3933401309980573
sub-32,silence,6,0,86250,91250,True,True,0.510672535513957,0.47745809401605915,0.41077818226819623,0.3518872357671102,0.12759,0.20394063767852824,0.12759,0.5001866812599236,0.4341532483065676,0.4201894149453666
sub-32,stim,7,1,91250,96250,True,True,0.43868909212857565,0.38979359275839665,0.397109574604484,0.7406060324506814,0.194358,0.3131488029078005,0.194358,0.431806969383961,0.45738937684492526,0.3896066021978899
sub-32,stim,7,2,96250,101250,True,True,0.40821698114775345,0.3618943166122375,0.4649465998926239,0.6817316260880133,0.125682,0.17630788049636514,0.125682,0.4184428531948912,0.4679295731369587,0.5724763117024808
sub-32,silence,7,0,101250,106250,True,True,0.32769671137600637,0.49403347370919287,0.46855311651593057,0.43806099689391326,0.147966,0.2624400245925236,0.147966,0.3305672661079403,0.38571010552795587,0.38003961966448996
sub-32,stim,8,1,106250,111250,True,True,0.4069359329903983,0.4762628885236701,0.3918210197553302,0.6869567686094896,0.19968600000000003,0.26691128834494826,0.19968600000000003,0.40761033059855406,0.3707294263047903,0.2854005027166427
sub-32,stim,8,2,111250,116250,True,True,0.5500572678824934,0.33366410163481947,0.42959182167065,0.7642816861341939,0.154076,0.21258877149679214,0.154076,0.3746633747105138,0.3952877529269202,0.38392210627418843
sub-32,silence,8,0,116250,121250,True,True,0.4245419127398675,0.40419922574190875,0.4387844248626181,0.47758253371421255,0.19196199999999997,0.3024461139267408,0.19196199999999997,0.37403858525091666,0.33853304551122576,0.360321282878172
sub-32,stim,9,1,121250,126250,True,True,0.469393928357251,0.26909585660145935,0.47133581497775184,0.6785952973847571,0.18881799999999999,0.28617251889195183,0.18881799999999999,0.38978172560022045,0.2615813664571254,0.27863982395285775
sub-32,stim,9,2,126250,131250,True,True,0.40502155041096616,0.4398885944997212,0.4188703153749664,0.6571444024872527,0.26319400000000004,0.427635069703669,0.26319400000000004,0.4274653906360632,0.27798412007247675,0.3709042166264127
sub-32,silence,9,0,131250,136250,True,True,0.38944990330651463,0.3593360486167678,0.2882321975484613,0.4345233420754855,0.094034,0.14545342804909256,0.094034,0.40990345902043757,0.2739639987062334,0.37639195218918003
sub-32,stim,10,1,136250,141250,True,False,0.4425963030335456,0.4449620403460994,0.33631700107659496,0.6443164276691715,0.133912,0.20393537155198097,0.133912,0.3260270635893611,0.3334568595110555,0.47454765619044537
sub-32,stim,10,2,141250,146250,True,False,0.35282771281312664,0.4554141263246412,0.41789741081559106,0.7530071189299937,0.22770799999999997,0.36253901776711656,0.22770799999999997,0.45181091986339106,0.3561532711179251,0.3950910804671606
sub-33,stim,1,1,1250,6250,True,True,0.6957710244565601,0.724195308129845,0.6671616524588464,0.745845234484974,0.11220600000000001,0.2121147821546105,0.11220600000000001,0.6421121786391057,0.6533412376043876,0.5717921601462599
sub-33,stim,1,2,6250,11250,True,True,0.6711310111592929,0.6877413946731779,0.6323785528017684,0.5621659385723862,0.139904,0.15715701444453598,0.139904,0.6896411991074686,0.5238123404212222,0.6150192768388811
sub-33,silence,1,0,11250,16250,True,True,0.7406749567984292,0.7243878225179085,0.6508945124564582,0.6150700899511884,0.13540000000000002,0.2009546559974092,0.13540000000000002,0.7112859640621463,0.6403548784293109,0.5358815906833755
sub-33,stim,2,1,16250,21250,True,True,0.7051085735829594,0.6952136158902275,0.7002023577856895,0.6175973442244751,0.20865999999999998,0.27460662573306527,0.20865999999999998,0.7533853294167513,0.5959704295058131,0.6402839552847819
sub-33,stim,2,2,21250,26250,True,True,0.6478253065899301,0.7010295121127893,0.6766874170868037,0.6882470833386236,0.131272,0.17557002137300629,0.131272,0.6604072228745721,0.606176788726185,0.5894059076511098
sub-33,silence,2,0,26250,31250,True,True,0.7701778840735767,0.6220397330188174,0.6107976470045581,0.5554127242464704,0.102644,0.1713184513795266,0.102644,0.48627882769645775,0.6338205333537954,0.5498737445018483
sub-33,stim,3,1,31250,36250,True,True,0.6976820573313611,0.6209465955327906,0.6545084651497103,0.5439727600337699,0.140672,0.2918077752396654,0.140672,0.6024205375274263,0.5834357909916444,0.6102484879403255
sub-33,stim,3,2,36250,41250,True,True,0.6942277486691899,0.6358113195007306,0.6643256759641955,0.5529564429919415,0.233746,0.382366101687525,0.233746,0.6553738054179593,0.7289565526278211,0.7285860113562868
sub-33,silence,3,0,41250,46250,True,True,0.6692605716866734,0.7304886043237446,0.6525280072803378,0.6793441307689079,0.119816,0.1948742922460892,0.119816,0.7019478820973382,0.7419776131987591,0.599870728311462
sub-33,stim,4,1,46250,51250,True,True,0.6295917506899813,0.6273474384367538,0.6726223528770138,0.5916754402598167,0.184744,0.29623945404350355,0.184744,0.7486277726525276,0.6268571063905776,0.6064943717250783
sub-33,stim,4,2,51250,56250,True,True,0.6349623901595864,0.5213074326611431,0.7838800297148856,0.5818508137736829,0.115784,0.2599489631208514,0.115784,0.7173908835530011,0.5828587788063092,0.5713507255369028
sub-33,silence,4,0,56250,61250,True,True,0.7212438882186873,0.723216678682968,0.6800574289035566,0.6992761127997675,0.138436,0.2408269791698103,0.138436,0.6610945537422082,0.5868828146814915,0.5709745924238576
sub-33,stim,5,1,61250,66250,True,True,0.6780840912672804,0.6679501616929586,0.6227583254497663,0.6922406162894394,0.18223199999999998,0.3643958965714276,0.18223199999999998,0.6380603881492805,0.6121599640447004,0.5681034137774784
sub-33,stim,5,2,66250,71250,True,True,0.5820245899164734,0.5779361111465419,0.5870938276727748,0.6415888414759524,0.13879000000000002,0.25541753946239815,0.13879000000000002,0.6845529385776608,0.6268812276813736,0.577957688171073
sub-33,silence,5,0,71250,76250,True,True,0.5636496024198275,0.6090972190715811,0.5614705346372385,0.6419534848927362,0.20748800000000003,0.35179074284996514,0.20748800000000003,0.5810191765318996,0.601608341420749,0.6892973579088121
sub-33,stim,6,1,76250,81250,True,True,0.5708398332904508,0.6590324617971229,0.6960757631785112,0.48007640365894616,0.13788999999999998,0.24889449426081037,0.13788999999999998,0.6609681058724343,0.6663428910806478,0.5865504393841142
sub-33,stim,6,2,81250,86250,True,True,0.5710220999685258,0.6916798633280183,0.6013595774358795,0.7226597226695841,0.21073599999999998,0.3098313208543504,0.21073599999999998,0.59137166511922,0.6824839708648075,0.6259754260694247
sub-33,silence,6,0,86250,91250,True,True,0.5077752803008204,0.6157596670069501,0.7525309037780441,0.7300824824260355,0.09533799999999999,0.153324950792404,0.09533799999999999,0.6197215198853726,0.6411750242029046,0.807453867706574
sub-33,stim,7,1,91250,96250,True,True,0.6517354866666919,0.7127617191870411,0.5607141125044948,0.5458182775247066,0.190778,0.40102340846879875,0.190778,0.6938145440516739,0.5593906178276922,0.6060937293142129
sub-33,stim,7,2,96250,101250,True,True,0.6060438773413628,0.6091400798347401,0.6028660472150276,0.6682528266397084,0.18446400000000002,0.34203727505662374,0.18446400000000002,0.5715224589386765,0.6437217712853268,0.6281790959645497
sub-33,silence,7,0,101250,106250,True,True,0.7005475881563424,0.596959356411635,0.6600938545415037,0.6925569697512987,0.18346600000000002,0.34816071263782794,0.18346600000000002,0.5736963139297976,0.6304823737140772,0.5770815658193453
sub-33,stim,8,1,106250,111250,True,True,0.6032430558310806,0.5981010959591957,0.5993548622449376,0.7705467810331228,0.102728,0.16694655876511574,0.102728,0.5818830292971441,0.4733702895947438,0.6468462562605036
sub-33,stim,8,2,111250,116250,True,True,0.6162392668328472,0.6014634474645794,0.6891588325475291,0.605203432502549,0.135244,0.16989988785591043,0.135244,0.6082380544404556,0.5941542499355899,0.6270278361825222
sub-33,silence,8,0,116250,121250,True,True,0.6572312960954896,0.708704201313532,0.6194860811429973,0.7015818053917416,0.16468200000000002,0.3033403470196856,0.16468200000000002,0.6301074157824328,0.7203344137848632,0.6826049358815169
sub-33,stim,9,1,121250,126250,True,True,0.5961210755938307,0.6743379815313598,0.5447205090272285,0.5197802898078474,0.10724399999999999,0.14970468422272343,0.10724399999999999,0.5741673770618406,0.6204729963923316,0.543434389477285
sub-33,stim,9,2,126250,131250,True,True,0.6115666340563247,0.7106742306347757,0.6453622164338882,0.620435246901555,0.16081800000000002,0.3173951456388865,0.16081800000000002,0.610481967207398,0.5837217120290924,0.5266867466304315
sub-33,silence,9,0,131250,136250,True,True,0.5865014359622208,0.7341312069160202,0.7220666145008685,0.6017865230921384,0.264016,0.2997535777533573,0.264016,0.6345789851021162,0.6340149950889716,0.523535261411486
sub-33,stim,10,1,136250,141250,True,False,0.7853833608721732,0.6606509090813026,0.5958698969237526,0.6901491334519051,0.119936,0.17033038306709308,0.119936,0.6412108137520834,0.726344992720704,0.6785202802759174
sub-33,stim,10,2,141250,146250,True,False,0.650526990822742,0.6852923713597394,0.7479788619787842,0.5753244880615348,0.11451,0.24434383808397317,0.11451,0.6504504106530704,0.6500370613232197,0.5814958411472105
sub-34,stim,1,1,1250,6250,True,True,0.720566983951299,0.7501742653601788,0.6679474558606157,0.5584975930383975,0.11457200000000001,0.291979214729478,0.11457200000000001,0.7099936963227022,0.620200574999398,0.6268942992759311
sub-34,stim,1,2,6250,11250,True,True,0.7136393706460055,0.6590005742304471,0.6317076349502224,0.6467160208227876,0.13899,0.18591504843898232,0.13899,0.5445148936739287,0.6895183375356295,0.47982704274423776
sub-34,silence,1,0,11250,16250,True,True,0.635448371477327,0.6529106403900949,0.5417312848491762,0.7221794653530431,0.17077599999999996,0.25589136353268493,0.17077599999999996,0.6797313723013784,0.6775183597779458,0.612561893063073
sub-34,stim,2,1,16250,21250,True,True,0.6751490605300848,0.7042936152327486,0.6105990334807775,0.6118662026743774,0.124744,0.2552572688473044,0.124744,0.690746865582954,0.5524580425988134,0.5793285006299813
sub-34,stim,2,2,21250,26250,True,True,0.613355698325948,0.614470606554826,0.55794952866428,0.6201181748856454,0.19032400000000002,0.3526174414131238,0.19032400000000002,0.7097961681294451,0.6673189490929662,0.606556934768123
sub-34,silence,2,0,26250,31250,True,True,0.6406074859195006,0.6474745656164069,0.6214807609161596,0.6734079673857042,0.143902,0.2363052987773045,0.143902,0.6265006557994756,0.6144506299417318,0.6504543827116328
sub-34,stim,3,1,31250,36250,True,True,0.6913192606591203,0.7308000520976747,0.625809684278536,0.6966968449900903,0.09615800000000001,0.10872932323744014,0.09615800000000001,0.5985369251122599,0.6385237955380131,0.6266549474121815
sub-34,stim,3,2,36250,41250,True,True,0.7441028549801516,0.6409217478476797,0.6566890146631575,0.6623990097808493,0.120184,0.2884226909595307,0.120184,0.5688321153241733,0.7091350177005887,0.6509064221737768
sub-34,silence,3,0,41250,46250,True,True,0.6714764366597658,0.6993519660447878,0.6162925876158374,0.6715011661344801,0.117818,0.3497738702495572,0.117818,0.5752388188176704,0.5836525683264331,0.6617248272841263
sub-34,stim,4,1,46250,51250,True,True,0.6329775870089095,0.6814187125349993,0.6145754434372853,0.5303885413314111,0.16272600000000004,0.2482939624262621,0.16272600000000004,0.6988823252362596,0.6625652838657047,0.5306428015418809
sub-34,stim,4,2,51250,56250,True,True,0.5215174981739881,0.47377863804233483,0.5557581908596142,0.5054043857120963,0.17402,0.2846222907037506,0.17402,0.6105202595920117,0.5229461002194542,0.48038700620280167
sub-34,silence,4,0,56250,61250,True,True,0.6026939039554247,0.5199547890244745,0.6534577785232318,0.5598387074676434,0.195016,0.2401132313578538,0.195016,0.5100757427371125,0.5333755406951677,0.49305366599328004
sub-34,stim,5,1,61250,66250,True,True,0.6527653947259253,0.6643930404674043,0.7129366601665424,0.6123655231949021,0.118982,0.25258925364028384,0.118982,0.5294853374180358,0.5503321982486651,0.5748153698899989
sub-34,stim,5,2,66250,71250,True,True,0.571195502154726,0.6592743397801512,0.5737089832651396,0.523659746431494,0.22760399999999997,0.42603493943003895,0.22760399999999997,0.5623978119873034,0.5535497601749622,0.5980792909148308
sub-34,silence,5,0,71250,76250,True,True,0.6539489630529414,0.6387783887914406,0.5574964248001733,0.5573273672639987,0.132988,0.22399703986518518,0.132988,0.5256913279547588,0.5648543161590146,0.6188586496580502
sub-34,stim,6,1,76250,81250,True,True,0.714226126440962,0.5772919686831703,0.5794733276829939,0.5305756274843172,0.178898,0.32223679907409725,0.178898,0.6457772278214459,0.5295919647272566,0.5023060461058438
sub-34,stim,6,2,81250,86250,True,True,0.6450211551348098,0.64441802545672,0.5299048742316537,0.5698298037895163,0.151372,0.20292955707003876,0.151372,0.5504000305912448,0.5931021447970197,0.5336602995971095
sub-34,silence,6,0,86250,91250,True,True,0.570923881682545,0.6787861901068208,0.5965097352483835,0.6301839371222517,0.304336,0.4329521662299953,0.304336,0.5521579212511749,0.6042870258394992,0.5792323675928976
sub-34,stim,7,1,91250,96250,True,True,0.6403919871341099,0.48215818705580377,0.5886732716542921,0.5379408372233775,0.11141,0.1706675444863636,0.11141,0.6393083426155098,0.5761934543829849,0.48883323618654034
sub-34,stim,7,2,96250,101250,True,True,0.6666956079797421,0.6781171299470985,0.6233305239554723,0.5330395386144234,0.148916,0.20512472498823925,0.148916,0.6169247086882295,0.5673407574957331,0.6385683091015977
sub-34,silence,7,0,101250,106250,True,True,0.4849632998298263,0.6629543127986602,0.6989365139521732,0.5469074550198397,0.15384399999999998,0.22640544823963732,0.15384399999999998,0.5407596473543687,0.5244492841217273,0.505465170416865
sub-34,stim,8,1,106250,111250,True,True,0.5726287230236167,0.5871582471343743,0.6793622670281885,0.5305013685747143,0.17465,0.27506625755992387,0.17465,0.5303938614581418,0.4716105194639717,0.6486525817888116
sub-34,stim,8,2,111250,116250,True,True,0.5434974758134211,0.6707337573519626,0.5961103048411118,0.6112988183296829,0.142728,0.25750627207236154,0.142728,0.5513905081444814,0.4539883549125777,0.5734861436129455
sub-34,silence,8,0,116250,121250,True,True,0.6427655037090227,0.6296899968414426,0.4275408090008492,0.5222265568514631,0.16913799999999998,0.33120824694857204,0.16913799999999998,0.6118318197654723,0.6161111791270695,0.5233476813597845
sub-34,stim,9,1,121250,126250,True,True,0.4945929120923007,0.4831293857924095,0.5297030321920636,0.5224203872724779,0.10998,0.19679627101216646,0.10998,0.5266326332601754,0.5300096286213227,0.5295062014080875
sub-34,stim,9,2,126250,131250,True,True,0.49288043482603766,0.447759405929927,0.4768076755410536,0.6189555696944264,0.167686,0.2980569572321361,0.167686,0.5578010123332606,0.5884510785374171,0.5975275488161124
sub-34,silence,9,0,131250,136250,True,True,0.5904504775399788,0.5809556899506425,0.49308747188979213,0.4882011216666849,0.191186,0.2654874735098525,0.191186,0.6314088727590625,0.5119387969620963,0.5512378326534563
sub-34,stim,10,1,136250,141250,True,False,0.44857998297163026,0.5028270613364532,0.5114635802855387,0.6015725501822177,0.235922,0.40298546640584826,0.235922,0.5520249668812357,0.4795000417481187,0.6023734898434614
sub-34,stim,10,2,141250,146250,True,False,0.589114113500009,0.5408441518364137,0.5367884841347778,0.5231432291478774,0.153016,0.19242999170243227,0.153016,0.5922238724910487,0.520923522282169,0.5001514117047823
sub-35,stim,1,1,1250,6250,True,True,0.4132068074112062,0.4178866438780636,0.34636763857347885,0.4687000607855198,0.17875999999999997,0.3976023077797956,0.17875999999999997,0.3174144548950821,0.3863117671484719,0.33195566075585725
sub-35,stim,1,2,6250,11250,True,True,0.42751686750185924,0.38338833149872814,0.3145934408287895,0.34343261082442766,0.125412,0.20226819567879395,0.125412,0.4095221611347972,0.36056232072825234,0.31059812566327044
sub-35,silence,1,0,11250,16250,True,True,0.3442246142351146,0.4639057035371792,0.36594985363088156,0.3451288136158848,0.110212,0.16804586087419396,0.110212,0.32152393203673557,0.3095636269560781,0.290896516771056
sub-35,stim,2,1,16250,21250,True,True,0.39876070225025045,0.47403717474215384,0.509141230970242,0.3735808469156495,0.118616,0.1531847742202229,0.118616,0.423497880511813,0.4289090291214657,0.34863653019938645
sub-35,stim,2,2,21250,26250,True,True,0.31053401767026967,0.3703406355072616,0.36318412268567324,0.4523974356189383,0.183524,0.20499364566757083,0.183524,0.34584314422935775,0.4838905856937764,0.37661749489003965
sub-35,silence,2,0,26250,31250,True,True,0.4785532349106789,0.3654910996250855,0.40876566776733303,0.5573311988736258,0.12563000000000002,0.2550157404245873,0.12563000000000002,0.3414197180468033,0.4171394844382102,0.35512687925494335
sub-35,stim,3,1,31250,36250,True,True,0.4307831035515913,0.4063611742141605,0.3611671046429351,0.46483413508520605,0.155578,0.3224188171605312,0.155578,0.41395813881624066,0.35531267752758494,0.42640365786167855
sub-35,stim,3,2,36250,41250,True,True,0.3529822118436778,0.32171240304330967,0.3588939625134521,0.35709888379782795,0.19968200000000003,0.29434656451001806,0.19968200000000003,0.27771118559417507,0.24242937332481485,0.35692070631151074
sub-35,silence,3,0,41250,46250,True,True,0.39031467649842094,0.3678027848971016,0.31954049846937715,0.3479302836546823,0.124818,0.1872080440879042,0.124818,0.330005521865226,0.35490227676639735,0.3889977758432825
sub-35,stim,4,1,46250,51250,True,True,0.4289754932333143,0.3334416970954834,0.42377804877315534,0.40432899189290905,0.110344,0.19651455453133151,0.110344,0.3853593766075575,0.3754285472509295,0.3279439249321743
sub-35,stim,4,2,51250,56250,True,True,0.38006661735925945,0.3722001885626592,0.30850461128573187,0.3630668048782978,0.14145,0.266116770897048,0.14145,0.30895433168205166,0.4608422998665943,0.37602086779578153
sub-35,silence,4,0,56250,61250,True,True,0.44958318135246395,0.40029570877419696,0.29427475078665566,0.4897656641174404,0.16283,0.23876872802607518,0.16283,0.28107144667928713,0.28556907982694457,0.3635230286686608
sub-35,stim,5,1,61250,66250,True,True,0.49248165253901915,0.3493611704062708,0.3380971701267233,0.41277922758707297,0.13404800000000003,0.2194105209474773,0.13404800000000003,0.352694371869644,0.31054895722667125,0.37592640002859395
sub-35,stim,5,2,66250,71250,True,True,0.41635884900864156,0.34742735920619056,0.28914996877320864,0.3178545131913016,0.205634,0.4016937658791089,0.205634,0.3613013440419804,0.4976567228823906,0.328867862500378
sub-35,silence,5,0,71250,76250,True,True,0.3978047023954902,0.4958254928288403,0.28442154475925857,0.39778764621970547,0.1741,0.275073494029723,0.1741,0.36953191654485207,0.4403935320198638,0.35571421091384225
sub-35,stim,6,1,76250,81250,True,True,0.3229687784273429,0.41258341701862705,0.4289658825249765,0.3076426270235775,0.13648,0.24958104682036106,0.13648,0.442086684019376,0.26040857714624205,0.3633492314309343
sub-35,stim,6,2,81250,86250,True,True,0.370143373340478,0.2991969877113312,0.296289880446689,0.3814458554187997,0.14624600000000001,0.301411345155759,0.14624600000000001,0.43521436719708567,0.3408164571881311,0.42758406539261445
sub-35,silence,6,0,86250,91250,True,True,0.3177383031579575,0.25155542191232205,0.27572586385904896,0.5284826933317965,0.181672,0.2330224008469378,0.181672,0.2881311213497535,0.27305711733142224,0.3629688552062565
sub-35,stim,7,1,91250,96250,True,True,0.3815752783877697,0.33911755456569964,0.3025190711445786,0.4127058768000832,0.2634,0.435140933327453,0.2634,0.2993523516668773,0.2640231771077914,0.28981290450357133
sub-35,stim,7,2,96250,101250,True,True,0.5456034715692422,0.39031965108770367,0.393734497481218,0.42730712610360255,0.18165199999999998,0.33233750592379463,0.18165199999999998,0.38951422560081667,0.38911292261265806,0.33661896953620385
sub-35,silence,7,0,101250,106250,True,True,0.4611447359778923,0.426986023339679,0.4002295190995956,0.40064692385127715,0.176536,0.41287518209668106,0.176536,0.41851071883303104,0.3268354908293469,0.4967050324026313
sub-35,stim,8,1,106250,111250,True,True,0.4085637558039356,0.28886255323653726,0.39895915379707503,0.40074092313867765,0.10937200000000001,0.19558021429161168,0.10937200000000001,0.3470016342337422,0.36210365622820734,0.3613693803246093
sub-35,stim,8,2,111250,116250,True,True,0.31882593399062686,0.3287034513651351,0.4168309623489733,0.38965186195781343,0.097972,0.17716178567771027,0.097972,0.393858873488899,0.4273523254837431,0.4122730297471241
sub-35,silence,8,0,116250,121250,True,True,0.3026607286494969,0.35178768036713287,0.34181728648469784,0.31373914524341595,0.17090599999999997,0.25257182333649,0.17090599999999997,0.34195446031264753,0.22620718195572626,0.3338367005937634
sub-35,stim,9,1,121250,126250,True,True,0.5130813018820225,0.3120243483034176,0.3389535107165213,0.36197029860650687,0.14875,0.25940697682502756,0.14875,0.42019174406820065,0.3644811950639323,0.3190855731555272
sub-35,stim,9,2,126250,131250,True,True,0.41650050227818747,0.41041329706579766,0.3623346013171227,0.32058616306068977,0.139574,0.2613264431730224,0.139574,0.449979736329133,0.2997314918082195,0.35145830494212277
sub-35,silence,9,0,131250,136250,True,True,0.3877415406168447,0.35085731361015193,0.3831440929986782,0.27045846411253144,0.14611000000000002,0.2734080169063006,0.14611000000000002,0.4079628606512891,0.3266867087203821,0.34901621705266533
sub-35,stim,10,1,136250,141250,True,False,0.4481089180090012,0.44636361122402507,0.48292801397501334,0.2996446886791675,0.12751,0.2268846685169337,0.12751,0.425791532135853,0.30087852138930615,0.29659547780186557
sub-35,stim,10,2,141250,146250,True,False,0.3514879942394123,0.26206288807879924,0.3187130012157247,0.37991463346756715,0.210732,0.34817459157043756,0.210732,0.4817151505466128,0.28769178261885847,0.36038143629238517
