sid,group,visit,file,label,occurrence,start_s,stop_s,source,R40,R33,itc40,n_ep,R40_1min,n_ep_1min
HG201,AD,P1,Phase1_AD_EEG/HG201_EEG/HG201_EEGstim_on.bdf,baseline,1,0.0,60.578125,triggers,0.12411565485258928,0.01091510628747408,0.2482366422200173,59,0.1460589397773635,58
HG201,AD,P1,Phase1_AD_EEG/HG201_EEG/HG201_EEGstim_on.bdf,periodic_AV,1,60.578125,121.96875,triggers,0.3448236379391896,0.025594652757576025,0.4945132262156654,59,0.33879494298877705,58
HG201,AD,P1,Phase1_AD_EEG/HG201_EEG/HG201_EEGstim_on.bdf,baseline,2,121.96875,180.890625,triggers,-0.026977973022889845,0.05296320088286596,0.04451668394315483,57,-0.026977973022889845,57
HG201,AD,P1,Phase1_AD_EEG/HG201_EEG/HG201_EEGstim_on.bdf,periodic_V,1,180.890625,241.578125,triggers,0.15141708398962722,0.07049250915295682,0.2894057816439869,59,0.13742430317804138,58
HG201,AD,P1,Phase1_AD_EEG/HG201_EEG/HG201_EEGstim_on.bdf,baseline,3,241.578125,299.90625,triggers,0.055348500658587124,-0.06378695790397493,0.17992494159058253,56,0.055348500658587124,56
HG201,AD,P1,Phase1_AD_EEG/HG201_EEG/HG201_EEGstim_on.bdf,constant_V,1,299.90625,361.75,triggers,0.060364579434990864,-0.08392699340853213,0.11909869034753565,60,0.043435203486590565,58
HG201,AD,P1,Phase1_AD_EEG/HG201_EEG/HG201_EEGstim_on.bdf,baseline,4,361.75,421.484375,triggers,0.05157410241089819,0.006016344661505718,0.17752951867566552,58,0.05157410241089819,58
HG201,AD,P1,Phase1_AD_EEG/HG201_EEG/HG201_EEGstim_on.bdf,constant_AV,1,421.484375,480.046875,triggers,0.12685826918242188,0.024758801585968354,0.25311417280118426,57,0.12685826918242188,57
HG201,AD,P1,Phase1_AD_EEG/HG201_EEG/HG201_EEGstim_on.bdf,baseline,5,480.046875,540.125,triggers,-0.048291878534670915,-0.0230546013398492,0.030410671180087983,58,-0.048291878534670915,58
HG201,AD,P1,Phase1_AD_EEG/HG201_EEG/HG201_EEGstim_on.bdf,periodic_A,1,540.125,600.5,triggers,0.08594122702678292,-0.033762244544724596,0.1627389164758743,58,0.08594122702678292,58
HG201,AD,P1,Phase1_AD_EEG/HG201_EEG/HG201_EEGstim_on.bdf,baseline,6,600.5,660.578125,triggers,-0.07594939679463593,-0.05216949754203287,0.06011020772295865,58,-0.07594939679463593,58
HG201,AD,P1,Phase1_AD_EEG/HG201_EEG/HG201_EEGstim_on.bdf,constant_A,1,660.578125,720.546875,triggers,0.09565604863717961,-0.020821671343885267,0.15616202408459695,58,0.09565604863717961,58
HG201,AD,P1,Phase1_AD_EEG/HG201_EEG/HG201_EEGstim_on.bdf,baseline,7,720.546875,780.0,triggers,0.047863165481865505,0.08465884281951278,0.1808070735703383,57,0.047863165481865505,57
HG204,AD,P1,Phase1_AD_EEG/HG204_EEG/HG204_EEG_stim_on.bdf,baseline,1,0.0,60.59375,triggers,-0.1102383923849655,0.09420250637301728,0.04933630369238443,59,-0.11012736778582136,58
HG204,AD,P1,Phase1_AD_EEG/HG204_EEG/HG204_EEG_stim_on.bdf,constant_A,1,60.59375,120.67578125,triggers,-0.03337576206975727,-0.016153725511895478,0.09833937825934645,58,-0.03337576206975727,58
HG204,AD,P1,Phase1_AD_EEG/HG204_EEG/HG204_EEG_stim_on.bdf,baseline,2,120.67578125,180.140625,triggers,-0.04814868273280069,-0.1028213141597975,0.07216132983081695,57,-0.04814868273280069,57
HG204,AD,P1,Phase1_AD_EEG/HG204_EEG/HG204_EEG_stim_on.bdf,periodic_AV,1,180.140625,239.0,triggers,0.7246571118735385,0.07076668180025208,0.8450700770890668,57,0.7246571118735385,57
HG204,AD,P1,Phase1_AD_EEG/HG204_EEG/HG204_EEG_stim_on.bdf,baseline,3,239.0,304.109375,triggers,0.037322677500381096,0.0421514725198901,0.2112589107509666,63,0.053704646275563095,58
HG204,AD,P1,Phase1_AD_EEG/HG204_EEG/HG204_EEG_stim_on.bdf,constant_AV,1,304.109375,359.828125,triggers,0.0015165190437196052,0.03711287832556584,0.10947102909837492,54,0.0015165190437196052,54
HG204,AD,P1,Phase1_AD_EEG/HG204_EEG/HG204_EEG_stim_on.bdf,baseline,4,359.828125,420.375,triggers,-0.005193712925228661,0.019167129867614346,0.06912673655277457,59,-0.01724852880900858,58
HG204,AD,P1,Phase1_AD_EEG/HG204_EEG/HG204_EEG_stim_on.bdf,periodic_A,1,420.375,480.171875,triggers,0.5233967042958414,-0.07171254278779855,0.6194094931193631,58,0.5233967042958414,58
HG204,AD,P1,Phase1_AD_EEG/HG204_EEG/HG204_EEG_stim_on.bdf,baseline,5,480.171875,540.859375,triggers,0.05539139797800724,-0.01894989558921678,0.1269938375378393,59,0.07241290964528953,58
HG204,AD,P1,Phase1_AD_EEG/HG204_EEG/HG204_EEG_stim_on.bdf,periodic_V,1,540.859375,599.015625,triggers,0.6019003713893993,0.07045317127991466,0.7748646791854679,56,0.6019003713893993,56
HG204,AD,P1,Phase1_AD_EEG/HG204_EEG/HG204_EEG_stim_on.bdf,baseline,6,599.015625,661.21875,triggers,-0.09383682803859109,0.15795730889573809,0.030755639500940398,60,-0.08627000145618238,58
HG204,AD,P1,Phase1_AD_EEG/HG204_EEG/HG204_EEG_stim_on.bdf,constant_V,1,661.21875,720.828125,triggers,-0.08291318064172275,0.14016346996663462,0.04557470173810878,58,-0.08291318064172275,58
HG204,AD,P1,Phase1_AD_EEG/HG204_EEG/HG204_EEG_stim_on.bdf,baseline,7,720.828125,780.0,triggers,0.03592630348911807,0.11643407043882825,0.14112828849455977,57,0.03592630348911807,57
HG205,AD,P1,Phase1_AD_EEG/HG205_EEG/HG205_EEG_stim_on.bdf,baseline,1,0.0,60.84375,triggers,-0.0174440991319732,-0.1181678051342534,0.15597077568110215,59,-0.0011819363463064225,58
HG205,AD,P1,Phase1_AD_EEG/HG205_EEG/HG205_EEG_stim_on.bdf,constant_A,1,60.84375,120.46875,triggers,-0.03710167991746734,0.0028155252753365445,0.0799387697440511,58,-0.03710167991746734,58
HG205,AD,P1,Phase1_AD_EEG/HG205_EEG/HG205_EEG_stim_on.bdf,baseline,2,120.46875,179.765625,triggers,0.0064617802641424305,0.0802910520042788,0.09463399476348237,57,0.0064617802641424305,57
HG205,AD,P1,Phase1_AD_EEG/HG205_EEG/HG205_EEG_stim_on.bdf,constant_V,1,179.765625,243.078125,triggers,0.11505443837267892,0.013011942532874105,0.19412277962586874,61,0.11629694741084745,58
HG205,AD,P1,Phase1_AD_EEG/HG205_EEG/HG205_EEG_stim_on.bdf,baseline,3,243.078125,298.296875,triggers,0.03164557078122651,-0.00020213984934651374,0.16730516661063247,53,0.03164557078122651,53
HG205,AD,P1,Phase1_AD_EEG/HG205_EEG/HG205_EEG_stim_on.bdf,constant_AV,1,298.296875,357.8125,triggers,-0.06334423765511134,-0.034720429944375686,0.08596832544173567,58,-0.06334423765511134,58
HG205,AD,P1,Phase1_AD_EEG/HG205_EEG/HG205_EEG_stim_on.bdf,baseline,4,357.8125,421.265625,triggers,-0.07131767329807263,0.1012355059814212,0.07031262212496851,61,-0.10844628777221231,58
HG205,AD,P1,Phase1_AD_EEG/HG205_EEG/HG205_EEG_stim_on.bdf,periodic_A,1,421.265625,481.25,triggers,0.15778150443960115,-0.014255631036910854,0.3506880671941881,58,0.15778150443960115,58
HG205,AD,P1,Phase1_AD_EEG/HG205_EEG/HG205_EEG_stim_on.bdf,baseline,5,481.25,538.625,triggers,-0.02946320576132669,-0.06776285949891184,0.10624657390081435,55,-0.02946320576132669,55
HG205,AD,P1,Phase1_AD_EEG/HG205_EEG/HG205_EEG_stim_on.bdf,periodic_V,1,538.625,600.875,triggers,0.3358197115765388,-0.061064853320230345,0.4829654745119801,60,0.36798713640081276,58
HG205,AD,P1,Phase1_AD_EEG/HG205_EEG/HG205_EEG_stim_on.bdf,baseline,6,600.875,656.28125,triggers,0.13627506028098652,0.08013802133392753,0.21390396248453264,53,0.13627506028098652,53
HG205,AD,P1,Phase1_AD_EEG/HG205_EEG/HG205_EEG_stim_on.bdf,periodic_AV,1,656.28125,719.171875,triggers,0.7642529522525571,0.05654799147947652,0.8657915597244094,61,0.7643039904785136,58
HG205,AD,P1,Phase1_AD_EEG/HG205_EEG/HG205_EEG_stim_on.bdf,baseline,7,719.171875,780.0,triggers,-0.09914215933620846,-0.05912857442520031,0.08299851663894006,59,-0.08675150882502657,58
HG206,AD,P1,Phase1_AD_EEG/HG206_EEG/HG206_EEG_stim_on.bdf,baseline,1,0.0,58.75,triggers,-0.05019664173065318,-0.054270586108957054,0.09448268314101989,57,-0.05019664173065318,57
HG206,AD,P1,Phase1_AD_EEG/HG206_EEG/HG206_EEG_stim_on.bdf,periodic_V,1,58.75,118.890625,triggers,0.5952728653448145,-0.036356351552055105,0.6956736483695173,58,0.5952728653448145,58
HG206,AD,P1,Phase1_AD_EEG/HG206_EEG/HG206_EEG_stim_on.bdf,baseline,2,118.890625,179.9375,triggers,-0.014698879270630384,0.05171511943105295,0.05989485966272667,59,-0.01586029991212403,58
HG206,AD,P1,Phase1_AD_EEG/HG206_EEG/HG206_EEG_stim_on.bdf,constant_V,1,179.9375,240.3046875,triggers,-0.008648869392445246,0.02371933830325018,0.12645763105839747,58,-0.008648869392445246,58
HG206,AD,P1,Phase1_AD_EEG/HG206_EEG/HG206_EEG_stim_on.bdf,baseline,3,240.3046875,299.25,triggers,-0.04628759991289902,0.014338068662452547,0.07506299874323659,57,-0.04628759991289902,57
HG206,AD,P1,Phase1_AD_EEG/HG206_EEG/HG206_EEG_stim_on.bdf,periodic_AV,1,299.25,363.203125,triggers,0.5525190908623585,-0.04854605156006861,0.644038401603997,62,0.5325384495402563,58
HG206,AD,P1,Phase1_AD_EEG/HG206_EEG/HG206_EEG_stim_on.bdf,baseline,4,363.203125,422.9375,triggers,0.11057122360241478,0.0755779644688332,0.23752857907694175,58,0.11057122360241478,58
HG206,AD,P1,Phase1_AD_EEG/HG206_EEG/HG206_EEG_stim_on.bdf,constant_A,1,422.9375,480.638671875,triggers,-0.00987132881002531,0.009108119853176583,0.17859428788324624,56,-0.00987132881002531,56
HG206,AD,P1,Phase1_AD_EEG/HG206_EEG/HG206_EEG_stim_on.bdf,baseline,5,480.638671875,541.40625,triggers,-0.11266128546877963,-0.03855198533505193,0.03459678050549014,59,-0.08326836168754953,58
HG206,AD,P1,Phase1_AD_EEG/HG206_EEG/HG206_EEG_stim_on.bdf,periodic_A,1,541.40625,600.421875,triggers,0.06512993593215644,0.009249530732717087,0.18478984949758193,57,0.06512993593215644,57
HG206,AD,P1,Phase1_AD_EEG/HG206_EEG/HG206_EEG_stim_on.bdf,baseline,6,600.421875,657.390625,triggers,0.13158706317434105,-0.02598917323875352,0.23770543696611882,55,0.13158706317434105,55
HG206,AD,P1,Phase1_AD_EEG/HG206_EEG/HG206_EEG_stim_on.bdf,constant_AV,1,657.390625,720.140625,triggers,-0.020222860651056676,-0.010139126538946358,0.09455226788631448,61,-0.012215541168658181,58
HG206,AD,P1,Phase1_AD_EEG/HG206_EEG/HG206_EEG_stim_on.bdf,baseline,7,720.140625,780.0,triggers,-0.10562715995373825,-0.05850051068559628,0.01544470331393505,58,-0.10562715995373825,58
HG207,AD,P1,Phase1_AD_EEG/HG207_EEG/HG207_EEG_stim_on.bdf,baseline,1,0.0,60.140625,triggers,-0.05207663189252608,0.03644907764568825,0.0548884585892106,58,-0.05207663189252608,58
HG207,AD,P1,Phase1_AD_EEG/HG207_EEG/HG207_EEG_stim_on.bdf,constant_A,1,60.140625,121.609375,triggers,-0.0429469015503232,-0.056553118324703486,0.07596708260014669,59,-0.05439875144391784,58
HG207,AD,P1,Phase1_AD_EEG/HG207_EEG/HG207_EEG_stim_on.bdf,baseline,2,121.609375,178.125,triggers,0.05551545391798102,0.08821351395225763,0.20817583465284842,55,0.05551545391798102,55
HG207,AD,P1,Phase1_AD_EEG/HG207_EEG/HG207_EEG_stim_on.bdf,constant_V,1,178.125,240.015625,triggers,0.04046209485555809,0.12772723944917908,0.15701840947761303,60,0.01820187808770929,58
HG207,AD,P1,Phase1_AD_EEG/HG207_EEG/HG207_EEG_stim_on.bdf,baseline,3,240.015625,298.46875,triggers,0.09724114290465989,0.0036830082040027606,0.21308672942984905,56,0.09724114290465989,56
HG207,AD,P1,Phase1_AD_EEG/HG207_EEG/HG207_EEG_stim_on.bdf,periodic_V,1,298.46875,360.46875,triggers,0.2849045701019393,-0.12907408924467104,0.43044849657398054,60,0.3196339831971456,58
HG207,AD,P1,Phase1_AD_EEG/HG207_EEG/HG207_EEG_stim_on.bdf,baseline,4,360.46875,418.75,triggers,0.012151606169789747,0.015664569230680048,0.16016671582041256,56,0.012151606169789747,56
HG207,AD,P1,Phase1_AD_EEG/HG207_EEG/HG207_EEG_stim_on.bdf,constant_AV,1,418.75,479.5625,triggers,-0.026348961843547458,0.06758254718280479,0.1005139875139,59,-0.029875545255209787,58
HG207,AD,P1,Phase1_AD_EEG/HG207_EEG/HG207_EEG_stim_on.bdf,baseline,5,479.5625,536.8125,triggers,-0.041716487494012966,-0.07649382686036035,0.13303307450663848,55,-0.041716487494012966,55
HG207,AD,P1,Phase1_AD_EEG/HG207_EEG/HG207_EEG_stim_on.bdf,periodic_AV,1,536.8125,600.359375,triggers,0.7421627553874323,0.01004483957532308,0.8381930989978621,62,0.7387625055697127,58
HG207,AD,P1,Phase1_AD_EEG/HG207_EEG/HG207_EEG_stim_on.bdf,baseline,6,600.359375,659.6875,triggers,-0.07321909082929305,0.0010645410629983032,0.024585454048985975,56,-0.07321909082929305,56
HG207,AD,P1,Phase1_AD_EEG/HG207_EEG/HG207_EEG_stim_on.bdf,periodic_A,1,659.6875,721.265625,triggers,0.5897696401127012,0.048985889227194754,0.7315979151263736,60,0.5883061210664726,58
HG207,AD,P1,Phase1_AD_EEG/HG207_EEG/HG207_EEG_stim_on.bdf,baseline,7,721.265625,780.0,triggers,0.08647112694588743,-0.05037039655902453,0.19151207560540054,57,0.08647112694588743,57
HG208,AD,P1,Phase1_AD_EEG/HG208_EEG/HG208_EEG_stim_on_1.bdf,baseline,1,0.0,60.53125,triggers,0.05791658704198957,-0.09897113502830591,0.1481680201898421,59,0.04087983298938812,58
HG208,AD,P1,Phase1_AD_EEG/HG208_EEG/HG208_EEG_stim_on_1.bdf,constant_A,1,60.53125,124.640625,triggers,-0.07925572053065322,0.015685579754589007,0.06381583883558659,62,-0.10773368878960529,58
HG208,AD,P1,Phase1_AD_EEG/HG208_EEG/HG208_EEG_stim_on_1.bdf,baseline,2,124.640625,180.46875,triggers,0.08532643457966066,-0.13998955019320297,0.23111080993114835,54,0.08532643457966066,54
HG208,AD,P1,Phase1_AD_EEG/HG208_EEG/HG208_EEG_stim_on_1.bdf,periodic_A,1,180.46875,240.4375,triggers,0.733756078172941,-0.1018886664010975,0.8049252368111923,58,0.733756078172941,58
HG208,AD,P1,Phase1_AD_EEG/HG208_EEG/HG208_EEG_stim_on_1.bdf,baseline,3,240.4375,300.0,triggers,-0.01856015156671713,-0.0014793451472327745,0.09362588375103863,58,-0.01856015156671713,58
HG208,AD,P1,Phase1_AD_EEG/HG208_EEG/HG208_EEG_stim_on_2.bdf,baseline,1,0.0,61.1875,triggers,-0.06574229380902369,0.06903386929083183,0.08455590903685256,59,-0.06678022768325512,58
HG208,AD,P1,Phase1_AD_EEG/HG208_EEG/HG208_EEG_stim_on_2.bdf,periodic_V,1,61.1875,118.21875,triggers,0.20115873448539395,0.03705697341127426,0.29397917370144705,55,0.20115873448539395,55
HG208,AD,P1,Phase1_AD_EEG/HG208_EEG/HG208_EEG_stim_on_2.bdf,baseline,2,118.21875,177.609375,triggers,-0.07060644423558851,-0.0383984402216308,0.07151904337796036,57,-0.07060644423558851,57
HG208,AD,P1,Phase1_AD_EEG/HG208_EEG/HG208_EEG_stim_on_2.bdf,periodic_AV,1,177.609375,239.234375,triggers,0.8270172710958812,-0.02986276279156487,0.9207477486501106,60,0.8317951676566337,58
HG208,AD,P1,Phase1_AD_EEG/HG208_EEG/HG208_EEG_stim_on_2.bdf,baseline,3,239.234375,297.953125,triggers,-0.05524180813008341,0.015323680468157977,0.060883047610860115,57,-0.05524180813008341,57
HG208,AD,P1,Phase1_AD_EEG/HG208_EEG/HG208_EEG_stim_on_2.bdf,constant_V,1,297.953125,359.546875,triggers,-0.05677831802339496,0.13224163846487944,0.09253894481189572,60,-0.020965140608682015,58
HG208,AD,P1,Phase1_AD_EEG/HG208_EEG/HG208_EEG_stim_on_2.bdf,baseline,4,359.546875,415.828125,triggers,0.0195861744980404,-0.04880882598865979,0.18858232141437173,54,0.0195861744980404,54
HG208,AD,P1,Phase1_AD_EEG/HG208_EEG/HG208_EEG_stim_on_2.bdf,constant_AV,1,415.828125,478.890625,triggers,-0.06792570876546253,0.05979979019743789,0.04950112083330069,61,-0.054425360505116344,58
HG208,AD,P1,Phase1_AD_EEG/HG208_EEG/HG208_EEG_stim_on_2.bdf,baseline,5,478.890625,540.0,triggers,0.006423933172579999,0.02661785894388416,0.12912091382433422,58,0.006423933172579999,58
HG209,AD,P1,Phase1_AD_EEG/HG209_EEG/HG209_EEG_stim_on.bdf,baseline,1,0.0,56.9375,triggers,-0.047747720849130204,0.044606875606574614,0.09999393524669678,55,-0.047747720849130204,55
HG209,AD,P1,Phase1_AD_EEG/HG209_EEG/HG209_EEG_stim_on.bdf,periodic_AV,1,56.9375,116.46875,triggers,0.3560734222322015,0.014147787385373145,0.4668050358937637,58,0.3560734222322015,58
HG209,AD,P1,Phase1_AD_EEG/HG209_EEG/HG209_EEG_stim_on.bdf,baseline,2,116.46875,175.2578125,triggers,-0.08186964367635624,0.06904382437368356,0.14906158680877507,57,-0.08186964367635624,57
HG209,AD,P1,Phase1_AD_EEG/HG209_EEG/HG209_EEG_stim_on.bdf,constant_V,1,175.2578125,237.9375,triggers,-0.026001994326210393,-0.03521919098740828,0.12842221257593403,61,-0.04108563298488771,58
HG209,AD,P1,Phase1_AD_EEG/HG209_EEG/HG209_EEG_stim_on.bdf,baseline,3,237.9375,295.859375,triggers,-0.0875556044471876,-0.05318740181325798,0.052224393498531196,56,-0.0875556044471876,56
HG209,AD,P1,Phase1_AD_EEG/HG209_EEG/HG209_EEG_stim_on.bdf,constant_AV,1,295.859375,357.65625,triggers,-0.06468570410603117,-0.05115470865828388,0.05720327912254687,60,-0.06276330355881568,58
HG209,AD,P1,Phase1_AD_EEG/HG209_EEG/HG209_EEG_stim_on.bdf,baseline,4,357.65625,421.203125,triggers,-0.013273496577571459,-0.011737997568383784,0.10982774414128814,62,0.03959066849068707,58
HG209,AD,P1,Phase1_AD_EEG/HG209_EEG/HG209_EEG_stim_on.bdf,constant_A,1,421.203125,480.484375,triggers,-0.021926742782598763,-0.03303623779319366,0.13535740228735701,55,-0.021926742782598763,55
HG209,AD,P1,Phase1_AD_EEG/HG209_EEG/HG209_EEG_stim_on.bdf,baseline,5,480.484375,540.125,triggers,0.06271480280016375,-0.08799369751487927,0.1303250560735229,58,0.06271480280016375,58
HG209,AD,P1,Phase1_AD_EEG/HG209_EEG/HG209_EEG_stim_on.bdf,periodic_A,1,540.125,601.453125,triggers,0.23090983048658936,-0.023902805841609254,0.3118472957409925,59,0.22403254384030175,58
HG209,AD,P1,Phase1_AD_EEG/HG209_EEG/HG209_EEG_stim_on.bdf,baseline,6,601.453125,654.71875,triggers,-0.012708612717650697,-0.11390858839664589,0.14536536430219676,47,-0.012708612717650697,47
HG209,AD,P1,Phase1_AD_EEG/HG209_EEG/HG209_EEG_stim_on.bdf,periodic_V,1,654.71875,717.453125,triggers,0.11134507774850191,0.07995612153981152,0.20002264694736172,61,0.13736799019070367,58
HG209,AD,P1,Phase1_AD_EEG/HG209_EEG/HG209_EEG_stim_on.bdf,baseline,7,717.453125,780.0,triggers,0.03295557565925572,0.14147899181629495,0.13566423827648239,61,0.0627206811625177,58
HG210,AD,P1,Phase1_AD_EEG/HG210_EEG/HG210_EEG_stim_on.bdf,baseline,1,0.0,55.1640625,triggers,0.07019819759349208,-0.07260024683726844,0.1540713679306897,53,0.07019819759349208,53
HG210,AD,P1,Phase1_AD_EEG/HG210_EEG/HG210_EEG_stim_on.bdf,periodic_V,1,55.1640625,115.859375,triggers,0.5344889000145611,-0.027825416186175955,0.6826297840473966,59,0.5611138706969055,58
HG210,AD,P1,Phase1_AD_EEG/HG210_EEG/HG210_EEG_stim_on.bdf,baseline,2,115.859375,175.390625,triggers,0.10324864299672751,-0.027351059359846552,0.20881412831957544,58,0.10324864299672751,58
HG210,AD,P1,Phase1_AD_EEG/HG210_EEG/HG210_EEG_stim_on.bdf,periodic_AV,1,175.390625,236.9375,triggers,0.4940435630160145,-0.016699466712324,0.6346108113797144,60,0.4677130519566412,58
HG210,AD,P1,Phase1_AD_EEG/HG210_EEG/HG210_EEG_stim_on.bdf,baseline,3,236.9375,300.828125,triggers,-0.025674783995142683,0.020632884553374697,0.11038935750055735,62,-0.008881604529362624,58
HG210,AD,P1,Phase1_AD_EEG/HG210_EEG/HG210_EEG_stim_on.bdf,periodic_A,1,300.828125,360.408203125,triggers,0.3310899462141494,0.039605502412690716,0.3880129494986116,58,0.3310899462141494,58
HG210,AD,P1,Phase1_AD_EEG/HG210_EEG/HG210_EEG_stim_on.bdf,baseline,4,360.408203125,421.421875,triggers,0.020913428439835076,0.004526845955700451,0.07137971073024729,59,0.01455251994151846,58
HG210,AD,P1,Phase1_AD_EEG/HG210_EEG/HG210_EEG_stim_on.bdf,constant_A,1,421.421875,480.546875,triggers,0.10245148194169837,-0.05295801186641949,0.23190517252548207,57,0.10245148194169837,57
HG210,AD,P1,Phase1_AD_EEG/HG210_EEG/HG210_EEG_stim_on.bdf,baseline,5,480.546875,534.953125,triggers,0.1081989645549063,0.03195834113044735,0.19470211422013567,52,0.1081989645549063,52
HG210,AD,P1,Phase1_AD_EEG/HG210_EEG/HG210_EEG_stim_on.bdf,constant_AV,1,534.953125,597.5625,triggers,-0.06764934889471674,-0.011109594613875853,0.025138246567659655,61,-0.061366355996821165,58
HG210,AD,P1,Phase1_AD_EEG/HG210_EEG/HG210_EEG_stim_on.bdf,baseline,6,597.5625,657.546875,triggers,0.07354479184562107,-0.006733966442103292,0.17505226973859353,58,0.07354479184562107,58
HG210,AD,P1,Phase1_AD_EEG/HG210_EEG/HG210_EEG_stim_on.bdf,constant_V,1,657.546875,718.9375,triggers,-0.005893218064081537,0.039934174332108094,0.07123517318042587,59,-0.009165812531673742,58
HG210,AD,P1,Phase1_AD_EEG/HG210_EEG/HG210_EEG_stim_on.bdf,baseline,7,718.9375,780.0,triggers,0.011077770757057293,-0.022105765706228714,0.24382977087648683,59,0.00254508938852549,58
HG211,AD,P1,Phase1_AD_EEG/HG211_EEG/HG211_EEG_stim_on.bdf,baseline,1,0.0,56.65625,triggers,-0.11376037610254724,0.06146357457559953,0.06246790517419564,55,-0.11376037610254724,55
HG211,AD,P1,Phase1_AD_EEG/HG211_EEG/HG211_EEG_stim_on.bdf,constant_AV,1,56.65625,117.421875,triggers,0.06556855331823695,-0.02662818959505415,0.13906749395179363,59,0.04872358903083679,58
HG211,AD,P1,Phase1_AD_EEG/HG211_EEG/HG211_EEG_stim_on.bdf,baseline,2,117.421875,176.265625,triggers,-0.08992207915624596,-0.03766497918980481,0.081468688765465,57,-0.08992207915624596,57
HG211,AD,P1,Phase1_AD_EEG/HG211_EEG/HG211_EEG_stim_on.bdf,periodic_V,1,176.265625,238.28125,triggers,0.6868755895137617,0.023022449000273587,0.8172842876043496,60,0.7104622614735508,58
HG211,AD,P1,Phase1_AD_EEG/HG211_EEG/HG211_EEG_stim_on.bdf,baseline,3,238.28125,295.296875,triggers,-0.0819571274350945,0.03292979253197717,0.08906078995020064,55,-0.0819571274350945,55
HG211,AD,P1,Phase1_AD_EEG/HG211_EEG/HG211_EEG_stim_on.bdf,periodic_AV,1,295.296875,358.59375,triggers,0.8851078503538294,-0.054714143602045344,0.9521232695210314,61,0.8884810335508573,58
HG211,AD,P1,Phase1_AD_EEG/HG211_EEG/HG211_EEG_stim_on.bdf,baseline,4,358.59375,417.109375,triggers,-0.051469964589147,0.04134607156967103,0.12266833883338861,57,-0.051469964589147,57
HG211,AD,P1,Phase1_AD_EEG/HG211_EEG/HG211_EEG_stim_on.bdf,constant_V,1,417.109375,479.8125,triggers,-0.017650366094316625,0.04872536171774272,0.10466518193526085,61,-0.009741061901400214,58
HG211,AD,P1,Phase1_AD_EEG/HG211_EEG/HG211_EEG_stim_on.bdf,baseline,5,479.8125,541.140625,triggers,-0.041887069279453654,0.03246919178354715,0.1583303690850603,59,-0.02859496072368331,58
HG211,AD,P1,Phase1_AD_EEG/HG211_EEG/HG211_EEG_stim_on.bdf,periodic_A,1,541.140625,600.375,triggers,0.8019925840576474,-0.08750949641642626,0.893093138553771,57,0.8019925840576474,57
HG211,AD,P1,Phase1_AD_EEG/HG211_EEG/HG211_EEG_stim_on.bdf,baseline,6,600.375,659.1640625,triggers,0.018500658926060662,-0.1124125612969696,0.13422093042737276,57,0.018500658926060662,57
HG211,AD,P1,Phase1_AD_EEG/HG211_EEG/HG211_EEG_stim_on.bdf,constant_A,1,659.1640625,721.390625,triggers,-0.01001117531123058,0.12449561099430126,0.12416138411068056,60,-0.01974946685114569,58
HG211,AD,P1,Phase1_AD_EEG/HG211_EEG/HG211_EEG_stim_on.bdf,baseline,7,721.390625,780.0,triggers,-0.03132310843882133,-0.054213726121716405,0.0913135714158548,57,-0.03132310843882133,57
HG212,AD,P1,Phase1_AD_EEG/HG212_EEG/HG212_EEG_stim_on.bdf,baseline,1,0.0,58.96875,triggers,-0.043574568839595706,0.04056904512396865,0.014601132841340212,57,-0.043574568839595706,57
HG212,AD,P1,Phase1_AD_EEG/HG212_EEG/HG212_EEG_stim_on.bdf,periodic_A,1,58.96875,120.953125,triggers,0.3605204712272514,0.07882975123120964,0.4803364137639249,60,0.3479377179464394,58
HG212,AD,P1,Phase1_AD_EEG/HG212_EEG/HG212_EEG_stim_on.bdf,baseline,2,120.953125,174.515625,triggers,0.14314957093656794,-0.02019430614570286,0.2621401178263303,52,0.14314957093656794,52
HG212,AD,P1,Phase1_AD_EEG/HG212_EEG/HG212_EEG_stim_on.bdf,periodic_V,1,174.515625,236.59375,triggers,0.37889132583472107,0.1295460098779709,0.4895941415370422,60,0.41037168558781245,58
HG212,AD,P1,Phase1_AD_EEG/HG212_EEG/HG212_EEG_stim_on.bdf,baseline,3,236.59375,295.546875,triggers,0.09517123068576236,0.046264365075461195,0.1963325273830594,57,0.09517123068576236,57
HG212,AD,P1,Phase1_AD_EEG/HG212_EEG/HG212_EEG_stim_on.bdf,periodic_AV,1,295.546875,356.453125,triggers,0.6172189843212091,-0.027790197395722582,0.7057970317128079,59,0.6114012344994296,58
HG212,AD,P1,Phase1_AD_EEG/HG212_EEG/HG212_EEG_stim_on.bdf,baseline,4,356.453125,420.875,triggers,-0.01627365788436899,-0.020024192136537777,0.10705808372474218,62,-0.028538185611001063,58
HG212,AD,P1,Phase1_AD_EEG/HG212_EEG/HG212_EEG_stim_on.bdf,constant_A,1,420.875,480.390625,triggers,-0.002197124911378745,-0.03445360819093911,0.08010810928182949,58,-0.002197124911378745,58
HG212,AD,P1,Phase1_AD_EEG/HG212_EEG/HG212_EEG_stim_on.bdf,baseline,5,480.390625,535.34375,triggers,-0.06350990102313335,-0.10294840713353987,0.07534550048760495,53,-0.06350990102313335,53
HG212,AD,P1,Phase1_AD_EEG/HG212_EEG/HG212_EEG_stim_on.bdf,constant_V,1,535.34375,597.390625,triggers,0.02027232510138091,0.012044247225771243,0.16023281388181806,60,0.014050525943631709,58
HG212,AD,P1,Phase1_AD_EEG/HG212_EEG/HG212_EEG_stim_on.bdf,baseline,6,597.390625,657.0,triggers,0.06292666436458502,0.016774732456194333,0.18020002809937202,58,0.06292666436458502,58
HG212,AD,P1,Phase1_AD_EEG/HG212_EEG/HG212_EEG_stim_on.bdf,constant_AV,1,657.0,716.7578125,triggers,0.0011638192227387822,0.029793444660866295,0.13812876771561294,58,0.0011638192227387822,58
HG212,AD,P1,Phase1_AD_EEG/HG212_EEG/HG212_EEG_stim_on.bdf,baseline,7,716.7578125,780.0,triggers,0.009909372223346757,-0.034323529971409084,0.14571857564962348,61,0.027298263430943215,58
HG213,AD,P1,Phase1_AD_EEG/HG213_EEG/HG213_EEG_stim_on.bdf,baseline,1,0.0,60.0,notes (triggers=0),-0.08558423618713132,-0.08582865800357573,0.06734244768903058,58,-0.08558423618713132,58
HG213,AD,P1,Phase1_AD_EEG/HG213_EEG/HG213_EEG_stim_on.bdf,periodic_AV,1,60.0,120.0,notes (triggers=0),0.45775818791520295,0.0031246511003185373,0.5852201315243355,58,0.45775818791520295,58
HG213,AD,P1,Phase1_AD_EEG/HG213_EEG/HG213_EEG_stim_on.bdf,baseline,2,120.0,180.0,notes (triggers=0),-0.09064732481038153,0.18169450059474646,0.05384318742720291,58,-0.09064732481038153,58
HG213,AD,P1,Phase1_AD_EEG/HG213_EEG/HG213_EEG_stim_on.bdf,periodic_V,1,180.0,240.0,notes (triggers=0),0.5180603647998213,-0.031474938393543456,0.6009601378485879,58,0.5180603647998213,58
HG213,AD,P1,Phase1_AD_EEG/HG213_EEG/HG213_EEG_stim_on.bdf,baseline,3,240.0,300.0,notes (triggers=0),0.07046206250489645,-0.01564439602943564,0.20742072906449338,58,0.07046206250489645,58
HG213,AD,P1,Phase1_AD_EEG/HG213_EEG/HG213_EEG_stim_on.bdf,periodic_A,1,300.0,360.0,notes (triggers=0),0.30999041113800524,-0.1091406420541402,0.4617866246028772,58,0.30999041113800524,58
HG213,AD,P1,Phase1_AD_EEG/HG213_EEG/HG213_EEG_stim_on.bdf,baseline,4,360.0,420.0,notes (triggers=0),-0.04564773299143757,-0.05626853560420179,0.07772333507238517,58,-0.04564773299143757,58
HG213,AD,P1,Phase1_AD_EEG/HG213_EEG/HG213_EEG_stim_on.bdf,constant_V,1,420.0,480.0,notes (triggers=0),-0.04230735669180325,-0.07473674441798853,0.03898254904289521,58,-0.04230735669180325,58
HG213,AD,P1,Phase1_AD_EEG/HG213_EEG/HG213_EEG_stim_on.bdf,baseline,5,480.0,540.0,notes (triggers=0),-0.06589347074813022,-0.008133092164370137,0.07752171346085136,58,-0.06589347074813022,58
HG213,AD,P1,Phase1_AD_EEG/HG213_EEG/HG213_EEG_stim_on.bdf,constant_AV,1,540.0,600.0,notes (triggers=0),-0.09709154914491704,0.0642378595283448,0.00847966797003205,58,-0.09709154914491704,58
HG213,AD,P1,Phase1_AD_EEG/HG213_EEG/HG213_EEG_stim_on.bdf,baseline,6,600.0,660.0,notes (triggers=0),-0.06395030173258252,-0.06486824979031497,0.07632818059279746,58,-0.06395030173258252,58
HG213,AD,P1,Phase1_AD_EEG/HG213_EEG/HG213_EEG_stim_on.bdf,constant_A,1,660.0,720.0,notes (triggers=0),-0.1125729579993136,0.08491827473519117,0.07571752016194355,58,-0.1125729579993136,58
HG213,AD,P1,Phase1_AD_EEG/HG213_EEG/HG213_EEG_stim_on.bdf,baseline,7,720.0,780.0,notes (triggers=0),0.07413565664823496,-0.0006078268910376106,0.17746025171667443,58,0.07413565664823496,58
HG214,AD,P1,Phase1_AD_EEG/HG214_EEG/HG214_EEG_stim_on.bdf,baseline,1,0.0,60.84375,triggers,0.02645345257061575,-0.05246519307478244,0.12036092693389963,59,0.01897497933931562,58
HG214,AD,P1,Phase1_AD_EEG/HG214_EEG/HG214_EEG_stim_on.bdf,periodic_A,1,60.84375,121.328125,triggers,0.6185268251498847,-0.07335426124044546,0.7156650216874021,58,0.6185268251498847,58
HG214,AD,P1,Phase1_AD_EEG/HG214_EEG/HG214_EEG_stim_on.bdf,baseline,2,121.328125,181.75,triggers,0.024825735519923647,-0.04365802138421884,0.17097600079422104,58,0.024825735519923647,58
HG214,AD,P1,Phase1_AD_EEG/HG214_EEG/HG214_EEG_stim_on.bdf,periodic_AV,1,181.75,246.890625,triggers,0.7191404726766566,0.04784376235106158,0.9225436574483883,63,0.7070468009483477,58
HG214,AD,P1,Phase1_AD_EEG/HG214_EEG/HG214_EEG_stim_on.bdf,baseline,3,246.890625,299.375,triggers,0.10972099883852049,-0.055571434380292384,0.189864435310729,50,0.10972099883852049,50
HG214,AD,P1,Phase1_AD_EEG/HG214_EEG/HG214_EEG_stim_on.bdf,constant_A,1,299.375,360.359375,triggers,-0.008824943418383163,-0.09932611145282506,0.16703735081977714,59,-0.017173315929255722,58
HG214,AD,P1,Phase1_AD_EEG/HG214_EEG/HG214_EEG_stim_on.bdf,baseline,4,360.359375,422.65625,triggers,0.11171784249547166,0.0019409533360244119,0.20588110440363183,60,0.08145625445606094,58
HG214,AD,P1,Phase1_AD_EEG/HG214_EEG/HG214_EEG_stim_on.bdf,constant_AV,1,422.65625,482.796875,triggers,-0.03295646597243769,0.07586213605830816,0.07326349055037945,58,-0.03295646597243769,58
HG214,AD,P1,Phase1_AD_EEG/HG214_EEG/HG214_EEG_stim_on.bdf,baseline,5,482.796875,540.90625,triggers,-0.050791457973569064,-0.07894060570328137,0.050254622571351305,56,-0.050791457973569064,56
HG214,AD,P1,Phase1_AD_EEG/HG214_EEG/HG214_EEG_stim_on.bdf,constant_V,1,540.90625,602.5234375,triggers,0.18374241595408816,-0.11184406530473325,0.26680639875578605,60,0.18628265585502352,58
HG214,AD,P1,Phase1_AD_EEG/HG214_EEG/HG214_EEG_stim_on.bdf,baseline,6,602.5234375,659.078125,triggers,0.013890325752280622,-0.01982003464989196,0.1299009334226673,55,0.013890325752280622,55
HG214,AD,P1,Phase1_AD_EEG/HG214_EEG/HG214_EEG_stim_on.bdf,periodic_V,1,659.078125,723.703125,triggers,0.5208076633664913,0.020651935006004707,0.6460029486445876,63,0.5485670660815958,58
HG214,AD,P1,Phase1_AD_EEG/HG214_EEG/HG214_EEG_stim_on.bdf,baseline,7,723.703125,780.0,triggers,-0.044817598355335414,-0.008343856363535115,0.09707494132217212,54,-0.044817598355335414,54
HG217,AD,P1,Phase1_AD_EEG/HG217_EEG/HG217_EEG_stim_on.bdf,baseline,1,0.0,60.765625,triggers,-0.021780707377433685,-0.03206190676814387,0.03536246441004971,59,-0.04520667686318102,58
HG217,AD,P1,Phase1_AD_EEG/HG217_EEG/HG217_EEG_stim_on.bdf,constant_A,1,60.765625,120.6875,triggers,0.01452564391259116,0.03883303570856561,0.11555719479185579,58,0.01452564391259116,58
HG217,AD,P1,Phase1_AD_EEG/HG217_EEG/HG217_EEG_stim_on.bdf,baseline,2,120.6875,178.09375,triggers,0.026044816634805026,-0.05930814921265837,0.11574922428016439,55,0.026044816634805026,55
HG217,AD,P1,Phase1_AD_EEG/HG217_EEG/HG217_EEG_stim_on.bdf,constant_AV,1,178.09375,238.8671875,triggers,-0.06271761985788837,-0.1023111249350199,0.04247869475012211,59,-0.05225108914438774,58
HG217,AD,P1,Phase1_AD_EEG/HG217_EEG/HG217_EEG_stim_on.bdf,baseline,3,238.8671875,299.515625,triggers,0.0012751478340932015,-0.06115194109800061,0.09554567667883129,59,0.01959388526735205,58
HG217,AD,P1,Phase1_AD_EEG/HG217_EEG/HG217_EEG_stim_on.bdf,periodic_AV,1,299.515625,358.296875,triggers,0.5423036651899243,-0.07904388540451962,0.7158378889163269,57,0.5423036651899243,57
HG217,AD,P1,Phase1_AD_EEG/HG217_EEG/HG217_EEG_stim_on.bdf,baseline,4,358.296875,419.859375,triggers,0.027705252965839977,-0.017819234660607267,0.12085231464340195,60,0.06590202096312704,58
HG217,AD,P1,Phase1_AD_EEG/HG217_EEG/HG217_EEG_stim_on.bdf,periodic_V,1,419.859375,478.859375,triggers,0.23555229465285382,-0.027999511282009802,0.35400322617944985,57,0.23555229465285382,57
HG217,AD,P1,Phase1_AD_EEG/HG217_EEG/HG217_EEG_stim_on.bdf,baseline,5,478.859375,540.140625,triggers,0.009477297096933901,-0.05384548563665635,0.2037618329905802,59,0.018162669919808055,58
HG217,AD,P1,Phase1_AD_EEG/HG217_EEG/HG217_EEG_stim_on.bdf,periodic_A,1,540.140625,600.375,triggers,0.2821655646507897,-0.03647248164846932,0.37613656380746757,58,0.2821655646507897,58
HG217,AD,P1,Phase1_AD_EEG/HG217_EEG/HG217_EEG_stim_on.bdf,baseline,6,600.375,658.609375,triggers,0.04036520698143284,-0.04327727728104869,0.15145968681569918,56,0.04036520698143284,56
HG217,AD,P1,Phase1_AD_EEG/HG217_EEG/HG217_EEG_stim_on.bdf,constant_V,1,658.609375,718.234375,triggers,0.0393511681114274,0.10324976841507091,0.09154675266036612,58,0.0393511681114274,58
HG217,AD,P1,Phase1_AD_EEG/HG217_EEG/HG217_EEG_stim_on.bdf,baseline,7,718.234375,780.421875,triggers,0.039627533970646896,-0.06760094159543854,0.0957556251952496,60,0.06102711205764824,58
HG217,AD,P1,Phase1_AD_EEG/HG217_EEG/HG217_EEG_stim_on.bdf,periodic_A,2,780.421875,840.34375,triggers,0.22130460324469436,0.04266907210580009,0.3677377527057389,58,0.22130460324469436,58
HG217,AD,P1,Phase1_AD_EEG/HG217_EEG/HG217_EEG_stim_on.bdf,baseline,8,840.34375,900.0,triggers,-0.16805344646612064,-0.0795218986363277,0.021932867576737212,58,-0.16805344646612064,58
HG218,AD,P1,Phase1_AD_EEG/HG218_EEG/HG218_EEG_stim_on.bdf,baseline,1,0.0,61.1875,triggers,0.17131995023321672,-0.04695691624587185,0.26463821461793213,59,0.1884371195973209,58
HG218,AD,P1,Phase1_AD_EEG/HG218_EEG/HG218_EEG_stim_on.bdf,constant_A,1,61.1875,120.375,triggers,-0.07779422003936391,-0.007474043630158744,0.08425172971603696,57,-0.07779422003936391,57
HG218,AD,P1,Phase1_AD_EEG/HG218_EEG/HG218_EEG_stim_on.bdf,baseline,2,120.375,179.71875,triggers,0.07495139195493086,0.0011343122407357145,0.14273817051707946,57,0.07495139195493086,57
HG218,AD,P1,Phase1_AD_EEG/HG218_EEG/HG218_EEG_stim_on.bdf,periodic_V,1,179.71875,240.375,triggers,0.5882376588188907,0.04337109571686518,0.7347116557391337,59,0.5941290633643823,58
HG218,AD,P1,Phase1_AD_EEG/HG218_EEG/HG218_EEG_stim_on.bdf,baseline,3,240.375,300.90625,triggers,0.021696888457529373,-0.08294395226121437,0.13053991361828687,59,0.02955468515680544,58
HG218,AD,P1,Phase1_AD_EEG/HG218_EEG/HG218_EEG_stim_on.bdf,constant_V,1,300.90625,359.921875,triggers,-0.08994327560541565,-0.02449852265990353,0.03712243467319831,57,-0.08994327560541565,57
HG218,AD,P1,Phase1_AD_EEG/HG218_EEG/HG218_EEG_stim_on.bdf,baseline,4,359.921875,421.9375,triggers,-0.026016791031547422,0.02728227705383046,0.052611718004850254,60,-0.005058481843085112,58
HG218,AD,P1,Phase1_AD_EEG/HG218_EEG/HG218_EEG_stim_on.bdf,periodic_A,1,421.9375,481.578125,triggers,0.36085986598666603,-0.09316945841836427,0.45431479508788075,58,0.36085986598666603,58
HG218,AD,P1,Phase1_AD_EEG/HG218_EEG/HG218_EEG_stim_on.bdf,baseline,5,481.578125,542.3203125,triggers,-0.07290360373063554,0.017630296666273387,0.02344908172299813,59,-0.06565481174498124,58
HG218,AD,P1,Phase1_AD_EEG/HG218_EEG/HG218_EEG_stim_on.bdf,periodic_AV,1,542.3203125,599.96875,triggers,0.4630387324372697,-0.039846854278896005,0.6023012345139742,56,0.4630387324372697,56
HG218,AD,P1,Phase1_AD_EEG/HG218_EEG/HG218_EEG_stim_on.bdf,baseline,6,599.96875,660.0,triggers,0.14377252144585712,0.12947088169745993,0.23676166550583924,58,0.14377252144585712,58
HG218,AD,P1,Phase1_AD_EEG/HG218_EEG/HG218_EEG_stim_on.bdf,constant_AV,1,660.0,719.125,triggers,0.08780524405325507,-0.04805865571056693,0.17754925915545147,57,0.08780524405325507,57
HG218,AD,P1,Phase1_AD_EEG/HG218_EEG/HG218_EEG_stim_on.bdf,baseline,7,719.125,780.0,triggers,-0.09686288327889886,0.027342534793240725,0.03665325312645761,59,-0.10222862577640446,58
HG219,AD,P1,Phase1_AD_EEG/HG219_EEG/HG219_EEG_stim_on.bdf,baseline,1,0.0,59.1875,triggers,-0.07031882716684092,0.10366775420724203,0.012237299623472185,57,-0.07031882716684092,57
HG219,AD,P1,Phase1_AD_EEG/HG219_EEG/HG219_EEG_stim_on.bdf,constant_AV,1,59.1875,119.0,triggers,0.11549977020495455,-0.036862653066781936,0.23634929123990853,58,0.11549977020495455,58
HG219,AD,P1,Phase1_AD_EEG/HG219_EEG/HG219_EEG_stim_on.bdf,baseline,2,119.0,182.421875,triggers,0.03235880017149953,0.030147884852924994,0.1517436697158672,61,0.0491312519667222,58
HG219,AD,P1,Phase1_AD_EEG/HG219_EEG/HG219_EEG_stim_on.bdf,periodic_A,1,182.421875,241.0625,triggers,0.24315860664179653,-0.05952382182058527,0.38362411923129586,57,0.24315860664179653,57
HG219,AD,P1,Phase1_AD_EEG/HG219_EEG/HG219_EEG_stim_on.bdf,baseline,3,241.0625,300.421875,triggers,-0.035678268657407114,-0.024739624162827142,0.11424810807737207,57,-0.035678268657407114,57
HG219,AD,P1,Phase1_AD_EEG/HG219_EEG/HG219_EEG_stim_on.bdf,periodic_AV,1,300.421875,360.984375,triggers,0.39730497115260444,-0.008997440713031712,0.5269634761751977,59,0.4106065518914788,58
HG219,AD,P1,Phase1_AD_EEG/HG219_EEG/HG219_EEG_stim_on.bdf,baseline,4,360.984375,423.5,triggers,-0.0938522350413338,-0.06667217015826256,0.05828198860797459,61,-0.09133307076147568,58
HG219,AD,P1,Phase1_AD_EEG/HG219_EEG/HG219_EEG_stim_on.bdf,constant_V,1,423.5,479.84375,triggers,0.023874407744356577,0.01623189114059459,0.12600506309541395,54,0.023874407744356577,54
HG219,AD,P1,Phase1_AD_EEG/HG219_EEG/HG219_EEG_stim_on.bdf,baseline,5,479.84375,540.890625,triggers,-0.07044374516053195,-0.07862202068873397,0.04381285462055449,59,-0.06994468218226255,58
HG219,AD,P1,Phase1_AD_EEG/HG219_EEG/HG219_EEG_stim_on.bdf,periodic_V,1,540.890625,600.4453125,triggers,0.505214951956174,-0.04008636803306212,0.5914093151280416,58,0.505214951956174,58
HG219,AD,P1,Phase1_AD_EEG/HG219_EEG/HG219_EEG_stim_on.bdf,baseline,6,600.4453125,661.05859375,triggers,-0.06771507078813163,0.03390807283396591,0.07404064727126206,59,-0.05673369531701383,58
HG219,AD,P1,Phase1_AD_EEG/HG219_EEG/HG219_EEG_stim_on.bdf,constant_A,1,661.05859375,720.609375,triggers,-0.09229085099772179,-0.004917093147809984,0.02629864436978606,58,-0.09229085099772179,58
HG219,AD,P1,Phase1_AD_EEG/HG219_EEG/HG219_EEG_stim_on.bdf,baseline,7,720.609375,780.0,triggers,-0.04568508833412307,0.12307295632572739,0.044840439696309235,57,-0.04568508833412307,57
HG221,AD,P1,Phase1_AD_EEG/HG221_EEG/HG221_EEG_stim_on.bdf,baseline,1,0.0,60.75,triggers,0.014771693105556455,-0.010192577499443342,0.13909163115575313,59,0.02900544116862591,58
HG221,AD,P1,Phase1_AD_EEG/HG221_EEG/HG221_EEG_stim_on.bdf,constant_A,1,60.75,120.15625,triggers,-0.11260263991520203,0.022398688499654,0.033242219308939835,57,-0.11260263991520203,57
HG221,AD,P1,Phase1_AD_EEG/HG221_EEG/HG221_EEG_stim_on.bdf,baseline,2,120.15625,179.84375,triggers,0.048864015777027106,0.036050011754540826,0.16892388186403268,58,0.048864015777027106,58
HG221,AD,P1,Phase1_AD_EEG/HG221_EEG/HG221_EEG_stim_on.bdf,periodic_AV,1,179.84375,240.609375,triggers,0.5595017374546636,0.07698022183514282,0.6880533512240424,59,0.5610439894987038,58
HG221,AD,P1,Phase1_AD_EEG/HG221_EEG/HG221_EEG_stim_on.bdf,baseline,3,240.609375,299.953125,triggers,0.008931696305796627,-0.036658034306936996,0.14471227808764697,57,0.008931696305796627,57
HG221,AD,P1,Phase1_AD_EEG/HG221_EEG/HG221_EEG_stim_on.bdf,constant_AV,1,299.953125,359.015625,triggers,-0.0015167642496586031,0.010568679988576288,0.08338521959818562,57,-0.0015167642496586031,57
HG221,AD,P1,Phase1_AD_EEG/HG221_EEG/HG221_EEG_stim_on.bdf,baseline,4,359.015625,423.125,triggers,0.034502060309615196,0.05598860030827513,0.14421561415885661,62,0.028408572650846925,58
HG221,AD,P1,Phase1_AD_EEG/HG221_EEG/HG221_EEG_stim_on.bdf,periodic_A,1,423.125,480.375,triggers,0.16421636108832044,-0.01121718723544339,0.24882956173722068,55,0.16421636108832044,55
HG221,AD,P1,Phase1_AD_EEG/HG221_EEG/HG221_EEG_stim_on.bdf,baseline,5,480.375,539.84375,triggers,0.048923941127859596,0.07910822022448089,0.15036244213009234,57,0.048923941127859596,57
HG221,AD,P1,Phase1_AD_EEG/HG221_EEG/HG221_EEG_stim_on.bdf,periodic_V,1,539.84375,599.703125,triggers,0.6711704497188733,-0.12394417227444333,0.7965107423402983,58,0.6711704497188733,58
HG221,AD,P1,Phase1_AD_EEG/HG221_EEG/HG221_EEG_stim_on.bdf,baseline,6,599.703125,658.3125,triggers,0.04821479470367882,-0.11337288999112984,0.1092975628172704,56,0.04821479470367882,56
HG221,AD,P1,Phase1_AD_EEG/HG221_EEG/HG221_EEG_stim_on.bdf,constant_V,1,658.3125,719.640625,triggers,-0.026881755383424036,-0.007454805058155059,0.07182581537803973,59,-0.03729728074678099,58
HG221,AD,P1,Phase1_AD_EEG/HG221_EEG/HG221_EEG_stim_on.bdf,baseline,7,719.640625,780.0,triggers,0.006591257259187661,0.012780499372676918,0.1411162078113529,58,0.006591257259187661,58
E01,older_CN,P1,Phase1_CNControls_EEG/E01_EEG/E01_EEG_stim_on.bdf,baseline,1,0.0,58.703125,triggers,-0.030973882435550146,-0.01113845779458604,0.07778659482049215,57,-0.030973882435550146,57
E01,older_CN,P1,Phase1_CNControls_EEG/E01_EEG/E01_EEG_stim_on.bdf,random_V,1,58.703125,241.75,triggers,0.03379221104157317,-0.01802990391048323,0.09407179093801558,181,0.024954681249226923,58
E01,older_CN,P1,Phase1_CNControls_EEG/E01_EEG/E01_EEG_stim_on.bdf,baseline,2,241.75,298.203125,triggers,-0.009612171846554204,-0.05450874143659899,0.08550300203569357,54,-0.009612171846554204,54
E01,older_CN,P1,Phase1_CNControls_EEG/E01_EEG/E01_EEG_stim_on.bdf,periodic_V,1,298.203125,482.875,triggers,0.6923854417192132,0.03007744438456561,0.7213544716906513,183,0.7289220354146866,58
E01,older_CN,P1,Phase1_CNControls_EEG/E01_EEG/E01_EEG_stim_on.bdf,baseline,3,482.875,539.625,triggers,-0.03096986554309887,-0.07181058225012943,0.07661549720570149,55,-0.03096986554309887,55
E01,older_CN,P1,Phase1_CNControls_EEG/E01_EEG/E01_EEG_stim_on.bdf,random_AV,1,539.625,718.515625,triggers,-0.011147674156778448,0.036930869424235846,0.06623650352556273,177,-0.013943310537029865,58
E01,older_CN,P1,Phase1_CNControls_EEG/E01_EEG/E01_EEG_stim_on.bdf,baseline,4,718.515625,780.46875,triggers,0.06942019917391058,-0.0467254671374861,0.16473097154460517,60,0.04942583071984974,58
E01,older_CN,P1,Phase1_CNControls_EEG/E01_EEG/E01_EEG_stim_on.bdf,periodic_A,1,780.46875,960.21875,triggers,0.713844333503745,-0.00744501877643796,0.7775143071491508,178,0.6554388545998834,58
E01,older_CN,P1,Phase1_CNControls_EEG/E01_EEG/E01_EEG_stim_on.bdf,baseline,5,960.21875,1020.125,triggers,0.010293771310569966,0.07358951371891875,0.18050725557311018,58,0.010293771310569966,58
E01,older_CN,P1,Phase1_CNControls_EEG/E01_EEG/E01_EEG_stim_on.bdf,random_A,1,1020.125,1200.21875,triggers,0.07299415369076659,0.04735268639223163,0.12790352935978488,178,-0.0070214728511238805,58
E01,older_CN,P1,Phase1_CNControls_EEG/E01_EEG/E01_EEG_stim_on.bdf,baseline,6,1200.21875,1256.703125,triggers,-0.03633380506729429,0.018140719668635064,0.06804317450361873,54,-0.03633380506729429,54
E01,older_CN,P1,Phase1_CNControls_EEG/E01_EEG/E01_EEG_stim_on.bdf,periodic_AV,1,1256.703125,1439.59375,triggers,0.7945281184658243,-0.01778035786548117,0.8847409393509492,181,0.8280726178431635,58
E01,older_CN,P1,Phase1_CNControls_EEG/E01_EEG/E01_EEG_stim_on.bdf,baseline,7,1439.59375,1500.0,triggers,-0.056228235964151864,-0.032263369295868996,0.028086103628884924,58,-0.056228235964151864,58
E02,older_CN,P1,Phase1_CNControls_EEG/E02_EEG/E02_EEG_stim_on.bdf,baseline,1,0.0,60.3125,triggers,0.026298869668603397,0.12921633101797667,0.1706677055805541,58,0.026298869668603397,58
E02,older_CN,P1,Phase1_CNControls_EEG/E02_EEG/E02_EEG_stim_on.bdf,periodic_A,1,60.3125,240.15625,triggers,0.45450037872281157,-0.011131327429769633,0.5080906798333572,178,0.46828236790135436,58
E02,older_CN,P1,Phase1_CNControls_EEG/E02_EEG/E02_EEG_stim_on.bdf,baseline,2,240.15625,300.25,triggers,-0.0008918697192179248,-0.06121390992224765,0.0828460150258939,58,-0.0008918697192179248,58
E02,older_CN,P1,Phase1_CNControls_EEG/E02_EEG/E02_EEG_stim_on.bdf,random_A,1,300.25,480.328125,triggers,0.025632483414409934,-0.03048275562546786,0.09921887102494584,178,-0.03677252713199451,58
E02,older_CN,P1,Phase1_CNControls_EEG/E02_EEG/E02_EEG_stim_on.bdf,baseline,3,480.328125,539.03125,triggers,0.03786628794894403,0.013054339299053197,0.14210150568219407,57,0.03786628794894403,57
E02,older_CN,P1,Phase1_CNControls_EEG/E02_EEG/E02_EEG_stim_on.bdf,random_V,1,539.03125,721.125,triggers,-0.011964669158229357,0.0665752751680975,0.06412451878992532,180,0.03185912910283689,58
E02,older_CN,P1,Phase1_CNControls_EEG/E02_EEG/E02_EEG_stim_on.bdf,baseline,4,721.125,779.0,triggers,0.05603306467656455,0.15939044573925887,0.14375488134416342,56,0.05603306467656455,56
E02,older_CN,P1,Phase1_CNControls_EEG/E02_EEG/E02_EEG_stim_on.bdf,random_AV,1,779.0,963.115234375,triggers,0.002038230201509658,-0.011824799611039029,0.0930591089774367,182,-0.06184133256250238,58
E02,older_CN,P1,Phase1_CNControls_EEG/E02_EEG/E02_EEG_stim_on.bdf,baseline,5,963.115234375,1018.38671875,triggers,-0.1258120354520545,0.06253250541922598,0.04390255950673201,51,-0.1258120354520545,51
E02,older_CN,P1,Phase1_CNControls_EEG/E02_EEG/E02_EEG_stim_on.bdf,periodic_V,1,1018.38671875,1200.328125,triggers,0.07121332617254611,-0.04170451287790203,0.15698229234755737,177,0.04526347209509268,58
E02,older_CN,P1,Phase1_CNControls_EEG/E02_EEG/E02_EEG_stim_on.bdf,baseline,6,1200.328125,1258.0625,triggers,-0.025570373220685602,-0.01613288523617043,0.11447606804921993,54,-0.025570373220685602,54
E02,older_CN,P1,Phase1_CNControls_EEG/E02_EEG/E02_EEG_stim_on.bdf,periodic_AV,1,1258.0625,1442.3125,triggers,0.4085754388529275,0.07457943317138102,0.4695595380235485,179,0.42102255239110215,58
E02,older_CN,P1,Phase1_CNControls_EEG/E02_EEG/E02_EEG_stim_on.bdf,baseline,7,1442.3125,1500.0,triggers,0.11721820749986003,0.1250914856074253,0.259452199957809,56,0.11721820749986003,56
E03,older_CN,P1,Phase1_CNControls_EEG/E03_EEG/E03_EEG_stim_on.bdf,baseline,1,0.0,60.09375,triggers,-0.015491718924294018,-0.06500074763517626,0.11054852502470205,58,-0.015491718924294018,58
E03,older_CN,P1,Phase1_CNControls_EEG/E03_EEG/E03_EEG_stim_on.bdf,random_V,1,60.09375,242.28125,triggers,-0.020247391453443654,-0.053818707611875016,0.053461668128594854,180,0.030089069347243716,58
E03,older_CN,P1,Phase1_CNControls_EEG/E03_EEG/E03_EEG_stim_on.bdf,baseline,2,242.28125,300.296875,triggers,-0.09010078405926152,-0.08074131382233347,0.04976845579611451,56,-0.09010078405926152,56
E03,older_CN,P1,Phase1_CNControls_EEG/E03_EEG/E03_EEG_stim_on.bdf,random_AV,1,300.296875,479.5,triggers,0.00507898447361755,0.022686081902831536,0.048941603466280244,177,-0.025051280119511035,58
E03,older_CN,P1,Phase1_CNControls_EEG/E03_EEG/E03_EEG_stim_on.bdf,baseline,3,479.5,540.25,triggers,-0.07601503947396723,0.12038611660410493,0.1295005782576796,59,-0.0728918533850646,58
E03,older_CN,P1,Phase1_CNControls_EEG/E03_EEG/E03_EEG_stim_on.bdf,random_A,1,540.25,720.40625,triggers,0.03735589834575756,0.0010805280857042188,0.0770427235972585,178,0.1992215179762034,58
E03,older_CN,P1,Phase1_CNControls_EEG/E03_EEG/E03_EEG_stim_on.bdf,baseline,4,720.40625,780.328125,triggers,0.10676033271147453,-0.06002152613515928,0.1999176730488109,58,0.10676033271147453,58
E03,older_CN,P1,Phase1_CNControls_EEG/E03_EEG/E03_EEG_stim_on.bdf,periodic_A,1,780.328125,960.296875,triggers,0.3621149677783772,0.059015664736314755,0.3918434186729622,178,0.300485213584896,58
E03,older_CN,P1,Phase1_CNControls_EEG/E03_EEG/E03_EEG_stim_on.bdf,baseline,5,960.296875,1019.453125,triggers,0.1998710476540771,0.04454946145259761,0.2656812938944518,57,0.1998710476540771,57
E03,older_CN,P1,Phase1_CNControls_EEG/E03_EEG/E03_EEG_stim_on.bdf,periodic_AV,1,1019.453125,1199.5625,triggers,0.37244399507865106,-0.04686524990399576,0.41619209280320996,178,0.14376872121174067,58
E03,older_CN,P1,Phase1_CNControls_EEG/E03_EEG/E03_EEG_stim_on.bdf,baseline,6,1199.5625,1259.25,triggers,-0.09385093220502046,0.03296639536559692,0.047424880020178015,58,-0.09385093220502046,58
E03,older_CN,P1,Phase1_CNControls_EEG/E03_EEG/E03_EEG_stim_on.bdf,periodic_V,1,1259.25,1439.15625,triggers,0.5466481258371322,-0.0149712060400383,0.6394409980501652,178,0.5623727411434226,58
E03,older_CN,P1,Phase1_CNControls_EEG/E03_EEG/E03_EEG_stim_on.bdf,baseline,7,1439.15625,1500.0,triggers,-0.01834320199907058,0.008120754311220946,0.13606659207067645,59,-0.015754822174148225,58
E04,older_CN,P1,Phase1_CNControls_EEG/E04_EEG/E04_EEG_stim_on.bdf,baseline,1,0.0,59.15625,triggers,-0.07270401555646769,0.02440404850675565,0.05609662540919719,57,-0.07270401555646769,57
E04,older_CN,P1,Phase1_CNControls_EEG/E04_EEG/E04_EEG_stim_on.bdf,periodic_AV,1,59.15625,237.875,triggers,0.7980308992997697,-0.035446212474284484,0.8995278028197337,177,0.8045950668601575,58
E04,older_CN,P1,Phase1_CNControls_EEG/E04_EEG/E04_EEG_stim_on.bdf,baseline,2,237.875,299.75,triggers,-0.030272862738858486,-0.009836540154693069,0.08144951984541496,60,-0.015037660907734313,58
E04,older_CN,P1,Phase1_CNControls_EEG/E04_EEG/E04_EEG_stim_on.bdf,random_V,1,299.75,479.46875,triggers,0.0100437934920833,0.02289179321350006,0.08712624644707018,178,0.059525912449508986,58
E04,older_CN,P1,Phase1_CNControls_EEG/E04_EEG/E04_EEG_stim_on.bdf,baseline,3,479.46875,538.390625,triggers,0.031322184283257754,0.05113688940534339,0.13567945881791973,57,0.031322184283257754,57
E04,older_CN,P1,Phase1_CNControls_EEG/E04_EEG/E04_EEG_stim_on.bdf,random_AV,1,538.390625,719.296875,triggers,-0.03488241682348167,0.04952254242449758,0.06482475165672932,179,-0.12710068839425331,58
E04,older_CN,P1,Phase1_CNControls_EEG/E04_EEG/E04_EEG_stim_on.bdf,baseline,4,719.296875,780.296875,triggers,0.19010264998041845,0.09431206969781375,0.2742680533007185,59,0.20465253900670893,58
E04,older_CN,P1,Phase1_CNControls_EEG/E04_EEG/E04_EEG_stim_on.bdf,periodic_V,1,780.296875,960.828125,triggers,0.5430805421875414,0.051787893516858016,0.6019573544089797,179,0.5713157388796914,58
E04,older_CN,P1,Phase1_CNControls_EEG/E04_EEG/E04_EEG_stim_on.bdf,baseline,5,960.828125,1020.34375,triggers,-0.004363013216443057,0.036215905518999725,0.15374020257189924,58,-0.004363013216443057,58
E04,older_CN,P1,Phase1_CNControls_EEG/E04_EEG/E04_EEG_stim_on.bdf,random_A,1,1020.34375,1200.3125,triggers,-0.04217992920725455,-0.028673623921311536,0.025417501172578183,178,-0.018379899929131707,58
E04,older_CN,P1,Phase1_CNControls_EEG/E04_EEG/E04_EEG_stim_on.bdf,baseline,6,1200.3125,1260.34375,triggers,-0.03712078008058832,0.19872122486809193,0.10171138726833225,58,-0.03712078008058832,58
E04,older_CN,P1,Phase1_CNControls_EEG/E04_EEG/E04_EEG_stim_on.bdf,periodic_A,1,1260.34375,1440.484375,triggers,0.5548816798895719,-0.017204049516260478,0.617451578537313,178,0.5154239630160475,58
E04,older_CN,P1,Phase1_CNControls_EEG/E04_EEG/E04_EEG_stim_on.bdf,baseline,7,1440.484375,1500.0,triggers,-0.024930007596660197,0.01969414619891502,0.07404408203630365,58,-0.024930007596660197,58
E05,older_CN,P1,Phase1_CNControls_EEG/E05_EEG/E05_EEG_stim_on.bdf,baseline,1,0.0,60.0,notes (triggers=12),-0.07857840994689258,-0.055549738205910984,0.08751309574557736,58,-0.07857840994689258,58
E05,older_CN,P1,Phase1_CNControls_EEG/E05_EEG/E05_EEG_stim_on.bdf,random_A,1,60.0,240.0,notes (triggers=12),-0.04895018944864832,-0.03473965777770768,0.04729641462619906,178,-0.14138729293460983,58
E05,older_CN,P1,Phase1_CNControls_EEG/E05_EEG/E05_EEG_stim_on.bdf,baseline,2,240.0,300.0,notes (triggers=12),-0.09405929876475748,-0.002432829804616607,0.036597492136138846,58,-0.09405929876475748,58
E05,older_CN,P1,Phase1_CNControls_EEG/E05_EEG/E05_EEG_stim_on.bdf,random_V,1,300.0,480.0,notes (triggers=12),0.09586542498467165,-0.006374858574307279,0.1544667286732947,178,0.15015741311459635,58
E05,older_CN,P1,Phase1_CNControls_EEG/E05_EEG/E05_EEG_stim_on.bdf,baseline,3,480.0,540.0,notes (triggers=12),0.08019327210482845,0.053816768020023574,0.1649564052297671,58,0.08019327210482845,58
E05,older_CN,P1,Phase1_CNControls_EEG/E05_EEG/E05_EEG_stim_on.bdf,random_AV,1,540.0,720.0,notes (triggers=12),0.05609604882911251,0.08575653907479301,0.13061359866294986,178,0.05650296180195627,58
E05,older_CN,P1,Phase1_CNControls_EEG/E05_EEG/E05_EEG_stim_on.bdf,baseline,4,720.0,780.0,notes (triggers=12),-0.05775133463548192,0.12530245874549675,0.1151841572948203,58,-0.05775133463548192,58
E05,older_CN,P1,Phase1_CNControls_EEG/E05_EEG/E05_EEG_stim_on.bdf,periodic_A,1,780.0,960.0,notes (triggers=12),0.7957125993297751,0.03172230785484664,0.8753802437783147,178,0.7881176789831612,58
E05,older_CN,P1,Phase1_CNControls_EEG/E05_EEG/E05_EEG_stim_on.bdf,baseline,5,960.0,1020.0,notes (triggers=12),0.1978642611104581,0.05147435189331455,0.2921240987799563,58,0.1978642611104581,58
E05,older_CN,P1,Phase1_CNControls_EEG/E05_EEG/E05_EEG_stim_on.bdf,periodic_V,1,1020.0,1200.0,notes (triggers=12),0.4377793535662955,0.025630704730108318,0.5198904179798826,177,0.46335084467586285,58
E05,older_CN,P1,Phase1_CNControls_EEG/E05_EEG/E05_EEG_stim_on.bdf,baseline,6,1200.0,1260.0,notes (triggers=12),0.10211976788182664,-0.0801164557043172,0.19834773030337577,58,0.10211976788182664,58
E05,older_CN,P1,Phase1_CNControls_EEG/E05_EEG/E05_EEG_stim_on.bdf,periodic_AV,1,1260.0,1440.0,notes (triggers=12),0.7277204371038108,0.05947037755816878,0.769147429718971,178,0.6725914423473748,58
E05,older_CN,P1,Phase1_CNControls_EEG/E05_EEG/E05_EEG_stim_on.bdf,baseline,7,1440.0,1499.0,notes (triggers=12),0.0657003507886375,-0.012637502964835179,0.15694211907384567,57,0.0657003507886375,57
E06,older_CN,P1,Phase1_CNControls_EEG/E06_EEG/E06_EEG_stim_on.bdf,baseline,1,0.0,60.0,notes (triggers=7),0.0023130767421903203,0.12280487917548655,0.11267432667693345,58,0.0023130767421903203,58
E06,older_CN,P1,Phase1_CNControls_EEG/E06_EEG/E06_EEG_stim_on.bdf,random_AV,1,60.0,240.0,notes (triggers=7),0.3619170559861716,-0.017103090373714207,0.42533311631299303,178,0.2868521109653426,58
E06,older_CN,P1,Phase1_CNControls_EEG/E06_EEG/E06_EEG_stim_on.bdf,baseline,2,240.0,300.0,notes (triggers=7),-0.040258405359852,0.00790225805845543,0.06051418713642873,58,-0.040258405359852,58
E06,older_CN,P1,Phase1_CNControls_EEG/E06_EEG/E06_EEG_stim_on.bdf,random_V,1,300.0,480.0,notes (triggers=7),0.5479057533051287,0.03779192150583148,0.6315397986791463,178,0.46116113524577895,58
E06,older_CN,P1,Phase1_CNControls_EEG/E06_EEG/E06_EEG_stim_on.bdf,baseline,3,480.0,540.0,notes (triggers=7),0.15725589400365408,0.055037376446339575,0.2824145519463671,58,0.15725589400365408,58
E06,older_CN,P1,Phase1_CNControls_EEG/E06_EEG/E06_EEG_stim_on.bdf,random_A,1,540.0,720.0,notes (triggers=7),0.3169859225052021,-0.037733197147069984,0.37044589652198023,178,0.222712542222822,58
E06,older_CN,P1,Phase1_CNControls_EEG/E06_EEG/E06_EEG_stim_on.bdf,baseline,4,720.0,780.0,notes (triggers=7),0.005127314120499216,0.004914451089064076,0.14368171805400223,58,0.005127314120499216,58
E07,older_CN,P1,Phase1_CNControls_EEG/E07_EEG/E07_EEG_stim_on.bdf,baseline,1,0.0,60.203125,triggers,0.040034941825070336,0.216363508894656,0.187594690152771,58,0.040034941825070336,58
E07,older_CN,P1,Phase1_CNControls_EEG/E07_EEG/E07_EEG_stim_on.bdf,random_A,1,60.203125,240.34375,triggers,-0.006322738835278396,-0.010906494210867965,0.055672444599878065,178,0.0010772693356814883,58
E07,older_CN,P1,Phase1_CNControls_EEG/E07_EEG/E07_EEG_stim_on.bdf,baseline,2,240.34375,294.015625,triggers,-0.05349301117490088,0.022434529882638526,0.18039342112279635,52,-0.05349301117490088,52
E07,older_CN,P1,Phase1_CNControls_EEG/E07_EEG/E07_EEG_stim_on.bdf,random_AV,1,294.015625,477.421875,triggers,-0.018751903509770164,0.022110547064461666,0.051116097833477335,181,-0.11310428472942953,58
E07,older_CN,P1,Phase1_CNControls_EEG/E07_EEG/E07_EEG_stim_on.bdf,baseline,3,477.421875,540.375,triggers,-0.026689216642162172,0.02087420589850339,0.13757582083686587,61,0.014492643321107557,58
E07,older_CN,P1,Phase1_CNControls_EEG/E07_EEG/E07_EEG_stim_on.bdf,periodic_A,1,540.375,720.40625,triggers,0.6601163932084243,-0.056297642540288684,0.6975970006764278,178,0.5964065741544219,58
E07,older_CN,P1,Phase1_CNControls_EEG/E07_EEG/E07_EEG_stim_on.bdf,baseline,4,720.40625,774.875,triggers,0.0338111298796418,0.003821760868996743,0.18880387327793807,52,0.0338111298796418,52
E07,older_CN,P1,Phase1_CNControls_EEG/E07_EEG/E07_EEG_stim_on.bdf,periodic_AV,1,774.875,956.828125,triggers,0.8323536461054591,-0.007272570191850659,0.8933276067820214,180,0.8336752566592341,58
E07,older_CN,P1,Phase1_CNControls_EEG/E07_EEG/E07_EEG_stim_on.bdf,baseline,5,956.828125,1017.65625,triggers,0.01197236894588638,0.08060288112845934,0.15458994444118512,59,0.0042679744680304554,58
E07,older_CN,P1,Phase1_CNControls_EEG/E07_EEG/E07_EEG_stim_on.bdf,random_V,1,1017.65625,1199.5,triggers,0.03531955012445319,0.060876594450916796,0.07910852171907062,180,0.0015038807167907647,58
E07,older_CN,P1,Phase1_CNControls_EEG/E07_EEG/E07_EEG_stim_on.bdf,baseline,6,1199.5,1256.6875,triggers,0.04055714891527959,0.06362841073809836,0.1564188397741466,55,0.04055714891527959,55
E07,older_CN,P1,Phase1_CNControls_EEG/E07_EEG/E07_EEG_stim_on.bdf,periodic_V,1,1256.6875,1436.484375,triggers,0.7655530194567199,0.03911145117168814,0.8459040305360787,178,0.7780513895613221,58
E07,older_CN,P1,Phase1_CNControls_EEG/E07_EEG/E07_EEG_stim_on.bdf,baseline,7,1436.484375,1500.0,triggers,-0.0485855689904605,0.012742775897481337,0.04833999089758495,62,-0.08590922935418346,58
E09,older_CN,P1,Phase1_CNControls_EEG/E09_EEG/E09_EEG_stim_on.bdf,baseline,1,0.0,60.328125,triggers,-0.0005702035735103972,-0.1248180922804993,0.08226163562809488,58,-0.0005702035735103972,58
E09,older_CN,P1,Phase1_CNControls_EEG/E09_EEG/E09_EEG_stim_on.bdf,periodic_A,1,60.328125,240.359375,triggers,0.6765352358728136,-0.00282143478194382,0.7274691116014601,178,0.6923388246572757,58
E09,older_CN,P1,Phase1_CNControls_EEG/E09_EEG/E09_EEG_stim_on.bdf,baseline,2,240.359375,296.328125,triggers,0.03868203726374653,-0.07281247016186135,0.11866732961178632,54,0.03868203726374653,54
E09,older_CN,P1,Phase1_CNControls_EEG/E09_EEG/E09_EEG_stim_on.bdf,periodic_AV,1,296.328125,477.46875,triggers,0.7868020852752969,0.0037293695779580804,0.8436710352075795,179,0.7691530058281887,58
E09,older_CN,P1,Phase1_CNControls_EEG/E09_EEG/E09_EEG_stim_on.bdf,baseline,3,477.46875,535.703125,triggers,0.012751196328983527,-0.06317469521485136,0.24136074576461466,56,0.012751196328983527,56
E09,older_CN,P1,Phase1_CNControls_EEG/E09_EEG/E09_EEG_stim_on.bdf,random_AV,1,535.703125,718.234375,triggers,0.018156853010505743,0.09236052073371173,0.05243168544778972,181,-0.039128791489043586,58
E09,older_CN,P1,Phase1_CNControls_EEG/E09_EEG/E09_EEG_stim_on.bdf,baseline,4,718.234375,776.71875,triggers,0.010840755957974735,0.07532506421318788,0.11914944736397141,56,0.010840755957974735,56
E09,older_CN,P1,Phase1_CNControls_EEG/E09_EEG/E09_EEG_stim_on.bdf,random_V,1,776.71875,958.109375,triggers,0.021108715769975292,0.009165509726847612,0.06499940986194518,179,0.020061681694019895,58
E09,older_CN,P1,Phase1_CNControls_EEG/E09_EEG/E09_EEG_stim_on.bdf,baseline,5,958.109375,1020.234375,triggers,0.00665426888506343,-0.05925144607298011,0.18343091003712564,60,-0.02162055810330879,58
E09,older_CN,P1,Phase1_CNControls_EEG/E09_EEG/E09_EEG_stim_on.bdf,random_A,1,1020.234375,1200.328125,triggers,-0.037951810527345003,-0.02552797776894069,0.005021979390934446,178,0.03447716441324554,58
E09,older_CN,P1,Phase1_CNControls_EEG/E09_EEG/E09_EEG_stim_on.bdf,baseline,6,1200.328125,1255.59375,triggers,0.08963630506952436,0.061725855880274544,0.17811504643354198,53,0.08963630506952436,53
E09,older_CN,P1,Phase1_CNControls_EEG/E09_EEG/E09_EEG_stim_on.bdf,periodic_V,1,1255.59375,1438.03125,triggers,0.4818607966201899,0.05405819998572092,0.5328430253623939,179,0.5504990714159265,58
E09,older_CN,P1,Phase1_CNControls_EEG/E09_EEG/E09_EEG_stim_on.bdf,baseline,7,1438.03125,1500.0,triggers,0.05018337656640148,-0.022275894549656367,0.15694239572860139,60,0.013331057408766903,58
E10,older_CN,P1,Phase1_CNControls_EEG/E10_EEG/E10_EEG_stim_on.bdf,baseline,1,0.0,60.0,notes (triggers=11),0.05435110612218723,0.043494065628430514,0.11245216158125088,58,0.05435110612218723,58
E10,older_CN,P1,Phase1_CNControls_EEG/E10_EEG/E10_EEG_stim_on.bdf,random_AV,1,60.0,240.0,notes (triggers=11),0.08611676452205924,0.004135950136798502,0.14966292886357127,178,0.14438542822631484,58
E10,older_CN,P1,Phase1_CNControls_EEG/E10_EEG/E10_EEG_stim_on.bdf,baseline,2,240.0,300.0,notes (triggers=11),0.019637630767917802,0.0053314040919253125,0.16534184498646706,58,0.019637630767917802,58
E10,older_CN,P1,Phase1_CNControls_EEG/E10_EEG/E10_EEG_stim_on.bdf,periodic_AV,1,300.0,480.0,notes (triggers=11),0.851955131520482,0.03813604019575717,0.9130407881085341,178,0.7739862915653278,58
E10,older_CN,P1,Phase1_CNControls_EEG/E10_EEG/E10_EEG_stim_on.bdf,baseline,3,480.0,540.0,notes (triggers=11),0.22355953478401533,-0.015106586321090312,0.31376377999536964,58,0.22355953478401533,58
E10,older_CN,P1,Phase1_CNControls_EEG/E10_EEG/E10_EEG_stim_on.bdf,random_A,1,540.0,720.0,notes (triggers=11),0.04822436220414537,-0.02727485752389222,0.10097183806459431,178,0.068817389622243,58
E10,older_CN,P1,Phase1_CNControls_EEG/E10_EEG/E10_EEG_stim_on.bdf,baseline,4,720.0,780.0,notes (triggers=11),0.0007044004250712915,-0.05497167493847728,0.07330253210932249,58,0.0007044004250712915,58
E10,older_CN,P1,Phase1_CNControls_EEG/E10_EEG/E10_EEG_stim_on.bdf,periodic_V,1,780.0,960.0,notes (triggers=11),0.6380524243349937,-0.041290767775076405,0.6947029905587311,178,0.5072295159168805,58
E10,older_CN,P1,Phase1_CNControls_EEG/E10_EEG/E10_EEG_stim_on.bdf,baseline,5,960.0,1020.0,notes (triggers=11),0.031605121791718704,0.09033273421703747,0.14437798813137095,57,0.031605121791718704,57
E10,older_CN,P1,Phase1_CNControls_EEG/E10_EEG/E10_EEG_stim_on.bdf,periodic_A,1,1020.0,1200.0,notes (triggers=11),0.5609561941816105,0.005869958798030331,0.6250162951442634,178,0.47596456381379265,58
E10,older_CN,P1,Phase1_CNControls_EEG/E10_EEG/E10_EEG_stim_on.bdf,baseline,6,1200.0,1260.0,notes (triggers=11),-0.051740393820390224,-0.01948166268356312,0.08621374625435782,58,-0.051740393820390224,58
E10,older_CN,P1,Phase1_CNControls_EEG/E10_EEG/E10_EEG_stim_on.bdf,random_V,1,1260.0,1440.0,notes (triggers=11),-0.026497316723874786,0.028866169355229038,0.0630609865706252,178,-0.06458853109499464,58
E10,older_CN,P1,Phase1_CNControls_EEG/E10_EEG/E10_EEG_stim_on.bdf,baseline,7,1440.0,1500.0,notes (triggers=11),-0.06621682417823854,0.1872360891562816,0.04348573026532429,58,-0.06621682417823854,58
E12,older_CN,P1,Phase1_CNControls_EEG/E12_EEG/E12_EEG_stim_on.bdf,baseline,1,0.0,56.265625,triggers,-0.05746733373329278,0.09788398849430408,0.054899677523416054,54,-0.05746733373329278,54
E12,older_CN,P1,Phase1_CNControls_EEG/E12_EEG/E12_EEG_stim_on.bdf,periodic_V,1,56.265625,236.34375,triggers,0.17416131374763094,-0.08371365972527098,0.24184199232051667,178,0.09947482151532791,58
E12,older_CN,P1,Phase1_CNControls_EEG/E12_EEG/E12_EEG_stim_on.bdf,baseline,2,236.34375,300.296875,triggers,-0.03512829622295355,0.02837145534331073,0.12049359727218548,62,0.005490543424369748,58
E12,older_CN,P1,Phase1_CNControls_EEG/E12_EEG/E12_EEG_stim_on.bdf,random_A,1,300.296875,480.40625,triggers,0.031149154730460857,0.0018542422520326507,0.07452810984427108,178,0.04513618280580692,58
E12,older_CN,P1,Phase1_CNControls_EEG/E12_EEG/E12_EEG_stim_on.bdf,baseline,3,480.40625,540.40625,triggers,-0.16979345984932998,-0.045321846056812734,0.11138877520111644,58,-0.16979345984932998,58
E12,older_CN,P1,Phase1_CNControls_EEG/E12_EEG/E12_EEG_stim_on.bdf,periodic_A,1,540.40625,720.375,triggers,0.7621947778465417,-0.04613464842871245,0.8112511476473303,178,0.6809592812227858,58
E12,older_CN,P1,Phase1_CNControls_EEG/E12_EEG/E12_EEG_stim_on.bdf,baseline,4,720.375,775.703125,triggers,0.1284585784151451,-0.08445088237467357,0.2670079096731634,53,0.1284585784151451,53
E12,older_CN,P1,Phase1_CNControls_EEG/E12_EEG/E12_EEG_stim_on.bdf,random_AV,1,775.703125,956.15625,triggers,0.07841953800136373,-0.0405957933229407,0.14804682417468829,178,-0.020539582597741357,58
E12,older_CN,P1,Phase1_CNControls_EEG/E12_EEG/E12_EEG_stim_on.bdf,baseline,5,956.15625,1015.859375,triggers,-0.03092146391268563,0.0999680212969912,0.12217508665760593,58,-0.03092146391268563,58
E12,older_CN,P1,Phase1_CNControls_EEG/E12_EEG/E12_EEG_stim_on.bdf,periodic_AV,1,1015.859375,1197.3125,triggers,0.7867891779536516,-0.05213807479993307,0.8556754406431271,179,0.7166400554332253,58
E12,older_CN,P1,Phase1_CNControls_EEG/E12_EEG/E12_EEG_stim_on.bdf,baseline,6,1197.3125,1256.96875,triggers,-0.047621930019046924,-0.09729007950496874,0.09703841065377976,58,-0.047621930019046924,58
E12,older_CN,P1,Phase1_CNControls_EEG/E12_EEG/E12_EEG_stim_on.bdf,random_V,1,1256.96875,1438.3125,triggers,0.0006822979285799335,0.07794547190687062,0.03323287799055325,179,0.047514171426906476,58
E12,older_CN,P1,Phase1_CNControls_EEG/E12_EEG/E12_EEG_stim_on.bdf,baseline,7,1438.3125,1500.0,triggers,-0.008392408398128048,0.012299561382887542,0.1222959153911943,60,0.01487284982201878,58
E33,older_CN,P1,Phase1_CNControls_EEG/E33_EEG/E33_EEG_stim_on.bdf,baseline,1,0.0,60.75,triggers,-0.06225846326134975,-0.009313609618431556,0.037108448576325934,59,-0.05414744900300634,58
E33,older_CN,P1,Phase1_CNControls_EEG/E33_EEG/E33_EEG_stim_on.bdf,periodic_A,1,60.75,240.546875,triggers,0.7716897961472865,-0.0430225905461481,0.8529082785783839,178,0.6913825331058767,58
E33,older_CN,P1,Phase1_CNControls_EEG/E33_EEG/E33_EEG_stim_on.bdf,baseline,2,240.546875,300.4375,triggers,0.07975557211785975,0.0058038516875448115,0.15535598777629597,58,0.07975557211785975,58
E33,older_CN,P1,Phase1_CNControls_EEG/E33_EEG/E33_EEG_stim_on.bdf,random_AV,1,300.4375,479.984375,triggers,-0.051927097707932086,0.024072049536457883,0.01566948132848161,178,0.08559328040092302,58
E33,older_CN,P1,Phase1_CNControls_EEG/E33_EEG/E33_EEG_stim_on.bdf,baseline,3,479.984375,538.1875,triggers,-0.06816269740222186,-0.08824219758957592,0.10978849201723517,56,-0.06816269740222186,56
E33,older_CN,P1,Phase1_CNControls_EEG/E33_EEG/E33_EEG_stim_on.bdf,periodic_AV,1,538.1875,724.03125,triggers,0.7925628270480557,0.01277693737307814,0.8325911684042662,184,0.7739477685901913,58
E33,older_CN,P1,Phase1_CNControls_EEG/E33_EEG/E33_EEG_stim_on.bdf,baseline,4,724.03125,780.625,triggers,-0.1343975290329444,0.05685805978618989,0.04990042840452511,55,-0.1343975290329444,55
E33,older_CN,P1,Phase1_CNControls_EEG/E33_EEG/E33_EEG_stim_on.bdf,random_A,1,780.625,960.3125,triggers,-0.0187211253690545,0.011538060341263826,0.10193822779272853,178,-0.008744279886189782,58
E33,older_CN,P1,Phase1_CNControls_EEG/E33_EEG/E33_EEG_stim_on.bdf,baseline,5,960.3125,1018.421875,triggers,-0.051337684617470916,-0.01202314590581384,0.12144213389476986,56,-0.051337684617470916,56
E33,older_CN,P1,Phase1_CNControls_EEG/E33_EEG/E33_EEG_stim_on.bdf,random_V,1,1018.421875,1202.1875,triggers,0.013363144764856547,0.030063997673789714,0.06862878169604594,182,0.04962478952428816,58
E33,older_CN,P1,Phase1_CNControls_EEG/E33_EEG/E33_EEG_stim_on.bdf,baseline,6,1202.1875,1259.78125,triggers,-0.011065736717290844,-0.06735775743345945,0.08109734396925676,56,-0.011065736717290844,56
E33,older_CN,P1,Phase1_CNControls_EEG/E33_EEG/E33_EEG_stim_on.bdf,periodic_V,1,1259.78125,1443.265625,triggers,0.5123892128677694,-0.018224549683021278,0.5766094254754538,181,0.350951883470515,58
E33,older_CN,P1,Phase1_CNControls_EEG/E33_EEG/E33_EEG_stim_on.bdf,baseline,7,1443.265625,1500.0,triggers,-0.09499764640548586,-0.03809935085641207,0.015641985786604046,55,-0.09499764640548586,55
Y01,young_CN,P1,Phase1_CNControls_EEG/Y01_EEG/Y01_EEG_stim_on.bdf,baseline,1,0.0,60.0,notes (triggers=0),0.03729512582525139,0.11161623686262803,0.11560934408985568,58,0.03729512582525139,58
Y01,young_CN,P1,Phase1_CNControls_EEG/Y01_EEG/Y01_EEG_stim_on.bdf,random_V,1,60.0,240.0,notes (triggers=0),-0.07378316274805707,-0.06514999686137853,0.032902326918893464,178,0.0644551612208879,58
Y01,young_CN,P1,Phase1_CNControls_EEG/Y01_EEG/Y01_EEG_stim_on.bdf,baseline,2,240.0,300.0,notes (triggers=0),-0.03217990498481968,-0.049765417578499276,0.08844346971475546,58,-0.03217990498481968,58
Y01,young_CN,P1,Phase1_CNControls_EEG/Y01_EEG/Y01_EEG_stim_on.bdf,periodic_V,1,300.0,480.0,notes (triggers=0),0.13803591791060912,-0.06894888545914263,0.17345239301870619,178,0.04282968889626934,58
Y01,young_CN,P1,Phase1_CNControls_EEG/Y01_EEG/Y01_EEG_stim_on.bdf,baseline,3,480.0,540.0,notes (triggers=0),0.0026118826554913654,-0.015385792762312861,0.1353698814845596,58,0.0026118826554913654,58
Y01,young_CN,P1,Phase1_CNControls_EEG/Y01_EEG/Y01_EEG_stim_on.bdf,random_A,1,540.0,720.0,notes (triggers=0),0.07819263321244699,-0.016625293369429972,0.16332402098270088,178,0.09290242089503215,58
Y01,young_CN,P1,Phase1_CNControls_EEG/Y01_EEG/Y01_EEG_stim_on.bdf,baseline,4,720.0,780.0,notes (triggers=0),0.026042188334383126,-0.050322154528274696,0.1291784514472559,58,0.026042188334383126,58
Y01,young_CN,P1,Phase1_CNControls_EEG/Y01_EEG/Y01_EEG_stim_on.bdf,periodic_A,1,780.0,960.0,notes (triggers=0),0.7923636699586096,-0.05744373118072138,0.8400864188211956,178,0.8150269016675751,58
Y01,young_CN,P1,Phase1_CNControls_EEG/Y01_EEG/Y01_EEG_stim_on.bdf,baseline,5,960.0,1020.0,notes (triggers=0),0.0049580438510929276,-0.015958987346734288,0.11245862470794579,58,0.0049580438510929276,58
Y01,young_CN,P1,Phase1_CNControls_EEG/Y01_EEG/Y01_EEG_stim_on.bdf,random_AV,1,1020.0,1200.0,notes (triggers=0),0.00041770327876375357,-0.016640308587898434,0.06493004586645433,178,-0.07590334489688709,58
Y01,young_CN,P1,Phase1_CNControls_EEG/Y01_EEG/Y01_EEG_stim_on.bdf,baseline,6,1200.0,1260.0,notes (triggers=0),-0.0402385761775736,-0.004966629919176596,0.041425449868608154,58,-0.0402385761775736,58
Y01,young_CN,P1,Phase1_CNControls_EEG/Y01_EEG/Y01_EEG_stim_on.bdf,periodic_AV,1,1260.0,1440.0,notes (triggers=0),0.8250392118715673,-0.041421415033757375,0.8657366420737792,178,0.8471053584586143,58
Y01,young_CN,P1,Phase1_CNControls_EEG/Y01_EEG/Y01_EEG_stim_on.bdf,baseline,7,1440.0,1500.0,notes (triggers=0),-0.0021661521706592968,0.028329456826676105,0.06512327292477374,58,-0.0021661521706592968,58
Y02,young_CN,P1,Phase1_CNControls_EEG/Y02_EEG/Y02_EEG_stim_on.bdf,baseline,1,0.0,60.0,notes (triggers=0),-0.11436140747678254,0.023297962301031913,0.00824713599001932,58,-0.11436140747678254,58
Y02,young_CN,P1,Phase1_CNControls_EEG/Y02_EEG/Y02_EEG_stim_on.bdf,random_AV,1,60.0,240.0,notes (triggers=0),-0.06058253101096583,-0.022868104095898352,0.05953084388796607,178,0.08168027398232464,58
Y02,young_CN,P1,Phase1_CNControls_EEG/Y02_EEG/Y02_EEG_stim_on.bdf,baseline,2,240.0,300.0,notes (triggers=0),-0.04775968196535798,0.09749038513251855,0.05905096232791401,58,-0.04775968196535798,58
Y02,young_CN,P1,Phase1_CNControls_EEG/Y02_EEG/Y02_EEG_stim_on.bdf,periodic_V,1,300.0,480.0,notes (triggers=0),0.8597802895700941,0.049019390516563684,0.9200523878910191,178,0.6748651311208098,58
Y02,young_CN,P1,Phase1_CNControls_EEG/Y02_EEG/Y02_EEG_stim_on.bdf,baseline,3,480.0,540.0,notes (triggers=0),-0.015937006250065222,0.0434351266306324,0.13496650625189197,58,-0.015937006250065222,58
Y02,young_CN,P1,Phase1_CNControls_EEG/Y02_EEG/Y02_EEG_stim_on.bdf,random_V,1,540.0,720.0,notes (triggers=0),0.0032679634401425323,-0.012122745134593632,0.07066422181330209,178,0.025387954113268274,58
Y02,young_CN,P1,Phase1_CNControls_EEG/Y02_EEG/Y02_EEG_stim_on.bdf,baseline,4,720.0,780.0,notes (triggers=0),-0.023955064720209543,0.016493035005301193,0.12416724455332089,58,-0.023955064720209543,58
Y02,young_CN,P1,Phase1_CNControls_EEG/Y02_EEG/Y02_EEG_stim_on.bdf,periodic_AV,1,780.0,960.0,notes (triggers=0),0.8955925662991698,-0.018412448711303445,0.962472656859657,178,0.8241214229858334,58
Y02,young_CN,P1,Phase1_CNControls_EEG/Y02_EEG/Y02_EEG_stim_on.bdf,baseline,5,960.0,1020.0,notes (triggers=0),-0.05569188429135663,-0.09296706993760036,0.030751486590803095,58,-0.05569188429135663,58
Y02,young_CN,P1,Phase1_CNControls_EEG/Y02_EEG/Y02_EEG_stim_on.bdf,random_A,1,1020.0,1200.0,notes (triggers=0),0.04332748555281336,-0.021639687395673124,0.13727250804060492,178,0.035856145578658655,58
Y02,young_CN,P1,Phase1_CNControls_EEG/Y02_EEG/Y02_EEG_stim_on.bdf,baseline,6,1200.0,1260.0,notes (triggers=0),-0.07762377814778007,0.020926754228479477,0.0671197451944465,58,-0.07762377814778007,58
Y02,young_CN,P1,Phase1_CNControls_EEG/Y02_EEG/Y02_EEG_stim_on.bdf,periodic_A,1,1260.0,1440.0,notes (triggers=0),0.72472230611382,0.07549823731113217,0.7804167977766514,178,0.6936037840731747,58
Y02,young_CN,P1,Phase1_CNControls_EEG/Y02_EEG/Y02_EEG_stim_on.bdf,baseline,7,1440.0,1500.0,notes (triggers=0),-0.11204866424055067,0.015528848649555574,0.02816921282917169,58,-0.11204866424055067,58
Y03,young_CN,P1,Phase1_CNControls_EEG/Y03_EEG/Y03_EEG_stim_on.bdf,baseline,1,0.0,63.078125,triggers,0.0256114459630242,-0.04957721160612917,0.16041805320998312,61,0.06856118136382064,58
Y03,young_CN,P1,Phase1_CNControls_EEG/Y03_EEG/Y03_EEG_stim_on.bdf,random_AV,1,63.078125,248.5,triggers,-0.0112666981012546,0.014646436838967936,0.03693084765198849,183,0.004110921898750147,58
Y03,young_CN,P1,Phase1_CNControls_EEG/Y03_EEG/Y03_EEG_stim_on.bdf,baseline,2,248.5,302.515625,triggers,0.0693895189101525,0.004266173657977629,0.14925881943171646,52,0.0693895189101525,52
Y03,young_CN,P1,Phase1_CNControls_EEG/Y03_EEG/Y03_EEG_stim_on.bdf,random_V,1,302.515625,485.265625,triggers,-0.05696720208198603,-0.0541318605636871,0.05649384824477218,181,0.044675590832659484,58
Y03,young_CN,P1,Phase1_CNControls_EEG/Y03_EEG/Y03_EEG_stim_on.bdf,baseline,3,485.265625,546.796875,triggers,-0.06831745999486881,0.038043969643501485,0.12099439848754708,60,-0.07517274261989063,58
Y03,young_CN,P1,Phase1_CNControls_EEG/Y03_EEG/Y03_EEG_stim_on.bdf,periodic_V,1,546.796875,729.015625,triggers,0.37365510056783147,0.0014096427095210973,0.4533110302875191,180,0.2835805639549752,58
Y03,young_CN,P1,Phase1_CNControls_EEG/Y03_EEG/Y03_EEG_stim_on.bdf,baseline,4,729.015625,783.421875,triggers,0.13283191584889215,0.030932767438417635,0.21780985209267556,52,0.13283191584889215,52
Y03,young_CN,P1,Phase1_CNControls_EEG/Y03_EEG/Y03_EEG_stim_on.bdf,periodic_AV,1,783.421875,965.921875,triggers,0.7188177109931464,0.002218222363462072,0.7870557552033455,181,0.7342272444521778,58
Y03,young_CN,P1,Phase1_CNControls_EEG/Y03_EEG/Y03_EEG_stim_on.bdf,baseline,5,965.921875,1021.546875,triggers,0.10337018587289934,0.0029108819930046687,0.1811235845786506,54,0.10337018587289934,54
Y03,young_CN,P1,Phase1_CNControls_EEG/Y03_EEG/Y03_EEG_stim_on.bdf,random_A,1,1021.546875,1203.796875,triggers,0.05629312569999516,0.06437143548519977,0.11215406687831095,180,-0.0031059646711471267,58
Y03,young_CN,P1,Phase1_CNControls_EEG/Y03_EEG/Y03_EEG_stim_on.bdf,baseline,6,1203.796875,1260.984375,triggers,-0.05453654837703488,0.0819125149365158,0.12395463992221827,55,-0.05453654837703488,55
Y03,young_CN,P1,Phase1_CNControls_EEG/Y03_EEG/Y03_EEG_stim_on.bdf,periodic_A,1,1260.984375,1440.328125,triggers,0.5687148993158264,0.031151149287994007,0.6128043601412243,177,0.5913933201769326,58
Y03,young_CN,P1,Phase1_CNControls_EEG/Y03_EEG/Y03_EEG_stim_on.bdf,baseline,7,1440.328125,1500.0,triggers,0.19153282759112958,0.011484117436283678,0.2998432007025438,58,0.19153282759112958,58
Y04,young_CN,P1,Phase1_CNControls_EEG/Y04_EEG/Y04_EEG_stim_on.bdf,baseline,1,0.0,60.0,notes (triggers=11),-0.012030301685599182,-0.021768421947503946,0.10702340818674722,58,-0.012030301685599182,58
Y04,young_CN,P1,Phase1_CNControls_EEG/Y04_EEG/Y04_EEG_stim_on.bdf,random_A,1,60.0,240.0,notes (triggers=11),0.007846139430742305,-0.06324151870618218,0.07389380987414548,178,-0.05590646029872991,58
Y04,young_CN,P1,Phase1_CNControls_EEG/Y04_EEG/Y04_EEG_stim_on.bdf,baseline,2,240.0,300.0,notes (triggers=11),0.11307522735246811,-0.004304378689112792,0.2028243320052078,58,0.11307522735246811,58
Y04,young_CN,P1,Phase1_CNControls_EEG/Y04_EEG/Y04_EEG_stim_on.bdf,periodic_V,1,300.0,480.0,notes (triggers=11),0.7060532995822005,-0.012474255020522088,0.7655192290242502,178,0.6213730392466013,58
Y04,young_CN,P1,Phase1_CNControls_EEG/Y04_EEG/Y04_EEG_stim_on.bdf,baseline,3,480.0,540.0,notes (triggers=11),0.08373403484029052,0.17730048254113012,0.18371665148827607,58,0.08373403484029052,58
Y04,young_CN,P1,Phase1_CNControls_EEG/Y04_EEG/Y04_EEG_stim_on.bdf,periodic_AV,1,540.0,720.0,notes (triggers=11),0.8610915259262774,-0.010912159911770726,0.9005117365916587,178,0.7787120908170052,58
Y04,young_CN,P1,Phase1_CNControls_EEG/Y04_EEG/Y04_EEG_stim_on.bdf,baseline,4,720.0,780.0,notes (triggers=11),0.004325826696429308,-0.0294477696937422,0.11459025722393397,58,0.004325826696429308,58
Y04,young_CN,P1,Phase1_CNControls_EEG/Y04_EEG/Y04_EEG_stim_on.bdf,periodic_A,1,780.0,960.0,notes (triggers=11),0.8428225666333861,0.01777861456403608,0.9129388885351288,178,0.8358252278180756,58
Y04,young_CN,P1,Phase1_CNControls_EEG/Y04_EEG/Y04_EEG_stim_on.bdf,baseline,5,960.0,1020.0,notes (triggers=11),-0.09516256043991336,0.06585141820967835,0.02483608078583014,58,-0.09516256043991336,58
Y04,young_CN,P1,Phase1_CNControls_EEG/Y04_EEG/Y04_EEG_stim_on.bdf,random_V,1,1020.0,1200.0,notes (triggers=11),0.05012627406385968,0.046779736544109274,0.12205735678530903,178,0.10240160343363994,58
Y04,young_CN,P1,Phase1_CNControls_EEG/Y04_EEG/Y04_EEG_stim_on.bdf,baseline,6,1200.0,1260.0,notes (triggers=11),0.03006442983970735,-0.0017260742954227082,0.13160116288258566,58,0.03006442983970735,58
Y04,young_CN,P1,Phase1_CNControls_EEG/Y04_EEG/Y04_EEG_stim_on.bdf,random_AV,1,1260.0,1440.0,notes (triggers=11),-0.027154097850713366,-0.04132229888287137,0.030583454638439613,178,0.042803904384416974,58
Y04,young_CN,P1,Phase1_CNControls_EEG/Y04_EEG/Y04_EEG_stim_on.bdf,baseline,7,1440.0,1500.0,notes (triggers=11),0.07322668669109178,0.08082890946068391,0.16746163155460883,58,0.07322668669109178,58
Y05,young_CN,P1,Phase1_CNControls_EEG/Y05_EEG/Y05_EEG_stim_on.bdf,baseline,1,0.0,60.0,notes (triggers=12),-0.08295176468624707,-0.08877966697130273,0.04000294415058283,58,-0.08295176468624707,58
Y05,young_CN,P1,Phase1_CNControls_EEG/Y05_EEG/Y05_EEG_stim_on.bdf,periodic_V,1,60.0,240.0,notes (triggers=12),0.37579858667940697,0.022691911176496035,0.4163554188359508,178,0.4934394183560814,58
Y05,young_CN,P1,Phase1_CNControls_EEG/Y05_EEG/Y05_EEG_stim_on.bdf,baseline,2,240.0,300.0,notes (triggers=12),0.017130646651491763,-0.06898643402889659,0.08136426151347004,58,0.017130646651491763,58
Y05,young_CN,P1,Phase1_CNControls_EEG/Y05_EEG/Y05_EEG_stim_on.bdf,periodic_A,1,300.0,480.0,notes (triggers=12),0.6609561488449786,0.030775704727270675,0.7538830538982967,178,0.5275678762018853,58
Y05,young_CN,P1,Phase1_CNControls_EEG/Y05_EEG/Y05_EEG_stim_on.bdf,baseline,3,480.0,540.0,notes (triggers=12),-0.012278008262630855,0.1461889744017264,0.11432988991217787,58,-0.012278008262630855,58
Y05,young_CN,P1,Phase1_CNControls_EEG/Y05_EEG/Y05_EEG_stim_on.bdf,random_AV,1,540.0,720.0,notes (triggers=12),0.04654910852717206,-0.003694472581358771,0.07918132730190847,178,-0.05170143661357135,58
Y05,young_CN,P1,Phase1_CNControls_EEG/Y05_EEG/Y05_EEG_stim_on.bdf,baseline,4,720.0,780.0,notes (triggers=12),-0.015125137273326442,-0.05585627551343843,0.07530812124339153,58,-0.015125137273326442,58
Y05,young_CN,P1,Phase1_CNControls_EEG/Y05_EEG/Y05_EEG_stim_on.bdf,random_V,1,780.0,960.0,notes (triggers=12),0.021561289926041616,-0.023542990182439716,0.08866494829272564,178,0.15080725050152244,58
Y05,young_CN,P1,Phase1_CNControls_EEG/Y05_EEG/Y05_EEG_stim_on.bdf,baseline,5,960.0,1020.0,notes (triggers=12),-0.058643719007239914,-0.05541403767439909,0.07268607423095008,58,-0.058643719007239914,58
Y05,young_CN,P1,Phase1_CNControls_EEG/Y05_EEG/Y05_EEG_stim_on.bdf,periodic_AV,1,1020.0,1200.0,notes (triggers=12),0.5918020154111335,0.03876138626656301,0.6541241719177323,178,0.39663730802361385,58
Y05,young_CN,P1,Phase1_CNControls_EEG/Y05_EEG/Y05_EEG_stim_on.bdf,baseline,6,1200.0,1260.0,notes (triggers=12),0.10409801464439991,-0.0024952712565377774,0.17710981184944077,58,0.10409801464439991,58
Y05,young_CN,P1,Phase1_CNControls_EEG/Y05_EEG/Y05_EEG_stim_on.bdf,random_A,1,1260.0,1440.0,notes (triggers=12),-0.05312673281828307,-0.010421212755086527,0.01818762776945409,178,0.04092046808426736,58
Y05,young_CN,P1,Phase1_CNControls_EEG/Y05_EEG/Y05_EEG_stim_on.bdf,baseline,7,1440.0,1500.0,notes (triggers=12),0.11680570216410133,0.015815203619110707,0.17274332977371237,58,0.11680570216410133,58
Y06,young_CN,P1,Phase1_CNControls_EEG/Y06_EEG/Y06_EEG_stim_on.bdf,baseline,1,0.0,60.46875,triggers,0.10588900947507501,0.07899914299234681,0.19173940302091091,58,0.10588900947507501,58
Y06,young_CN,P1,Phase1_CNControls_EEG/Y06_EEG/Y06_EEG_stim_on.bdf,periodic_A,1,60.46875,240.3125,triggers,0.438235588268835,-0.04018994392150772,0.5006420814524469,178,0.33827347699523014,58
Y06,young_CN,P1,Phase1_CNControls_EEG/Y06_EEG/Y06_EEG_stim_on.bdf,baseline,2,240.3125,299.859375,triggers,-0.008612365260226448,0.017268160904938948,0.07710018816039477,58,-0.008612365260226448,58
Y06,young_CN,P1,Phase1_CNControls_EEG/Y06_EEG/Y06_EEG_stim_on.bdf,random_AV,1,299.859375,483.9375,triggers,-0.029413747039341548,0.07102784858668365,0.04657567985567636,182,-0.05526877866238871,58
Y06,young_CN,P1,Phase1_CNControls_EEG/Y06_EEG/Y06_EEG_stim_on.bdf,baseline,3,483.9375,539.859375,triggers,-0.08040149738552135,-0.07928272402813326,0.08196206690283869,54,-0.08040149738552135,54
Y06,young_CN,P1,Phase1_CNControls_EEG/Y06_EEG/Y06_EEG_stim_on.bdf,periodic_AV,1,539.859375,722.546875,triggers,0.6453352898142701,0.07710025494052189,0.7178874551682006,181,0.6453864851368893,58
Y06,young_CN,P1,Phase1_CNControls_EEG/Y06_EEG/Y06_EEG_stim_on.bdf,baseline,4,722.546875,782.71875,triggers,0.07168874394895844,0.07624517342782525,0.12768209895111704,58,0.07168874394895844,58
Y06,young_CN,P1,Phase1_CNControls_EEG/Y06_EEG/Y06_EEG_stim_on.bdf,random_A,1,782.71875,960.390625,triggers,-0.0051574539026778,-0.024118933986558275,0.07319117202013745,176,0.03395776106460863,58
Y06,young_CN,P1,Phase1_CNControls_EEG/Y06_EEG/Y06_EEG_stim_on.bdf,baseline,5,960.390625,1020.46875,triggers,-0.04692661897273934,0.09757621525613483,0.12482173346343314,58,-0.04692661897273934,58
Y06,young_CN,P1,Phase1_CNControls_EEG/Y06_EEG/Y06_EEG_stim_on.bdf,random_V,1,1020.46875,1202.296875,triggers,0.047263507737897295,0.019521667614027606,0.11457743513494976,180,0.11167114792818433,58
Y06,young_CN,P1,Phase1_CNControls_EEG/Y06_EEG/Y06_EEG_stim_on.bdf,baseline,6,1202.296875,1262.40625,triggers,-0.021214287683052446,-0.10488307967845162,0.10229539615511485,58,-0.021214287683052446,58
Y06,young_CN,P1,Phase1_CNControls_EEG/Y06_EEG/Y06_EEG_stim_on.bdf,periodic_V,1,1262.40625,1445.953125,triggers,0.2370794942723315,-0.04070746808733966,0.3381954686236054,182,0.28541907821471735,58
Y06,young_CN,P1,Phase1_CNControls_EEG/Y06_EEG/Y06_EEG_stim_on.bdf,baseline,7,1445.953125,1500.0,triggers,0.12172537443411863,0.01437426599826222,0.1881977885277685,52,0.12172537443411863,52
Y07,young_CN,P1,Phase1_CNControls_EEG/Y07_EEG/Y07_EEG_stim_on.bdf,baseline,1,0.0,60.359375,triggers,-0.11779371397069624,-0.0825855394897321,0.02114261639344589,58,-0.11779371397069624,58
Y07,young_CN,P1,Phase1_CNControls_EEG/Y07_EEG/Y07_EEG_stim_on.bdf,periodic_A,1,60.359375,240.390625,triggers,0.6771640242955023,-0.015336263759863807,0.7441919387279533,178,0.6959494792505734,58
Y07,young_CN,P1,Phase1_CNControls_EEG/Y07_EEG/Y07_EEG_stim_on.bdf,baseline,2,240.390625,299.359375,triggers,-0.011922389560861127,0.09964401798135111,0.0989001602859982,57,-0.011922389560861127,57
Y07,young_CN,P1,Phase1_CNControls_EEG/Y07_EEG/Y07_EEG_stim_on.bdf,periodic_V,1,299.359375,485.078125,triggers,0.698839212655864,-0.028813434820738823,0.7589191264095421,184,0.5928636810666925,58
Y07,young_CN,P1,Phase1_CNControls_EEG/Y07_EEG/Y07_EEG_stim_on.bdf,baseline,3,485.078125,537.796875,triggers,-0.1417240427823525,0.020330471451202703,0.06742890515098676,51,-0.1417240427823525,51
Y07,young_CN,P1,Phase1_CNControls_EEG/Y07_EEG/Y07_EEG_stim_on.bdf,periodic_AV,1,537.796875,722.703125,triggers,0.8009085439459522,-0.035146970325799616,0.8666004944258194,183,0.8055898343606603,58
Y07,young_CN,P1,Phase1_CNControls_EEG/Y07_EEG/Y07_EEG_stim_on.bdf,baseline,4,722.703125,780.296875,triggers,0.07105897534982884,-0.06257755716554195,0.16955912969416087,56,0.07105897534982884,56
Y07,young_CN,P1,Phase1_CNControls_EEG/Y07_EEG/Y07_EEG_stim_on.bdf,random_A,1,780.296875,960.15625,triggers,-0.04211285985995399,-0.06664279595469488,0.02679750614679737,178,0.009524967680306778,58
Y07,young_CN,P1,Phase1_CNControls_EEG/Y07_EEG/Y07_EEG_stim_on.bdf,baseline,5,960.15625,1020.046875,triggers,-0.08241509631299823,-0.055152166870637766,0.08872864270788786,58,-0.08241509631299823,58
Y07,young_CN,P1,Phase1_CNControls_EEG/Y07_EEG/Y07_EEG_stim_on.bdf,random_V,1,1020.046875,1200.546875,triggers,-0.10076354211892793,-0.05002385098629773,0.02555627947402219,179,-0.18444711001810055,58
Y07,young_CN,P1,Phase1_CNControls_EEG/Y07_EEG/Y07_EEG_stim_on.bdf,baseline,6,1200.546875,1259.453125,triggers,-0.01195377223400329,-0.02002038322720124,0.18099393828219915,57,-0.01195377223400329,57
Y07,young_CN,P1,Phase1_CNControls_EEG/Y07_EEG/Y07_EEG_stim_on.bdf,random_AV,1,1259.453125,1440.390625,triggers,-0.001411156471123741,-0.01558438967104437,0.05156076132906803,179,-0.009567808923434895,58
Y07,young_CN,P1,Phase1_CNControls_EEG/Y07_EEG/Y07_EEG_stim_on.bdf,baseline,7,1440.390625,1500.0,triggers,0.017766264054603326,-0.08971738433290039,0.17131646858305785,58,0.017766264054603326,58
Y08,young_CN,P1,Phase1_CNControls_EEG/Y08_EEG/Y08_EEG_stim_on.bdf,baseline,1,0.0,60.390625,triggers,-0.02753238933267048,0.005259611697006963,0.07372160148824508,58,-0.02753238933267048,58
Y08,young_CN,P1,Phase1_CNControls_EEG/Y08_EEG/Y08_EEG_stim_on.bdf,periodic_A,1,60.390625,240.203125,triggers,0.713103241802068,-0.033661094987952576,0.7736722139552732,178,0.6723337819534544,58
Y08,young_CN,P1,Phase1_CNControls_EEG/Y08_EEG/Y08_EEG_stim_on.bdf,baseline,2,240.203125,300.234375,triggers,-0.034921216196236074,-0.06085028920830162,0.08419952583252772,58,-0.034921216196236074,58
Y08,young_CN,P1,Phase1_CNControls_EEG/Y08_EEG/Y08_EEG_stim_on.bdf,periodic_V,1,300.234375,480.65625,triggers,0.34825090845527207,-0.05789577602783554,0.4404593809822319,178,0.4582304177639424,58
Y08,young_CN,P1,Phase1_CNControls_EEG/Y08_EEG/Y08_EEG_stim_on.bdf,baseline,3,480.65625,540.28125,triggers,0.03540132101582959,0.043457056976081015,0.11331267659179443,58,0.03540132101582959,58
Y08,young_CN,P1,Phase1_CNControls_EEG/Y08_EEG/Y08_EEG_stim_on.bdf,random_V,1,540.28125,720.310546875,triggers,-0.02820506159523682,0.00947283394455567,0.04026829767911019,178,0.08322372796331395,58
Y08,young_CN,P1,Phase1_CNControls_EEG/Y08_EEG/Y08_EEG_stim_on.bdf,baseline,4,720.310546875,780.515625,triggers,-0.10052594609257975,-0.04309092318114717,0.021529704643400815,58,-0.10052594609257975,58
Y08,young_CN,P1,Phase1_CNControls_EEG/Y08_EEG/Y08_EEG_stim_on.bdf,periodic_AV,1,780.515625,959.0,triggers,0.824580307219763,-0.02198649792163366,0.8921378939552501,176,0.7903328423528364,58
Y08,young_CN,P1,Phase1_CNControls_EEG/Y08_EEG/Y08_EEG_stim_on.bdf,baseline,5,959.0,1020.453125,triggers,0.018617966309423556,-0.1134790895259312,0.1936634514347277,59,0.000614295158441247,58
Y08,young_CN,P1,Phase1_CNControls_EEG/Y08_EEG/Y08_EEG_stim_on.bdf,random_AV,1,1020.453125,1199.625,triggers,0.07759143788219558,0.03650455476232618,0.1538984272907677,177,0.14940663515655467,58
Y08,young_CN,P1,Phase1_CNControls_EEG/Y08_EEG/Y08_EEG_stim_on.bdf,baseline,6,1199.625,1260.234375,triggers,0.003751649762372633,-0.058406987340126226,0.1367731347027486,59,0.021929839654677485,58
Y08,young_CN,P1,Phase1_CNControls_EEG/Y08_EEG/Y08_EEG_stim_on.bdf,random_A,1,1260.234375,1440.28125,triggers,-0.016300196282246007,0.10992395594038312,0.07230579304805891,178,0.03298186021350322,58
Y08,young_CN,P1,Phase1_CNControls_EEG/Y08_EEG/Y08_EEG_stim_on.bdf,baseline,7,1440.28125,1500.0,triggers,-0.07342206865239138,0.13149277584835603,0.04013748626281806,58,-0.07342206865239138,58
Y09,young_CN,P1,Phase1_CNControls_EEG/Y09_EEG/Y09_EEG_stim_on.bdf,baseline,1,0.0,59.609375,triggers,-0.0003667125086865841,0.11899786223342805,0.10407409583874994,58,-0.0003667125086865841,58
Y09,young_CN,P1,Phase1_CNControls_EEG/Y09_EEG/Y09_EEG_stim_on.bdf,random_AV,1,59.609375,239.8125,triggers,-0.05962815200027718,-0.03220410714695139,0.017030615651594187,178,-0.016119624560853432,58
Y09,young_CN,P1,Phase1_CNControls_EEG/Y09_EEG/Y09_EEG_stim_on.bdf,baseline,2,239.8125,300.0625,triggers,-0.05542365117136852,0.04920035712930046,0.10326580091353163,58,-0.05542365117136852,58
Y09,young_CN,P1,Phase1_CNControls_EEG/Y09_EEG/Y09_EEG_stim_on.bdf,periodic_V,1,300.0625,480.890625,triggers,0.586918732392755,0.06273790255877879,0.644208898709503,179,0.608777712624213,58
Y09,young_CN,P1,Phase1_CNControls_EEG/Y09_EEG/Y09_EEG_stim_on.bdf,baseline,3,480.890625,540.40625,triggers,0.05042005134586104,-0.03451034010573127,0.14153184814304046,58,0.05042005134586104,58
Y09,young_CN,P1,Phase1_CNControls_EEG/Y09_EEG/Y09_EEG_stim_on.bdf,periodic_AV,1,540.40625,719.75,triggers,0.8150614186013649,-0.057648036281861034,0.8948758092246198,177,0.7521003438022382,58
Y09,young_CN,P1,Phase1_CNControls_EEG/Y09_EEG/Y09_EEG_stim_on.bdf,baseline,4,719.75,780.34375,triggers,-0.010885838401084758,0.08381400887166707,0.12220426046354593,59,-0.02937103350734241,58
Y09,young_CN,P1,Phase1_CNControls_EEG/Y09_EEG/Y09_EEG_stim_on.bdf,periodic_A,1,780.34375,960.203125,triggers,0.801730770938386,0.019071162388641462,0.8692161796955004,178,0.6988033240684348,58
Y09,young_CN,P1,Phase1_CNControls_EEG/Y09_EEG/Y09_EEG_stim_on.bdf,baseline,5,960.203125,1020.328125,triggers,0.026155261743759553,0.0010246667291370914,0.11458938675447017,58,0.026155261743759553,58
Y09,young_CN,P1,Phase1_CNControls_EEG/Y09_EEG/Y09_EEG_stim_on.bdf,random_A,1,1020.328125,1200.09375,triggers,0.0149798537190403,0.06916092201105226,0.06361760221697524,178,-0.09589844537449654,58
Y09,young_CN,P1,Phase1_CNControls_EEG/Y09_EEG/Y09_EEG_stim_on.bdf,baseline,6,1200.09375,1260.296875,triggers,-0.04562039154573496,0.2615292989840714,0.03593957908853888,58,-0.04562039154573496,58
Y09,young_CN,P1,Phase1_CNControls_EEG/Y09_EEG/Y09_EEG_stim_on.bdf,random_V,1,1260.296875,1440.3125,triggers,-0.0011312711879324783,-0.0036163741702709834,0.0919677688505812,176,0.0734260766591037,58
Y09,young_CN,P1,Phase1_CNControls_EEG/Y09_EEG/Y09_EEG_stim_on.bdf,baseline,7,1440.3125,1500.0,triggers,-0.07401934444993205,-0.0740268446053723,0.029825887148219443,58,-0.07401934444993205,58
Y10,young_CN,P1,Phase1_CNControls_EEG/Y10_EEG/Y10_EEG_stim_on.bdf,baseline,1,0.0,60.28125,triggers,0.0432049579225435,-0.03469224227560893,0.1441868990527099,58,0.0432049579225435,58
Y10,young_CN,P1,Phase1_CNControls_EEG/Y10_EEG/Y10_EEG_stim_on.bdf,periodic_A,1,60.28125,240.375,triggers,0.6306279729531464,0.022129610089354435,0.7082753526250173,178,0.6449289017253241,58
Y10,young_CN,P1,Phase1_CNControls_EEG/Y10_EEG/Y10_EEG_stim_on.bdf,baseline,2,240.375,300.453125,triggers,0.0033563232816623267,-0.07617757639955444,0.14834727718501015,58,0.0033563232816623267,58
Y10,young_CN,P1,Phase1_CNControls_EEG/Y10_EEG/Y10_EEG_stim_on.bdf,random_A,1,300.453125,480.375,triggers,-0.009364779571999285,-0.054740202094252524,0.07186380274536494,178,-0.022381568105041022,58
Y10,young_CN,P1,Phase1_CNControls_EEG/Y10_EEG/Y10_EEG_stim_on.bdf,baseline,3,480.375,536.9375,triggers,-0.09295766341112532,0.15003223594538626,0.11150497399512616,55,-0.09295766341112532,55
Y10,young_CN,P1,Phase1_CNControls_EEG/Y10_EEG/Y10_EEG_stim_on.bdf,periodic_V,1,536.9375,717.015625,triggers,0.17958970386257006,0.08343998963084995,0.239972640362191,178,-0.007302763344960439,58
Y10,young_CN,P1,Phase1_CNControls_EEG/Y10_EEG/Y10_EEG_stim_on.bdf,baseline,4,717.015625,775.46875,triggers,-0.0755883518909332,-0.044381587379116835,0.09555823398691439,56,-0.0755883518909332,56
Y10,young_CN,P1,Phase1_CNControls_EEG/Y10_EEG/Y10_EEG_stim_on.bdf,periodic_AV,1,775.46875,957.21875,triggers,0.5603820303434496,-0.036958592955608854,0.6036024579959658,180,0.4477748931253695,58
Y10,young_CN,P1,Phase1_CNControls_EEG/Y10_EEG/Y10_EEG_stim_on.bdf,baseline,5,957.21875,1016.59375,triggers,-0.06939626635814414,-0.14669358795678902,0.04101344360661147,57,-0.06939626635814414,57
Y10,young_CN,P1,Phase1_CNControls_EEG/Y10_EEG/Y10_EEG_stim_on.bdf,random_AV,1,1016.59375,1197.421875,triggers,0.02727021875492481,0.06106123562708381,0.08146675696954021,179,0.05757076959662433,58
Y10,young_CN,P1,Phase1_CNControls_EEG/Y10_EEG/Y10_EEG_stim_on.bdf,baseline,6,1197.421875,1259.265625,triggers,0.06965585411372144,-0.027700987831217688,0.16893850069786268,60,0.09317706506112976,58
Y10,young_CN,P1,Phase1_CNControls_EEG/Y10_EEG/Y10_EEG_stim_on.bdf,random_V,1,1259.265625,1441.15625,triggers,-0.08603010624686755,-0.06915277661009145,0.022668100066109805,180,-0.1145900422378714,58
Y10,young_CN,P1,Phase1_CNControls_EEG/Y10_EEG/Y10_EEG_stim_on.bdf,baseline,7,1441.15625,1500.0,triggers,0.09384554749408407,0.08724913583820978,0.1765638851004215,57,0.09384554749408407,57
Y12,young_CN,P1,Phase1_CNControls_EEG/Y12_EEG/Y12_EEG_stim_on.bdf,baseline,1,0.0,60.71875,triggers,-0.028858200609017823,-0.023463795643548363,0.10021189477901406,59,-0.03945988731104752,58
Y12,young_CN,P1,Phase1_CNControls_EEG/Y12_EEG/Y12_EEG_stim_on.bdf,random_A,1,60.71875,240.375,triggers,-0.0424544696710205,0.06570412474562493,0.024445064403388242,178,0.1491743502297906,58
Y12,young_CN,P1,Phase1_CNControls_EEG/Y12_EEG/Y12_EEG_stim_on.bdf,baseline,2,240.375,303.4375,triggers,0.012244639406720464,0.043311969271616985,0.15699381785100042,61,0.005568991771167181,58
Y12,young_CN,P1,Phase1_CNControls_EEG/Y12_EEG/Y12_EEG_stim_on.bdf,periodic_V,1,303.4375,478.53125,triggers,0.5599852155704573,0.054944014524529225,0.6255692410854095,173,0.38940734885932715,58
Y12,young_CN,P1,Phase1_CNControls_EEG/Y12_EEG/Y12_EEG_stim_on.bdf,baseline,3,478.53125,541.546875,triggers,-0.07707545945937551,0.02451953400953079,0.07797739639773914,61,-0.07327732416444531,58
Y12,young_CN,P1,Phase1_CNControls_EEG/Y12_EEG/Y12_EEG_stim_on.bdf,periodic_AV,1,541.546875,719.890625,triggers,0.728169118390948,-0.028053357198116267,0.806534870968581,176,0.7003755693678274,58
Y12,young_CN,P1,Phase1_CNControls_EEG/Y12_EEG/Y12_EEG_stim_on.bdf,baseline,4,719.890625,777.25,triggers,-0.04229937019211173,0.024066239110083543,0.11935976981190376,55,-0.04229937019211173,55
Y12,young_CN,P1,Phase1_CNControls_EEG/Y12_EEG/Y12_EEG_stim_on.bdf,random_V,1,777.25,960.6875,triggers,-0.005561949594404696,0.03460658501571935,0.057854620970007105,181,-0.008427911335571067,58
Y12,young_CN,P1,Phase1_CNControls_EEG/Y12_EEG/Y12_EEG_stim_on.bdf,baseline,5,960.6875,1018.65625,triggers,0.12243242085694979,-0.12652346453498653,0.24716261280514637,56,0.12243242085694979,56
Y12,young_CN,P1,Phase1_CNControls_EEG/Y12_EEG/Y12_EEG_stim_on.bdf,random_AV,1,1018.65625,1200.515625,triggers,0.025074793666408066,-0.024414968477423624,0.10922230334136987,180,0.019765892387488562,58
Y12,young_CN,P1,Phase1_CNControls_EEG/Y12_EEG/Y12_EEG_stim_on.bdf,baseline,6,1200.515625,1260.109375,triggers,0.018886967008708982,-0.00343328299847738,0.07103311518482604,58,0.018886967008708982,58
Y12,young_CN,P1,Phase1_CNControls_EEG/Y12_EEG/Y12_EEG_stim_on.bdf,periodic_A,1,1260.109375,1440.65625,triggers,0.5302990052281189,0.04996036464062356,0.6034611852284016,179,0.4951248906954778,58
Y12,young_CN,P1,Phase1_CNControls_EEG/Y12_EEG/Y12_EEG_stim_on.bdf,baseline,7,1440.65625,1500.0,triggers,-0.05089677969998345,-0.07880891948766734,0.038888678319286746,57,-0.05089677969998345,57
Y13,young_CN,P1,Phase1_CNControls_EEG/Y13_EEG/Y13_EEG_stim_on.bdf,baseline,1,0.0,60.3125,triggers,-0.09601078174457509,0.10500401502266324,0.040049171731613424,58,-0.09601078174457509,58
Y13,young_CN,P1,Phase1_CNControls_EEG/Y13_EEG/Y13_EEG_stim_on.bdf,random_A,1,60.3125,240.453125,triggers,-0.05374301005574218,0.022239190214421528,0.04011571732207346,178,-0.03255847950954288,58
Y13,young_CN,P1,Phase1_CNControls_EEG/Y13_EEG/Y13_EEG_stim_on.bdf,baseline,2,240.453125,299.46875,triggers,-0.05657807894582732,-0.003924428531722091,0.0788459670962162,57,-0.05657807894582732,57
Y13,young_CN,P1,Phase1_CNControls_EEG/Y13_EEG/Y13_EEG_stim_on.bdf,periodic_AV,1,299.46875,480.515625,triggers,0.81802370901014,-0.018692804599999044,0.9032697710926467,179,0.8583241381204286,58
Y13,young_CN,P1,Phase1_CNControls_EEG/Y13_EEG/Y13_EEG_stim_on.bdf,baseline,3,480.515625,540.34375,triggers,0.026263478223780237,0.07314904276307391,0.136113438705805,58,0.026263478223780237,58
Y13,young_CN,P1,Phase1_CNControls_EEG/Y13_EEG/Y13_EEG_stim_on.bdf,periodic_A,1,540.34375,716.828125,triggers,0.7904055341945804,0.011786017516380143,0.844808071904918,174,0.7448391287434312,58
Y13,young_CN,P1,Phase1_CNControls_EEG/Y13_EEG/Y13_EEG_stim_on.bdf,baseline,4,716.828125,778.25,triggers,-0.059980690266868655,-0.09130265572260984,0.053195396141826154,59,-0.05026442997950992,58
Y13,young_CN,P1,Phase1_CNControls_EEG/Y13_EEG/Y13_EEG_stim_on.bdf,random_AV,1,778.25,960.453125,triggers,0.02225056996966622,0.04025825299897922,0.09298527520371748,180,-0.020866884138565564,58
Y13,young_CN,P1,Phase1_CNControls_EEG/Y13_EEG/Y13_EEG_stim_on.bdf,baseline,5,960.453125,1020.3125,triggers,0.04192941850088319,-0.04056437708410579,0.20461931712516734,58,0.04192941850088319,58
Y13,young_CN,P1,Phase1_CNControls_EEG/Y13_EEG/Y13_EEG_stim_on.bdf,periodic_V,1,1020.3125,1200.453125,triggers,0.7916337888602247,-0.031731875390731634,0.8512418845843255,178,0.8277728657938663,58
Y13,young_CN,P1,Phase1_CNControls_EEG/Y13_EEG/Y13_EEG_stim_on.bdf,baseline,6,1200.453125,1258.78125,triggers,0.012475953398553744,0.10204486403296749,0.12385336933204186,56,0.012475953398553744,56
Y13,young_CN,P1,Phase1_CNControls_EEG/Y13_EEG/Y13_EEG_stim_on.bdf,random_V,1,1258.78125,1442.21875,triggers,0.03937531018119357,0.11783849338426099,0.07620400453812358,181,-0.01610085999246262,58
Y13,young_CN,P1,Phase1_CNControls_EEG/Y13_EEG/Y13_EEG_stim_on.bdf,baseline,7,1442.21875,1500.0,triggers,-0.002087185696619684,0.006543970043669939,0.12325828870175946,56,-0.002087185696619684,56
Y14,young_CN,P1,Phase1_CNControls_EEG/Y14_EEG/Y14_EEG_stim_on.bdf,baseline,1,0.0,60.703125,triggers,0.07717785248701985,0.0487536787054577,0.2001072571577985,59,0.05540459922011062,58
Y14,young_CN,P1,Phase1_CNControls_EEG/Y14_EEG/Y14_EEG_stim_on.bdf,periodic_A,1,60.703125,240.296875,triggers,0.7853941608571906,0.00040151692633501324,0.8468443465039533,178,0.7774577929121423,58
Y14,young_CN,P1,Phase1_CNControls_EEG/Y14_EEG/Y14_EEG_stim_on.bdf,baseline,2,240.296875,296.921875,triggers,-0.02820504684696515,-0.05815836306742336,0.10895932813874351,55,-0.02820504684696515,55
Y14,young_CN,P1,Phase1_CNControls_EEG/Y14_EEG/Y14_EEG_stim_on.bdf,periodic_V,1,296.921875,478.765625,triggers,0.7691174862982382,-0.022650885744577097,0.840388804488808,180,0.7342668608143255,58
Y14,young_CN,P1,Phase1_CNControls_EEG/Y14_EEG/Y14_EEG_stim_on.bdf,baseline,3,478.765625,540.328125,triggers,0.06176202647376354,0.0156467621637241,0.15645585728335332,60,0.03281781275885334,58
Y14,young_CN,P1,Phase1_CNControls_EEG/Y14_EEG/Y14_EEG_stim_on.bdf,random_A,1,540.328125,721.515625,triggers,0.09093442062438323,-0.020850569903465045,0.13190433226361084,179,0.06295373885722914,58
Y14,young_CN,P1,Phase1_CNControls_EEG/Y14_EEG/Y14_EEG_stim_on.bdf,baseline,4,721.515625,779.765625,triggers,0.07320280523232746,-0.02227291338999675,0.16190237584183267,56,0.07320280523232746,56
Y14,young_CN,P1,Phase1_CNControls_EEG/Y14_EEG/Y14_EEG_stim_on.bdf,random_AV,1,779.765625,957.34375,triggers,0.025605562172351617,-0.041202952720437905,0.07332291826102602,176,0.05966889283186945,58
Y14,young_CN,P1,Phase1_CNControls_EEG/Y14_EEG/Y14_EEG_stim_on.bdf,baseline,5,957.34375,1018.171875,triggers,-0.02139337407972154,-0.03371238898180787,0.07944832064805389,59,-0.0064770036615076215,58
Y14,young_CN,P1,Phase1_CNControls_EEG/Y14_EEG/Y14_EEG_stim_on.bdf,periodic_AV,1,1018.171875,1199.28125,triggers,0.8265278374547653,-0.019532913060733098,0.9165355907978235,179,0.7875687590177527,58
Y14,young_CN,P1,Phase1_CNControls_EEG/Y14_EEG/Y14_EEG_stim_on.bdf,baseline,6,1199.28125,1258.96875,triggers,0.008606117022833024,-0.020467834343686472,0.11217455927692142,58,0.008606117022833024,58
Y14,young_CN,P1,Phase1_CNControls_EEG/Y14_EEG/Y14_EEG_stim_on.bdf,random_V,1,1258.96875,1441.78125,triggers,0.0032537573841762424,-0.04166699414675877,0.04914432842769185,181,-0.059509998546101214,58
Y14,young_CN,P1,Phase1_CNControls_EEG/Y14_EEG/Y14_EEG_stim_on.bdf,baseline,7,1441.78125,1500.0,triggers,-0.0027409458654502616,0.1121902687621768,0.14001480053457632,56,-0.0027409458654502616,56
HG204,AD,P2A_3mo,Phase2A_EEG/HG204_EEG/HG204_EEG3months.bdf,baseline,1,0.0,61.21875,triggers,0.06815427610433944,0.07504399692787855,0.1943579538856239,59,0.06821491220681741,58
HG204,AD,P2A_3mo,Phase2A_EEG/HG204_EEG/HG204_EEG3months.bdf,constant_AV,1,61.21875,122.15625,triggers,-0.021034852035613665,-0.022407133661276432,0.062016956759475585,59,-0.03130761004356045,58
HG204,AD,P2A_3mo,Phase2A_EEG/HG204_EEG/HG204_EEG3months.bdf,baseline,2,122.15625,180.203125,triggers,0.025498745357373953,-0.06206411097254941,0.18175077137388226,56,0.025498745357373953,56
HG204,AD,P2A_3mo,Phase2A_EEG/HG204_EEG/HG204_EEG3months.bdf,periodic_AV,1,180.203125,240.625,triggers,0.7424969522220359,-0.04600454693932241,0.8460634045609137,58,0.7424969522220359,58
HG204,AD,P2A_3mo,Phase2A_EEG/HG204_EEG/HG204_EEG3months.bdf,baseline,3,240.625,300.0,triggers,-0.020389127855592076,-0.038694697752562554,0.11943844937772369,57,-0.020389127855592076,57
HG204,AD,P2A_base,Phase2A_EEG/HG204_EEG/HG204_EEGbaseline.bdf,baseline,1,0.0,58.890625,triggers,0.019257998168547216,-0.07040762150214264,0.09154915266696488,57,0.019257998168547216,57
HG204,AD,P2A_base,Phase2A_EEG/HG204_EEG/HG204_EEGbaseline.bdf,periodic_AV,1,58.890625,121.015625,triggers,0.7850335332917502,-0.007262299216199586,0.9031778532897472,60,0.7778011706380594,58
HG204,AD,P2A_base,Phase2A_EEG/HG204_EEG/HG204_EEGbaseline.bdf,baseline,2,121.015625,180.640625,triggers,0.06028017915758549,-0.04992416645405244,0.23564534566542691,58,0.06028017915758549,58
HG204,AD,P2A_base,Phase2A_EEG/HG204_EEG/HG204_EEGbaseline.bdf,constant_AV,1,180.640625,239.3125,triggers,0.006683562959867259,-0.019515865923570574,0.08878433015430333,57,0.006683562959867259,57
HG204,AD,P2A_base,Phase2A_EEG/HG204_EEG/HG204_EEGbaseline.bdf,baseline,3,239.3125,300.0,triggers,-0.022510600370315104,-0.03848964586792146,0.10782179268424436,59,0.004613354641785111,58
HG205,AD,P2A_3mo,Phase2A_EEG/HG205_EEG/HG205_EEG3months.bdf,baseline,1,0.0,57.90625,triggers,0.03912602929968108,-0.058619146297828134,0.1500741428698484,56,0.03912602929968108,56
HG205,AD,P2A_3mo,Phase2A_EEG/HG205_EEG/HG205_EEG3months.bdf,periodic_AV,1,57.90625,117.484375,triggers,0.6045676996965708,0.0035034969047835762,0.7074503870127372,57,0.6045676996965708,57
HG205,AD,P2A_3mo,Phase2A_EEG/HG205_EEG/HG205_EEG3months.bdf,baseline,2,117.484375,175.921875,triggers,0.018702202532253867,0.006423270027779593,0.11322710876636481,56,0.018702202532253867,56
HG205,AD,P2A_3mo,Phase2A_EEG/HG205_EEG/HG205_EEG3months.bdf,constant_AV,1,175.921875,236.796875,triggers,0.05658849992203414,-0.010742209011571247,0.09691506509715336,59,0.054085523112908464,58
HG205,AD,P2A_3mo,Phase2A_EEG/HG205_EEG/HG205_EEG3months.bdf,baseline,3,236.796875,300.0,triggers,-0.06305798612872601,-0.05565204639415251,0.051136919420482686,61,-0.07449120938469811,58
HG205,AD,P2A_base,Phase2A_EEG/HG205_EEG/HG205_EEGbaseline.bdf,baseline,1,0.0,57.859375,triggers,0.07203636472877847,0.10936320086486012,0.15065238752347218,54,0.07203636472877847,54
HG205,AD,P2A_base,Phase2A_EEG/HG205_EEG/HG205_EEGbaseline.bdf,constant_AV,1,57.859375,117.828125,triggers,0.017487296591888288,0.027463192360738353,0.10775049132234321,58,0.017487296591888288,58
HG205,AD,P2A_base,Phase2A_EEG/HG205_EEG/HG205_EEGbaseline.bdf,baseline,2,117.828125,177.6875,triggers,-0.04040414821071149,0.08710047361668018,0.10885815112086995,58,-0.04040414821071149,58
HG205,AD,P2A_base,Phase2A_EEG/HG205_EEG/HG205_EEGbaseline.bdf,periodic_AV,1,177.6875,237.078125,triggers,0.7218722428720175,0.02977789199158845,0.7970268997725544,57,0.7218722428720175,57
HG205,AD,P2A_base,Phase2A_EEG/HG205_EEG/HG205_EEGbaseline.bdf,baseline,3,237.078125,300.0,triggers,-0.06682143145767397,-0.15983038158214308,0.040584718612349725,61,-0.042932594286810434,58
HG206,AD,P2A_3mo,Phase2A_EEG/HG206_EEG/HG206_EEG3months.bdf,baseline,1,0.0,58.96875,triggers,0.010165804783762736,0.11402533779912713,0.06981979216546126,57,0.010165804783762736,57
HG206,AD,P2A_3mo,Phase2A_EEG/HG206_EEG/HG206_EEG3months.bdf,periodic_AV,1,58.96875,126.609375,triggers,0.7080687391823025,-0.07921761187586235,0.7713247661603903,66,0.7527154798270842,58
HG206,AD,P2A_3mo,Phase2A_EEG/HG206_EEG/HG206_EEG3months.bdf,baseline,2,126.609375,184.453125,triggers,-0.023266695667041593,0.014629595556393343,0.11279977599352226,56,-0.023266695667041593,56
HG206,AD,P2A_3mo,Phase2A_EEG/HG206_EEG/HG206_EEG3months.bdf,constant_AV,1,184.453125,241.890625,triggers,-0.03993460151394468,-0.05477946963956885,0.17906827157032523,55,-0.03993460151394468,55
HG206,AD,P2A_3mo,Phase2A_EEG/HG206_EEG/HG206_EEG3months.bdf,baseline,3,241.890625,300.0,triggers,0.09939805702220078,0.1466725480325256,0.14856339153377515,56,0.09939805702220078,56
HG206,AD,P2A_base,Phase2A_EEG/HG206_EEG/HG206_EEGbaseline.bdf,baseline,1,0.0,56.6875,triggers,0.1365159963015486,-0.004368305580179199,0.20410453140176937,55,0.1365159963015486,55
HG206,AD,P2A_base,Phase2A_EEG/HG206_EEG/HG206_EEGbaseline.bdf,periodic_AV,1,56.6875,118.3125,triggers,0.7052352371606314,0.0018357820578505102,0.7742987225217426,60,0.6983372444915255,58
HG206,AD,P2A_base,Phase2A_EEG/HG206_EEG/HG206_EEGbaseline.bdf,baseline,2,118.3125,176.125,triggers,-0.03338781385154706,0.13449730855115405,0.0755069852560517,56,-0.03338781385154706,56
HG206,AD,P2A_base,Phase2A_EEG/HG206_EEG/HG206_EEGbaseline.bdf,constant_AV,1,176.125,241.859375,triggers,-0.012316078803414635,0.057137746189338715,0.08577667013878641,64,0.023247362119965045,58
HG206,AD,P2A_base,Phase2A_EEG/HG206_EEG/HG206_EEGbaseline.bdf,baseline,3,241.859375,300.0,triggers,-0.004821321188483524,0.00034253905601953905,0.12869928089571625,56,-0.004821321188483524,56
HG207,AD,P2A_3mo,Phase2A_EEG/HG207_EEG/HG207_EEG3months.bdf,baseline,1,0.0,58.671875,triggers,-0.05475823142087062,-0.006224967035788509,0.08226280632753664,57,-0.05475823142087062,57
HG207,AD,P2A_3mo,Phase2A_EEG/HG207_EEG/HG207_EEG3months.bdf,constant_AV,1,58.671875,118.640625,triggers,-0.129781535104805,-0.10045571560670014,0.004156991290409232,58,-0.129781535104805,58
HG207,AD,P2A_3mo,Phase2A_EEG/HG207_EEG/HG207_EEG3months.bdf,baseline,2,118.640625,177.765625,triggers,0.09848437895121498,-0.02799720431869307,0.17473206122252383,57,0.09848437895121498,57
HG207,AD,P2A_3mo,Phase2A_EEG/HG207_EEG/HG207_EEG3months.bdf,periodic_AV,1,177.765625,237.859375,triggers,0.6989913021142873,-0.03935770017940558,0.8021685867536572,58,0.6989913021142873,58
HG207,AD,P2A_3mo,Phase2A_EEG/HG207_EEG/HG207_EEG3months.bdf,baseline,3,237.859375,300.0,triggers,-0.04465689604204792,-0.0005344252547183626,0.03969365796243443,60,-0.017651363918423688,58
HG207,AD,P2A_base,Phase2A_EEG/HG207_EEG/HG207_EEGbaseline.bdf,baseline,1,0.0,60.4375,triggers,-0.046899745461304904,-0.10300297659704849,0.08092029642221604,58,-0.046899745461304904,58
HG207,AD,P2A_base,Phase2A_EEG/HG207_EEG/HG207_EEGbaseline.bdf,periodic_AV,1,60.4375,121.6875,triggers,0.36623666351167017,-0.04840975244276611,0.45584055036886945,59,0.3620788130227658,58
HG207,AD,P2A_base,Phase2A_EEG/HG207_EEG/HG207_EEGbaseline.bdf,baseline,2,121.6875,179.71875,triggers,-0.01406774338484662,-0.007160347880030157,0.06382757488541277,56,-0.01406774338484662,56
HG207,AD,P2A_base,Phase2A_EEG/HG207_EEG/HG207_EEGbaseline.bdf,constant_AV,1,179.71875,240.96875,triggers,0.1557101762835968,-0.008243912084611324,0.2351923700927986,59,0.14446990822487238,58
HG207,AD,P2A_base,Phase2A_EEG/HG207_EEG/HG207_EEGbaseline.bdf,baseline,3,240.96875,300.0,triggers,-0.008039056300233119,-0.04216859474196849,0.0989556737828856,57,-0.008039056300233119,57
HG208,AD,P2A_3mo,Phase2A_EEG/HG208_EEG/HG208_EEG3months.bdf,baseline,1,0.0,56.984375,triggers,0.07909774486476867,0.09061203254120283,0.20650463572763006,55,0.07909774486476867,55
HG208,AD,P2A_3mo,Phase2A_EEG/HG208_EEG/HG208_EEG3months.bdf,periodic_AV,1,56.984375,122.625,triggers,0.8117663718434661,-0.06428938454263924,0.9348391298641592,64,0.8392409103740397,58
HG208,AD,P2A_3mo,Phase2A_EEG/HG208_EEG/HG208_EEG3months.bdf,baseline,2,122.625,181.015625,triggers,0.12019320854169553,-0.02443690897100699,0.19859012931464665,56,0.12019320854169553,56
HG208,AD,P2A_3mo,Phase2A_EEG/HG208_EEG/HG208_EEG3months.bdf,constant_AV,1,181.015625,241.703125,triggers,-0.03458916957626358,-0.112274587292885,0.10979862541049833,59,-0.024263529840626408,58
HG208,AD,P2A_3mo,Phase2A_EEG/HG208_EEG/HG208_EEG3months.bdf,baseline,3,241.703125,300.0,triggers,-0.07821932850840253,0.0686224184225232,0.0709290662685244,56,-0.07821932850840253,56
HG208,AD,P2A_base,Phase2A_EEG/HG208_EEG/HG208_EEGbaseline.bdf,baseline,1,0.0,60.75,triggers,0.07103505442297864,-0.0022755272874519505,0.17930917336665037,59,0.06310270779721118,58
HG208,AD,P2A_base,Phase2A_EEG/HG208_EEG/HG208_EEGbaseline.bdf,constant_AV,1,60.75,119.140625,triggers,-0.05207777631285411,-0.02027411592607864,0.07604240189078924,56,-0.05207777631285411,56
HG208,AD,P2A_base,Phase2A_EEG/HG208_EEG/HG208_EEGbaseline.bdf,baseline,2,119.140625,179.21875,triggers,-0.09338555064698716,-0.10603640712347684,0.07016653053274781,58,-0.09338555064698716,58
HG208,AD,P2A_base,Phase2A_EEG/HG208_EEG/HG208_EEGbaseline.bdf,periodic_AV,1,179.21875,238.0,triggers,0.6949422253074351,-0.026031556864427968,0.7459300785154359,57,0.6949422253074351,57
HG208,AD,P2A_base,Phase2A_EEG/HG208_EEG/HG208_EEGbaseline.bdf,baseline,3,238.0,300.0,triggers,0.0024679989582214595,0.026846890644211086,0.10299723465255163,60,-0.0004382512374120351,58
HG209,AD,P2A_3mo,Phase2A_EEG/HG209_EEG/HG209_EEG3months.bdf,baseline,1,0.0,57.546875,triggers,0.012592494246731895,0.07153393639952546,0.12536510095500317,56,0.012592494246731895,56
HG209,AD,P2A_3mo,Phase2A_EEG/HG209_EEG/HG209_EEG3months.bdf,constant_AV,1,57.546875,117.515625,triggers,0.06612201364880411,0.03803221275052818,0.13059334068997674,58,0.06612201364880411,58
HG209,AD,P2A_3mo,Phase2A_EEG/HG209_EEG/HG209_EEG3months.bdf,baseline,2,117.515625,176.921875,triggers,-0.0808656867224988,0.0028411812848905538,0.041133008431106254,57,-0.0808656867224988,57
HG209,AD,P2A_3mo,Phase2A_EEG/HG209_EEG/HG209_EEG3months.bdf,periodic_AV,1,176.921875,238.9375,triggers,0.5574856566810671,0.015512673047672718,0.6530432439586112,60,0.6135027975371612,58
HG209,AD,P2A_3mo,Phase2A_EEG/HG209_EEG/HG209_EEG3months.bdf,baseline,3,238.9375,300.0,triggers,-0.1253374343491079,-0.024584920005286538,0.01599419893019418,59,-0.11642067140676443,58
HG209,AD,P2A_base,Phase2A_EEG/HG209_EEG/HG209_EEGbaseline.bdf,baseline,1,0.0,57.21875,triggers,-0.027482278223341927,-0.11637126489915232,0.11642951635994667,55,-0.027482278223341927,55
HG209,AD,P2A_base,Phase2A_EEG/HG209_EEG/HG209_EEGbaseline.bdf,constant_AV,1,57.21875,122.359375,triggers,0.06249323192346963,0.02876869015637004,0.1220207243832219,63,0.08631716158815371,58
HG209,AD,P2A_base,Phase2A_EEG/HG209_EEG/HG209_EEGbaseline.bdf,baseline,2,122.359375,175.921875,triggers,-0.0053736541459177,-0.04902853214139528,0.1266954832894358,52,-0.0053736541459177,52
HG209,AD,P2A_base,Phase2A_EEG/HG209_EEG/HG209_EEGbaseline.bdf,periodic_AV,1,175.921875,240.203125,triggers,0.6860638904033122,0.08386067490053023,0.7929538319302936,62,0.6924902062860877,58
HG209,AD,P2A_base,Phase2A_EEG/HG209_EEG/HG209_EEGbaseline.bdf,baseline,3,240.203125,300.0,triggers,0.09950366569917961,0.054095686862995346,0.1839821240779219,58,0.09950366569917961,58
HG210,AD,P2A_3mo,Phase2A_EEG/HG210_EEG/HG210_EEG3months.bdf,baseline,1,0.0,57.453125,triggers,0.06851989042189006,-0.048315442822349286,0.16522287673941866,55,0.06851989042189006,55
HG210,AD,P2A_3mo,Phase2A_EEG/HG210_EEG/HG210_EEG3months.bdf,periodic_AV,1,57.453125,116.546875,triggers,0.3907934572223992,-0.03804895331124049,0.47245891173237897,57,0.3907934572223992,57
HG210,AD,P2A_3mo,Phase2A_EEG/HG210_EEG/HG210_EEG3months.bdf,baseline,2,116.546875,176.125,triggers,0.09217000443659998,-0.019933629540165386,0.21679589540055455,58,0.09217000443659998,58
HG210,AD,P2A_3mo,Phase2A_EEG/HG210_EEG/HG210_EEG3months.bdf,constant_AV,1,176.125,236.78125,triggers,-0.08298391995035106,0.026249529788085937,0.026951113396208107,59,-0.0983711998340108,58
HG210,AD,P2A_3mo,Phase2A_EEG/HG210_EEG/HG210_EEG3months.bdf,baseline,3,236.78125,300.0,triggers,-0.08088687641832813,0.07918744098482991,0.0951999005502445,61,-0.073474109689785,58
HG210,AD,P2A_base,Phase2A_EEG/HG210_EEG/HG210_EEGbaseline.bdf,baseline,1,0.0,57.9375,triggers,-0.0040078827308445905,-0.030816537370115346,0.05222966812486029,56,-0.0040078827308445905,56
HG210,AD,P2A_base,Phase2A_EEG/HG210_EEG/HG210_EEGbaseline.bdf,periodic_AV,1,57.9375,117.2421875,triggers,0.5631731855919503,-0.03929340820871696,0.6320016715023004,57,0.5631731855919503,57
HG210,AD,P2A_base,Phase2A_EEG/HG210_EEG/HG210_EEGbaseline.bdf,baseline,2,117.2421875,178.453125,triggers,-0.011759237366557429,0.07134287112991307,0.12438199504122227,59,0.0005891693802382303,58
HG210,AD,P2A_base,Phase2A_EEG/HG210_EEG/HG210_EEGbaseline.bdf,constant_AV,1,178.453125,237.0625,triggers,-0.03644098818264452,0.010002922356832256,0.1291225541863373,57,-0.03644098818264452,57
HG210,AD,P2A_base,Phase2A_EEG/HG210_EEG/HG210_EEGbaseline.bdf,baseline,3,237.0625,300.0,triggers,-0.023683969466011395,0.15880584063404776,0.06301286233245695,61,-0.07327386522521107,58
HG211,AD,P2A_3mo,Phase2A_EEG/HG211_EEG/HG211_EEG3months.bdf,baseline,1,0.0,61.28125,triggers,0.13419332998686778,-0.06712563664956109,0.31713960622567566,59,0.13965160247979735,58
HG211,AD,P2A_3mo,Phase2A_EEG/HG211_EEG/HG211_EEG3months.bdf,constant_AV,1,61.28125,121.203125,triggers,-0.029211369925626493,0.04223188415285062,0.07984714842274972,58,-0.029211369925626493,58
HG211,AD,P2A_3mo,Phase2A_EEG/HG211_EEG/HG211_EEG3months.bdf,baseline,2,121.203125,180.1484375,triggers,-0.04829690635496374,0.017427713860592026,0.07270975178275102,57,-0.04829690635496374,57
HG211,AD,P2A_3mo,Phase2A_EEG/HG211_EEG/HG211_EEG3months.bdf,periodic_AV,1,180.1484375,240.75,triggers,0.7459054035850023,-0.03967393876439955,0.8744739522338886,59,0.7451671943358738,58
HG211,AD,P2A_3mo,Phase2A_EEG/HG211_EEG/HG211_EEG3months.bdf,baseline,3,240.75,300.0,triggers,-0.011279262808339782,0.05182052816089838,0.09770238505469778,57,-0.011279262808339782,57
HG211,AD,P2A_base,Phase2A_EEG/HG211_EEG/HG211_EEGbaseline.bdf,baseline,1,0.0,58.125,triggers,0.08338700919830358,0.05473384979290316,0.18949258575781475,56,0.08338700919830358,56
HG211,AD,P2A_base,Phase2A_EEG/HG211_EEG/HG211_EEGbaseline.bdf,periodic_AV,1,58.125,116.5625,triggers,0.7892489787384442,-0.004184485762249515,0.8681290253307031,56,0.7892489787384442,56
HG211,AD,P2A_base,Phase2A_EEG/HG211_EEG/HG211_EEGbaseline.bdf,baseline,2,116.5625,177.0,triggers,-0.020419877932499164,-0.16545193028145333,0.13227615051299205,58,-0.020419877932499164,58
HG211,AD,P2A_base,Phase2A_EEG/HG211_EEG/HG211_EEGbaseline.bdf,constant_AV,1,177.0,238.71875,triggers,-0.04011903929277251,0.032224120773608186,0.07048465405111476,60,-0.050528769209259056,58
HG211,AD,P2A_base,Phase2A_EEG/HG211_EEG/HG211_EEGbaseline.bdf,baseline,3,238.71875,300.0,triggers,0.05782787016886751,0.08561362954842916,0.1508942685002105,59,0.04115857633936207,58
HG212,AD,P2A_3mo,Phase2A_EEG/HG212_EEG/HG212_EEG3months.bdf,baseline,1,0.0,56.484375,triggers,0.04809283915881864,-0.12677481106753197,0.14971501510632165,54,0.04809283915881864,54
HG212,AD,P2A_3mo,Phase2A_EEG/HG212_EEG/HG212_EEG3months.bdf,constant_AV,1,56.484375,117.90625,triggers,0.038210835565079704,-0.10737933991423448,0.14040816448014867,59,0.02195030860961436,58
HG212,AD,P2A_3mo,Phase2A_EEG/HG212_EEG/HG212_EEG3months.bdf,baseline,2,117.90625,176.453125,triggers,0.031782854653530694,0.008328119251542448,0.09112689106891701,57,0.031782854653530694,57
HG212,AD,P2A_3mo,Phase2A_EEG/HG212_EEG/HG212_EEG3months.bdf,periodic_AV,1,176.453125,239.15625,triggers,0.3421520713398159,0.051803920759436524,0.42000755493421305,61,0.3188764685041707,58
HG212,AD,P2A_3mo,Phase2A_EEG/HG212_EEG/HG212_EEG3months.bdf,baseline,3,239.15625,300.0,triggers,-0.09321368293208288,-0.0010493302953318573,0.06628776432697533,59,-0.10235875789171979,58
HG212,AD,P2A_base,Phase2A_EEG/HG212_EEG/HG212_EEGbaseline.bdf,baseline,1,0.0,58.09375,triggers,0.04408373428673318,0.058712110812087645,0.14411008278360063,56,0.04408373428673318,56
HG212,AD,P2A_base,Phase2A_EEG/HG212_EEG/HG212_EEGbaseline.bdf,constant_AV,1,58.09375,116.65625,triggers,-0.08168777572723168,0.041838747069808904,0.03035934027449806,57,-0.08168777572723168,57
HG212,AD,P2A_base,Phase2A_EEG/HG212_EEG/HG212_EEGbaseline.bdf,baseline,2,116.65625,177.9375,triggers,0.02518599278652653,-0.029556809778314735,0.157133074514358,59,0.04977839690519825,58
HG212,AD,P2A_base,Phase2A_EEG/HG212_EEG/HG212_EEGbaseline.bdf,periodic_AV,1,177.9375,238.296875,triggers,0.28067173770391196,0.09876693293299924,0.40171557282317005,58,0.28067173770391196,58
HG212,AD,P2A_base,Phase2A_EEG/HG212_EEG/HG212_EEGbaseline.bdf,baseline,3,238.296875,300.0,triggers,-0.0002845328273266834,-0.037427301886668776,0.13829955584240336,60,0.007704313430690057,58
HG213,AD,P2A_3mo,Phase2A_EEG/HG213_EEG/HG213_EEG3months.bdf,baseline,1,0.0,58.125,triggers,-0.137940928780635,-0.06615367862275927,0.046306407769845015,56,-0.137940928780635,56
HG213,AD,P2A_3mo,Phase2A_EEG/HG213_EEG/HG213_EEG3months.bdf,periodic_AV,1,58.125,119.90625,triggers,0.5856613578854521,-0.02005297838414355,0.7151321006587378,60,0.586081829929246,58
HG213,AD,P2A_3mo,Phase2A_EEG/HG213_EEG/HG213_EEG3months.bdf,baseline,2,119.90625,177.296875,triggers,-0.062092887245905795,0.012769372812313773,0.049971369866246285,55,-0.062092887245905795,55
HG213,AD,P2A_3mo,Phase2A_EEG/HG213_EEG/HG213_EEG3months.bdf,constant_AV,1,177.296875,236.953125,triggers,-0.02017316902038549,-0.09081526114855543,0.11893808549808901,58,-0.02017316902038549,58
HG213,AD,P2A_3mo,Phase2A_EEG/HG213_EEG/HG213_EEG3months.bdf,baseline,3,236.953125,300.0,triggers,-0.008901089148125346,-0.13099811580857845,0.1224916577786263,61,-0.0009603669524896608,58
HG213,AD,P2A_base,Phase2A_EEG/HG213_EEG/HG213_EEGbaseline.bdf,baseline,1,0.0,58.296875,triggers,-0.013659912590554893,-0.002603676713141323,0.0924533968065421,56,-0.013659912590554893,56
HG213,AD,P2A_base,Phase2A_EEG/HG213_EEG/HG213_EEGbaseline.bdf,periodic_AV,1,58.296875,117.453125,triggers,0.5523713540441494,0.08030270061702593,0.6868385755825085,57,0.5523713540441494,57
HG213,AD,P2A_base,Phase2A_EEG/HG213_EEG/HG213_EEGbaseline.bdf,baseline,2,117.453125,175.75,triggers,-0.07815108976494896,-0.10930069538063829,0.06915181148017217,56,-0.07815108976494896,56
HG213,AD,P2A_base,Phase2A_EEG/HG213_EEG/HG213_EEGbaseline.bdf,constant_AV,1,175.75,237.1875,triggers,-0.06420408584926611,-0.10322957041598801,0.08382356129583325,59,-0.06806944294581772,58
HG213,AD,P2A_base,Phase2A_EEG/HG213_EEG/HG213_EEGbaseline.bdf,baseline,3,237.1875,300.0,triggers,0.005795509966082968,0.15169598418598004,0.09686419705022774,61,0.02372060969552578,58
HG214,AD,P2A_3mo,Phase2A_EEG/HG214_EEG/HG214_EEG3months.bdf,baseline,1,0.0,61.640625,triggers,0.0866034172937181,-0.008380512965659975,0.14017784140994596,60,0.07493921594881463,58
HG214,AD,P2A_3mo,Phase2A_EEG/HG214_EEG/HG214_EEG3months.bdf,constant_AV,1,61.640625,119.921875,triggers,-0.03698246778671434,-0.013913045989941586,0.11440699265782066,56,-0.03698246778671434,56
HG214,AD,P2A_3mo,Phase2A_EEG/HG214_EEG/HG214_EEG3months.bdf,baseline,2,119.921875,180.34375,triggers,-0.0010884393454503039,-0.03207386528246829,0.14387790987719773,58,-0.0010884393454503039,58
HG214,AD,P2A_3mo,Phase2A_EEG/HG214_EEG/HG214_EEG3months.bdf,periodic_AV,1,180.34375,241.671875,triggers,0.7656667168373927,-0.04904804653091685,0.8927451743725584,59,0.7729035816949299,58
HG214,AD,P2A_3mo,Phase2A_EEG/HG214_EEG/HG214_EEG3months.bdf,baseline,3,241.671875,300.0,triggers,-0.024561452247282803,-0.1158169223740331,0.060540367763586705,56,-0.024561452247282803,56
HG214,AD,P2A_base,Phase2A_EEG/HG214_EEG/HG214_EEGbaseline.bdf,baseline,1,0.0,57.296875,triggers,-0.035743664714441334,-0.03773964696520704,0.07741108475935815,55,-0.035743664714441334,55
HG214,AD,P2A_base,Phase2A_EEG/HG214_EEG/HG214_EEGbaseline.bdf,constant_AV,1,57.296875,118.03125,triggers,-0.00037026470338437367,-0.12360777776531681,0.12494181533984274,59,0.0031300879746455623,58
HG214,AD,P2A_base,Phase2A_EEG/HG214_EEG/HG214_EEGbaseline.bdf,baseline,2,118.03125,178.421875,triggers,0.10261964478261212,0.16438305645271173,0.19777894653657238,58,0.10261964478261212,58
HG214,AD,P2A_base,Phase2A_EEG/HG214_EEG/HG214_EEGbaseline.bdf,periodic_AV,1,178.421875,237.484375,triggers,0.7970188615170863,0.017855850831602016,0.9535281848498971,57,0.7970188615170863,57
HG214,AD,P2A_base,Phase2A_EEG/HG214_EEG/HG214_EEGbaseline.bdf,baseline,3,237.484375,300.0,triggers,-0.043568324583525594,-0.022184274934091197,0.109529070082403,61,-0.019686058549370986,58
HG217,AD,P2A_3mo,Phase2A_EEG/HG217_EEG/HG217_EEG3months.bdf,baseline,1,0.0,65.5625,triggers,0.12565545762198183,-0.008355508439326698,0.1878563719220359,64,0.09527577168185782,58
HG217,AD,P2A_3mo,Phase2A_EEG/HG217_EEG/HG217_EEG3months.bdf,periodic_AV,1,65.5625,121.671875,triggers,0.5803236542733099,0.030540113906020433,0.6857119285369837,54,0.5803236542733099,54
HG217,AD,P2A_3mo,Phase2A_EEG/HG217_EEG/HG217_EEG3months.bdf,baseline,2,121.671875,180.734375,triggers,-0.13398885861985316,0.0035367044863081343,0.041873623319077735,57,-0.13398885861985316,57
HG217,AD,P2A_3mo,Phase2A_EEG/HG217_EEG/HG217_EEG3months.bdf,constant_AV,1,180.734375,242.265625,triggers,0.034143390910778684,-0.028957344485231615,0.12581287219914875,60,0.05396900641615465,58
HG217,AD,P2A_3mo,Phase2A_EEG/HG217_EEG/HG217_EEG3months.bdf,baseline,3,242.265625,300.0,triggers,0.05184412222271713,0.05029585763014613,0.13574311718561058,56,0.05184412222271713,56
HG217,AD,P2A_base,Phase2A_EEG/HG217_EEG/HG217_EEGbaseline.bdf,baseline,1,0.0,60.859375,triggers,-0.018244970688126347,-0.04994648484099898,0.12213252327079673,59,-0.008295457518839727,58
HG217,AD,P2A_base,Phase2A_EEG/HG217_EEG/HG217_EEGbaseline.bdf,periodic_AV,1,60.859375,118.453125,triggers,0.1620481702192268,0.07465555624234271,0.26223007727258113,56,0.1620481702192268,56
HG217,AD,P2A_base,Phase2A_EEG/HG217_EEG/HG217_EEGbaseline.bdf,baseline,2,118.453125,180.1875,triggers,-0.04755802702500848,-0.10587502037236718,0.05464210074739891,60,-0.039496563488812836,58
HG217,AD,P2A_base,Phase2A_EEG/HG217_EEG/HG217_EEGbaseline.bdf,constant_AV,1,180.1875,238.28125,triggers,0.04746987909730013,-0.026376471923314285,0.16386199540726026,56,0.04746987909730013,56
HG217,AD,P2A_base,Phase2A_EEG/HG217_EEG/HG217_EEGbaseline.bdf,baseline,3,238.28125,300.0,triggers,-0.07134946162939315,0.06432253467146105,0.05557078846045931,60,-0.06979092864220937,58
HG218,AD,P2A_3mo,Phase2A_EEG/HG218_EEG/HG218_EEG3months.bdf,baseline,1,0.0,55.421875,triggers,-0.049308436945917994,0.06341566278192053,0.04332522998946116,53,-0.049308436945917994,53
HG218,AD,P2A_3mo,Phase2A_EEG/HG218_EEG/HG218_EEG3months.bdf,constant_AV,1,55.421875,114.28125,triggers,-0.016136192865569582,-0.016403781274640858,0.06452968424641323,57,-0.016136192865569582,57
HG218,AD,P2A_3mo,Phase2A_EEG/HG218_EEG/HG218_EEG3months.bdf,baseline,2,114.28125,174.765625,triggers,0.03772623946582236,-0.004963299404789082,0.12930539188561926,58,0.03772623946582236,58
HG218,AD,P2A_3mo,Phase2A_EEG/HG218_EEG/HG218_EEG3months.bdf,periodic_AV,1,174.765625,235.578125,triggers,0.4122606371989379,-0.1587559104528065,0.535899620551033,59,0.4052147691532062,58
HG218,AD,P2A_3mo,Phase2A_EEG/HG218_EEG/HG218_EEG3months.bdf,baseline,3,235.578125,300.0,triggers,-0.038975708326398545,-0.08774944022877579,0.08431028025388408,62,-0.01618288755175848,58
HG218,AD,P2A_base,Phase2A_EEG/HG218_EEG/HG218_EEGbaseline.bdf,baseline,1,0.0,57.765625,triggers,-0.05037964460522845,0.047982264640606426,0.06715989947754336,56,-0.05037964460522845,56
HG218,AD,P2A_base,Phase2A_EEG/HG218_EEG/HG218_EEGbaseline.bdf,constant_AV,1,57.765625,117.515625,triggers,-0.05205263318104192,-0.04997670081618696,0.08672429261514533,58,-0.05205263318104192,58
HG218,AD,P2A_base,Phase2A_EEG/HG218_EEG/HG218_EEGbaseline.bdf,baseline,2,117.515625,176.515625,triggers,0.06679862380440127,0.10601648767249762,0.1537432347682127,57,0.06679862380440127,57
HG218,AD,P2A_base,Phase2A_EEG/HG218_EEG/HG218_EEGbaseline.bdf,periodic_AV,1,176.515625,238.640625,triggers,0.576770309781924,0.07380027521909482,0.6731274013952266,60,0.5817588894995321,58
HG218,AD,P2A_base,Phase2A_EEG/HG218_EEG/HG218_EEGbaseline.bdf,baseline,3,238.640625,300.0,triggers,0.12590694947285586,-0.034489796986127697,0.20165987069621155,59,0.1457374004577354,58
HG221,AD,P2A_3mo,Phase2A_EEG/HG221_EEG/HG221_EEG3months.bdf,baseline,1,0.0,56.828125,triggers,-0.10134839857409807,-0.0428181905253187,0.07227297970106024,54,-0.10134839857409807,54
HG221,AD,P2A_3mo,Phase2A_EEG/HG221_EEG/HG221_EEG3months.bdf,constant_AV,1,56.828125,117.46875,triggers,-0.03221354723186427,0.009338814557758535,0.08315432309060876,59,-0.056287671685606014,58
HG221,AD,P2A_3mo,Phase2A_EEG/HG221_EEG/HG221_EEG3months.bdf,baseline,2,117.46875,175.75,triggers,0.1343007929902305,0.01726089963123638,0.2629505827099197,54,0.1343007929902305,54
HG221,AD,P2A_3mo,Phase2A_EEG/HG221_EEG/HG221_EEG3months.bdf,periodic_AV,1,175.75,236.5625,triggers,0.5358017153491438,0.06476568914309894,0.6656835194790273,58,0.5358017153491438,58
HG221,AD,P2A_3mo,Phase2A_EEG/HG221_EEG/HG221_EEG3months.bdf,baseline,3,236.5625,300.0,triggers,-0.039848205650263924,0.12666922372129594,0.07777871532293296,61,-0.03288357603946293,58
HG221,AD,P2A_base,Phase2A_EEG/HG221_EEG/HG221_EEGbaseline.bdf,baseline,1,0.0,56.92578125,triggers,-0.06733244097246359,-0.08877724372310739,0.09494730418011378,55,-0.06733244097246359,55
HG221,AD,P2A_base,Phase2A_EEG/HG221_EEG/HG221_EEGbaseline.bdf,baseline,2,119.640625,179.046875,triggers,0.018828932345453048,0.08602817043706568,0.12428948338369511,57,0.018828932345453048,57
HG221,AD,P2A_base,Phase2A_EEG/HG221_EEG/HG221_EEGbaseline.bdf,periodic_AV,1,179.046875,239.1875,triggers,0.6298936953985051,-0.0210789453564426,0.7255098091854878,58,0.6298936953985051,58
HG221,AD,P2A_base,Phase2A_EEG/HG221_EEG/HG221_EEGbaseline.bdf,baseline,3,239.1875,299.734375,triggers,-0.011078593229263689,-0.0957566435060378,0.11958372288052405,59,-0.020045036180977915,58
HG221,AD,P2A_base,Phase2A_EEG/HG221_EEG/HG221_EEGbaseline.bdf,constant_AV,1,299.734375,360.390625,triggers,0.025010103167869058,-0.002839215022320901,0.16847547644986358,59,0.030539679865566438,58
HG221,AD,P2A_base,Phase2A_EEG/HG221_EEG/HG221_EEGbaseline.bdf,baseline,4,360.390625,420.0,triggers,0.005270079392758115,0.15237440295441915,0.16142327734155296,57,0.005270079392758115,57
HG222,AD,P2A_3mo,Phase2A_EEG/HG222_EEG/HG222_EEG3months.bdf,baseline,1,0.0,54.671875,triggers,0.05697925880394902,-0.0066982879014302055,0.15795073866150158,53,0.05697925880394902,53
HG222,AD,P2A_3mo,Phase2A_EEG/HG222_EEG/HG222_EEG3months.bdf,periodic_AV,1,54.671875,115.25,triggers,0.6728470472363627,-0.0059310559344475655,0.8349357636300563,59,0.6831172763333427,58
HG222,AD,P2A_3mo,Phase2A_EEG/HG222_EEG/HG222_EEG3months.bdf,baseline,2,115.25,174.421875,triggers,-0.030284350058210813,-0.002268150433983651,0.07935848221702144,57,-0.030284350058210813,57
HG222,AD,P2A_3mo,Phase2A_EEG/HG222_EEG/HG222_EEG3months.bdf,constant_AV,1,174.421875,236.546875,triggers,-0.1105468757931891,0.15465377565936883,0.08502784183235217,60,-0.0994779878253711,58
HG222,AD,P2A_3mo,Phase2A_EEG/HG222_EEG/HG222_EEG3months.bdf,baseline,3,236.546875,300.0,triggers,0.02187941973476873,0.030569649386922415,0.1219072300450994,61,0.0029353333137892013,58
