sid,group,visit,file,label,occurrence,start_s,stop_s,source,R40,R33,itc40,n_ep,R40_1min,n_ep_1min
HG201,AD,P1,Phase1_AD_EEG/HG201_EEG/HG201_EEGstim_on.bdf,baseline,1,0.0,60.578125,triggers,0.00010182970777661282,0.10570134001939599,0.14824030480430178,59,-0.01196584119576291,58
HG201,AD,P1,Phase1_AD_EEG/HG201_EEG/HG201_EEGstim_on.bdf,periodic_AV,1,60.578125,121.96875,triggers,0.3354172425537833,0.13135237534842986,0.41118439514691457,59,0.31419369015274967,58
HG201,AD,P1,Phase1_AD_EEG/HG201_EEG/HG201_EEGstim_on.bdf,baseline,2,121.96875,180.890625,triggers,-0.007038539689724663,-0.10323857313154772,0.10522573017274893,55,-0.007038539689724663,55
HG201,AD,P1,Phase1_AD_EEG/HG201_EEG/HG201_EEGstim_on.bdf,periodic_V,1,180.890625,241.578125,triggers,0.2756658251727663,-0.03301839820042138,0.313774246878969,58,0.2756658251727663,58
HG201,AD,P1,Phase1_AD_EEG/HG201_EEG/HG201_EEGstim_on.bdf,baseline,3,241.578125,299.90625,triggers,0.022841281565467678,-0.12166787421734204,0.1358231484306887,53,0.022841281565467678,53
HG201,AD,P1,Phase1_AD_EEG/HG201_EEG/HG201_EEGstim_on.bdf,constant_V,1,299.90625,361.75,triggers,0.09960493134751053,0.012514162823387076,0.19210899015654356,59,0.07509964444995734,58
HG201,AD,P1,Phase1_AD_EEG/HG201_EEG/HG201_EEGstim_on.bdf,baseline,4,361.75,421.484375,triggers,-0.0033250900717624043,0.045028510671311486,0.1345347107373492,58,-0.0033250900717624043,58
HG201,AD,P1,Phase1_AD_EEG/HG201_EEG/HG201_EEGstim_on.bdf,constant_AV,1,421.484375,480.046875,triggers,0.02765822283687419,-0.06473175215686852,0.17368746722440037,55,0.02765822283687419,55
HG201,AD,P1,Phase1_AD_EEG/HG201_EEG/HG201_EEGstim_on.bdf,baseline,5,480.046875,540.125,triggers,-0.010281138452038596,0.025704206916098482,0.09801781504288629,58,-0.010281138452038596,58
HG201,AD,P1,Phase1_AD_EEG/HG201_EEG/HG201_EEGstim_on.bdf,periodic_A,1,540.125,600.5,triggers,0.10091773598204168,-0.024569334739449125,0.22638767690628966,58,0.10091773598204168,58
HG201,AD,P1,Phase1_AD_EEG/HG201_EEG/HG201_EEGstim_on.bdf,baseline,6,600.5,660.578125,triggers,-0.02165513376480182,0.16748605938223288,0.05212586848170785,57,-0.02165513376480182,57
HG201,AD,P1,Phase1_AD_EEG/HG201_EEG/HG201_EEGstim_on.bdf,constant_A,1,660.578125,720.546875,triggers,-0.0722027175880888,-0.010637930830302164,0.08382222904290529,58,-0.0722027175880888,58
HG201,AD,P1,Phase1_AD_EEG/HG201_EEG/HG201_EEGstim_on.bdf,baseline,7,720.546875,780.0,triggers,0.08362038885334147,0.12116750404246701,0.1772911242315534,57,0.08362038885334147,57
HG204,AD,P1,Phase1_AD_EEG/HG204_EEG/HG204_EEG_stim_on.bdf,baseline,1,0.0,60.59375,triggers,-0.04856289093381696,-0.11935147656482784,0.05920891672137791,59,-0.05365584993385345,58
HG204,AD,P1,Phase1_AD_EEG/HG204_EEG/HG204_EEG_stim_on.bdf,constant_A,1,60.59375,120.67578125,triggers,0.09263377282740731,-0.06612725624493143,0.1920380543478797,58,0.09263377282740731,58
HG204,AD,P1,Phase1_AD_EEG/HG204_EEG/HG204_EEG_stim_on.bdf,baseline,2,120.67578125,180.140625,triggers,-0.002379040370517699,-0.056874683694879,0.08006488672688014,57,-0.002379040370517699,57
HG204,AD,P1,Phase1_AD_EEG/HG204_EEG/HG204_EEG_stim_on.bdf,periodic_AV,1,180.140625,239.0,triggers,0.6308664318787953,0.13428268648147654,0.7179526904712323,57,0.6308664318787953,57
HG204,AD,P1,Phase1_AD_EEG/HG204_EEG/HG204_EEG_stim_on.bdf,baseline,3,239.0,304.109375,triggers,-0.029324109325232994,-0.09646471042082298,0.16239121990761804,63,-0.009956095144883742,58
HG204,AD,P1,Phase1_AD_EEG/HG204_EEG/HG204_EEG_stim_on.bdf,constant_AV,1,304.109375,359.828125,triggers,-0.01943549880104839,0.041814927701324056,0.07117920122570799,54,-0.01943549880104839,54
HG204,AD,P1,Phase1_AD_EEG/HG204_EEG/HG204_EEG_stim_on.bdf,baseline,4,359.828125,420.375,triggers,0.08785798242927026,0.05889093252669185,0.2551615893615155,59,0.07661941575315784,58
HG204,AD,P1,Phase1_AD_EEG/HG204_EEG/HG204_EEG_stim_on.bdf,periodic_A,1,420.375,480.171875,triggers,0.6515844698155138,0.09639620958633241,0.7656661867354945,58,0.6515844698155138,58
HG204,AD,P1,Phase1_AD_EEG/HG204_EEG/HG204_EEG_stim_on.bdf,baseline,5,480.171875,540.859375,triggers,-0.03631856435596083,0.004802634702813335,0.0833370189617496,59,-0.017691828861422704,58
HG204,AD,P1,Phase1_AD_EEG/HG204_EEG/HG204_EEG_stim_on.bdf,periodic_V,1,540.859375,599.015625,triggers,0.583556542842981,-0.03483616410590243,0.6672644301252116,56,0.583556542842981,56
HG204,AD,P1,Phase1_AD_EEG/HG204_EEG/HG204_EEG_stim_on.bdf,baseline,6,599.015625,661.21875,triggers,-0.06736078312725094,0.07048305798017293,0.042816459851592714,60,-0.0823224135164062,58
HG204,AD,P1,Phase1_AD_EEG/HG204_EEG/HG204_EEG_stim_on.bdf,constant_V,1,661.21875,720.828125,triggers,0.08544175869523668,0.07599655630787468,0.23513844803174005,58,0.08544175869523668,58
HG204,AD,P1,Phase1_AD_EEG/HG204_EEG/HG204_EEG_stim_on.bdf,baseline,7,720.828125,780.0,triggers,-0.010238429311988928,-0.04440033604371271,0.07424741864838091,57,-0.010238429311988928,57
HG205,AD,P1,Phase1_AD_EEG/HG205_EEG/HG205_EEG_stim_on.bdf,baseline,1,0.0,60.84375,triggers,-0.12827892393137938,-0.039978371393979445,0.021374516476714515,59,-0.10809157022304344,58
HG205,AD,P1,Phase1_AD_EEG/HG205_EEG/HG205_EEG_stim_on.bdf,constant_A,1,60.84375,120.46875,triggers,-0.05392383059958192,-0.005307261887242107,0.11229248516368753,58,-0.05392383059958192,58
HG205,AD,P1,Phase1_AD_EEG/HG205_EEG/HG205_EEG_stim_on.bdf,baseline,2,120.46875,179.765625,triggers,-0.05601656147502074,-0.021713588482872012,0.05113404689701326,57,-0.05601656147502074,57
HG205,AD,P1,Phase1_AD_EEG/HG205_EEG/HG205_EEG_stim_on.bdf,constant_V,1,179.765625,243.078125,triggers,0.025116086628960282,-0.07111287613719607,0.12820348327271794,60,-0.001601333915682665,58
HG205,AD,P1,Phase1_AD_EEG/HG205_EEG/HG205_EEG_stim_on.bdf,baseline,3,243.078125,298.296875,triggers,0.03015029152227916,0.055648683982240474,0.15119312202154286,53,0.03015029152227916,53
HG205,AD,P1,Phase1_AD_EEG/HG205_EEG/HG205_EEG_stim_on.bdf,constant_AV,1,298.296875,357.8125,triggers,-0.07169921648306946,-0.12384589623246184,0.05435766229283192,58,-0.07169921648306946,58
HG205,AD,P1,Phase1_AD_EEG/HG205_EEG/HG205_EEG_stim_on.bdf,baseline,4,357.8125,421.265625,triggers,-0.036982814696639485,0.0813865127990838,0.09537610857213176,61,-0.013771778877535654,58
HG205,AD,P1,Phase1_AD_EEG/HG205_EEG/HG205_EEG_stim_on.bdf,periodic_A,1,421.265625,481.25,triggers,0.0993112842813815,-0.11379568149646525,0.19307361715633967,57,0.0993112842813815,57
HG205,AD,P1,Phase1_AD_EEG/HG205_EEG/HG205_EEG_stim_on.bdf,baseline,5,481.25,538.625,triggers,0.06447567709347798,0.034598729678864404,0.13884707744217673,55,0.06447567709347798,55
HG205,AD,P1,Phase1_AD_EEG/HG205_EEG/HG205_EEG_stim_on.bdf,periodic_V,1,538.625,600.875,triggers,-0.03536454161346585,0.028681588994466628,0.09559277843140777,60,-0.019845948366892893,58
HG205,AD,P1,Phase1_AD_EEG/HG205_EEG/HG205_EEG_stim_on.bdf,baseline,6,600.875,656.28125,triggers,0.08160471474569905,-0.035229005142785486,0.22636034925536394,53,0.08160471474569905,53
HG205,AD,P1,Phase1_AD_EEG/HG205_EEG/HG205_EEG_stim_on.bdf,periodic_AV,1,656.28125,719.171875,triggers,0.04482490068232162,-0.014983422847992228,0.16660131635547235,61,0.09079953708626332,58
HG205,AD,P1,Phase1_AD_EEG/HG205_EEG/HG205_EEG_stim_on.bdf,baseline,7,719.171875,780.0,triggers,0.09124704475641632,-0.08457771036018281,0.232200921979664,59,0.09058096337137322,58
HG206,AD,P1,Phase1_AD_EEG/HG206_EEG/HG206_EEG_stim_on.bdf,baseline,1,0.0,58.75,triggers,-0.03026910348764761,0.01707797373861969,0.06859024710625311,55,-0.03026910348764761,55
HG206,AD,P1,Phase1_AD_EEG/HG206_EEG/HG206_EEG_stim_on.bdf,periodic_V,1,58.75,118.890625,triggers,0.35506930581432916,-0.06384225213958153,0.5367353875819993,58,0.35506930581432916,58
HG206,AD,P1,Phase1_AD_EEG/HG206_EEG/HG206_EEG_stim_on.bdf,baseline,2,118.890625,179.9375,triggers,0.09457895639881707,-0.016380108710360025,0.1667802945891691,59,0.06903235769416324,58
HG206,AD,P1,Phase1_AD_EEG/HG206_EEG/HG206_EEG_stim_on.bdf,constant_V,1,179.9375,240.3046875,triggers,0.0431604963618378,-0.0005736881398906296,0.24185725923665627,56,0.0431604963618378,56
HG206,AD,P1,Phase1_AD_EEG/HG206_EEG/HG206_EEG_stim_on.bdf,baseline,3,240.3046875,299.25,triggers,-0.11323618104283897,0.08422417950539332,0.040359676551940116,57,-0.11323618104283897,57
HG206,AD,P1,Phase1_AD_EEG/HG206_EEG/HG206_EEG_stim_on.bdf,periodic_AV,1,299.25,363.203125,triggers,0.3232199994655098,-0.0210015612215321,0.4924208099441677,62,0.3087479446522404,58
HG206,AD,P1,Phase1_AD_EEG/HG206_EEG/HG206_EEG_stim_on.bdf,baseline,4,363.203125,422.9375,triggers,0.11782643416876987,0.12723458300182067,0.23849516874483206,54,0.11782643416876987,54
HG206,AD,P1,Phase1_AD_EEG/HG206_EEG/HG206_EEG_stim_on.bdf,constant_A,1,422.9375,480.638671875,triggers,0.08463727078422306,0.022698757185251772,0.17594937515896303,56,0.08463727078422306,56
HG206,AD,P1,Phase1_AD_EEG/HG206_EEG/HG206_EEG_stim_on.bdf,baseline,5,480.638671875,541.40625,triggers,0.05003922808828995,-0.03512768574632173,0.15499337293129473,58,0.05003922808828995,58
HG206,AD,P1,Phase1_AD_EEG/HG206_EEG/HG206_EEG_stim_on.bdf,periodic_A,1,541.40625,600.421875,triggers,-0.004275437696545259,0.011616590167616847,0.1292600548663247,57,-0.004275437696545259,57
HG206,AD,P1,Phase1_AD_EEG/HG206_EEG/HG206_EEG_stim_on.bdf,baseline,6,600.421875,657.390625,triggers,-0.05639134975264136,-0.08616984141890148,0.054010648810640924,55,-0.05639134975264136,55
HG206,AD,P1,Phase1_AD_EEG/HG206_EEG/HG206_EEG_stim_on.bdf,constant_AV,1,657.390625,720.140625,triggers,0.07189892641535561,-0.045486013719280086,0.1785777364806934,60,0.06871320553526145,58
HG206,AD,P1,Phase1_AD_EEG/HG206_EEG/HG206_EEG_stim_on.bdf,baseline,7,720.140625,780.0,triggers,0.07072855522961571,0.014978244920636347,0.21281765809567652,57,0.07072855522961571,57
HG207,AD,P1,Phase1_AD_EEG/HG207_EEG/HG207_EEG_stim_on.bdf,baseline,1,0.0,60.140625,triggers,0.04622154160041647,-0.08589098443071022,0.11451553692767232,58,0.04622154160041647,58
HG207,AD,P1,Phase1_AD_EEG/HG207_EEG/HG207_EEG_stim_on.bdf,constant_A,1,60.140625,121.609375,triggers,0.0015891974360721511,0.012198645790399254,0.11094409501464471,59,-0.0031460037077069986,58
HG207,AD,P1,Phase1_AD_EEG/HG207_EEG/HG207_EEG_stim_on.bdf,baseline,2,121.609375,178.125,triggers,0.027265750678126865,-0.0027015586471014486,0.184826436269188,55,0.027265750678126865,55
HG207,AD,P1,Phase1_AD_EEG/HG207_EEG/HG207_EEG_stim_on.bdf,constant_V,1,178.125,240.015625,triggers,0.07428859086030584,-0.10995270022323658,0.16537225138365513,59,0.0643638688603796,58
HG207,AD,P1,Phase1_AD_EEG/HG207_EEG/HG207_EEG_stim_on.bdf,baseline,3,240.015625,298.46875,triggers,-0.02494665051747695,0.0694534871749542,0.09114975729714923,54,-0.02494665051747695,54
HG207,AD,P1,Phase1_AD_EEG/HG207_EEG/HG207_EEG_stim_on.bdf,periodic_V,1,298.46875,360.46875,triggers,0.5718148826102284,0.007098381296563483,0.6659524154632255,60,0.5630216714699942,58
HG207,AD,P1,Phase1_AD_EEG/HG207_EEG/HG207_EEG_stim_on.bdf,baseline,4,360.46875,418.75,triggers,0.1712134173873615,-0.021124710639607823,0.2641542592028532,56,0.1712134173873615,56
HG207,AD,P1,Phase1_AD_EEG/HG207_EEG/HG207_EEG_stim_on.bdf,constant_AV,1,418.75,479.5625,triggers,0.03446684637347931,0.14183951941086445,0.10452324567200803,59,0.021606726138787544,58
HG207,AD,P1,Phase1_AD_EEG/HG207_EEG/HG207_EEG_stim_on.bdf,baseline,5,479.5625,536.8125,triggers,-0.05829471331816846,-0.013846150855189282,0.12421166337239678,53,-0.05829471331816846,53
HG207,AD,P1,Phase1_AD_EEG/HG207_EEG/HG207_EEG_stim_on.bdf,periodic_AV,1,536.8125,600.359375,triggers,0.3557507818455675,-0.07564783332648428,0.46208930566855044,62,0.3376417232884531,58
HG207,AD,P1,Phase1_AD_EEG/HG207_EEG/HG207_EEG_stim_on.bdf,baseline,6,600.359375,659.6875,triggers,-0.04138246493093937,0.1006731768762108,0.054718188581988285,53,-0.04138246493093937,53
HG207,AD,P1,Phase1_AD_EEG/HG207_EEG/HG207_EEG_stim_on.bdf,periodic_A,1,659.6875,721.265625,triggers,0.8182223798705726,-0.004870112842380231,0.9228964987162778,58,0.8182223798705726,58
HG207,AD,P1,Phase1_AD_EEG/HG207_EEG/HG207_EEG_stim_on.bdf,baseline,7,721.265625,780.0,triggers,0.01102297541276634,0.011179456640321911,0.15750012760097323,57,0.01102297541276634,57
HG208,AD,P1,Phase1_AD_EEG/HG208_EEG/HG208_EEG_stim_on_1.bdf,baseline,1,0.0,60.53125,triggers,-0.050233307795501114,0.0016249447253676996,0.08541498507933817,59,-0.03853460377594391,58
HG208,AD,P1,Phase1_AD_EEG/HG208_EEG/HG208_EEG_stim_on_1.bdf,constant_A,1,60.53125,124.640625,triggers,-0.014413080376912732,0.0017948046603550316,0.07461536294640787,62,0.028415436776347724,58
HG208,AD,P1,Phase1_AD_EEG/HG208_EEG/HG208_EEG_stim_on_1.bdf,baseline,2,124.640625,180.46875,triggers,0.07918235446976776,-0.02900028557648246,0.17786714070388485,54,0.07918235446976776,54
HG208,AD,P1,Phase1_AD_EEG/HG208_EEG/HG208_EEG_stim_on_1.bdf,periodic_A,1,180.46875,240.4375,triggers,0.4869934723670869,-0.035636772266556135,0.6223940617116832,57,0.4869934723670869,57
HG208,AD,P1,Phase1_AD_EEG/HG208_EEG/HG208_EEG_stim_on_1.bdf,baseline,3,240.4375,300.0,triggers,-0.002232614642306091,0.05098151908302978,0.10363567523168969,58,-0.002232614642306091,58
HG208,AD,P1,Phase1_AD_EEG/HG208_EEG/HG208_EEG_stim_on_2.bdf,baseline,1,0.0,61.1875,triggers,-0.04000538044139232,0.033976142670180176,0.09579041063565219,55,-0.04000538044139232,55
HG208,AD,P1,Phase1_AD_EEG/HG208_EEG/HG208_EEG_stim_on_2.bdf,periodic_V,1,61.1875,118.21875,triggers,0.03311186056350676,-0.08037219640939083,0.1986356421110361,55,0.03311186056350676,55
HG208,AD,P1,Phase1_AD_EEG/HG208_EEG/HG208_EEG_stim_on_2.bdf,baseline,2,118.21875,177.609375,triggers,0.03179455881125176,0.0040487761557078394,0.15476451232961702,57,0.03179455881125176,57
HG208,AD,P1,Phase1_AD_EEG/HG208_EEG/HG208_EEG_stim_on_2.bdf,periodic_AV,1,177.609375,239.234375,triggers,0.3285574417058632,-0.03488634928016031,0.4225686708289364,58,0.3285574417058632,58
HG208,AD,P1,Phase1_AD_EEG/HG208_EEG/HG208_EEG_stim_on_2.bdf,baseline,3,239.234375,297.953125,triggers,-0.07681336281296827,0.08518668100329213,0.02878114775273373,54,-0.07681336281296827,54
HG208,AD,P1,Phase1_AD_EEG/HG208_EEG/HG208_EEG_stim_on_2.bdf,constant_V,1,297.953125,359.546875,triggers,-0.11010596156832725,0.006540108587646698,0.023227825334614424,59,-0.10812133174708818,58
HG208,AD,P1,Phase1_AD_EEG/HG208_EEG/HG208_EEG_stim_on_2.bdf,baseline,4,359.546875,415.828125,triggers,0.10230621857159514,-0.04852066071165791,0.2086182821493244,52,0.10230621857159514,52
HG208,AD,P1,Phase1_AD_EEG/HG208_EEG/HG208_EEG_stim_on_2.bdf,constant_AV,1,415.828125,478.890625,triggers,-0.07777252322265926,-0.03769306600478434,0.030873816759859375,53,-0.07777252322265926,53
HG208,AD,P1,Phase1_AD_EEG/HG208_EEG/HG208_EEG_stim_on_2.bdf,baseline,5,478.890625,540.0,triggers,-0.1031628486615512,-0.05257039694143883,0.008274026166438263,49,-0.1031628486615512,49
HG209,AD,P1,Phase1_AD_EEG/HG209_EEG/HG209_EEG_stim_on.bdf,baseline,1,0.0,56.9375,triggers,0.003395622145805355,0.004822367241602621,0.13945525390300326,54,0.003395622145805355,54
HG209,AD,P1,Phase1_AD_EEG/HG209_EEG/HG209_EEG_stim_on.bdf,periodic_AV,1,56.9375,116.46875,triggers,0.48404371783125066,-0.02270938825886243,0.5547191221567294,58,0.48404371783125066,58
HG209,AD,P1,Phase1_AD_EEG/HG209_EEG/HG209_EEG_stim_on.bdf,baseline,2,116.46875,175.2578125,triggers,-0.010878360280754437,0.16501664923653508,0.08525729513048248,55,-0.010878360280754437,55
HG209,AD,P1,Phase1_AD_EEG/HG209_EEG/HG209_EEG_stim_on.bdf,constant_V,1,175.2578125,237.9375,triggers,-0.14121720426515116,0.00020084331325082028,0.0786189951961392,61,-0.17118848620812654,58
HG209,AD,P1,Phase1_AD_EEG/HG209_EEG/HG209_EEG_stim_on.bdf,baseline,3,237.9375,295.859375,triggers,-0.06701884498340184,-0.0056192321564304815,0.07033538100171376,56,-0.06701884498340184,56
HG209,AD,P1,Phase1_AD_EEG/HG209_EEG/HG209_EEG_stim_on.bdf,constant_AV,1,295.859375,357.65625,triggers,0.0784621226074069,-0.12026696106620087,0.19123041564152696,60,0.07019532243041539,58
HG209,AD,P1,Phase1_AD_EEG/HG209_EEG/HG209_EEG_stim_on.bdf,baseline,4,357.65625,421.203125,triggers,-0.10438054397702941,-0.08922240877659443,0.07881370630276054,61,-0.1073707059492887,58
HG209,AD,P1,Phase1_AD_EEG/HG209_EEG/HG209_EEG_stim_on.bdf,constant_A,1,421.203125,480.484375,triggers,-0.025269358646357293,0.039867031006249165,0.09158532995459732,53,-0.025269358646357293,53
HG209,AD,P1,Phase1_AD_EEG/HG209_EEG/HG209_EEG_stim_on.bdf,baseline,5,480.484375,540.125,triggers,0.056898630215635126,-0.07266710378964347,0.14178566889321417,58,0.056898630215635126,58
HG209,AD,P1,Phase1_AD_EEG/HG209_EEG/HG209_EEG_stim_on.bdf,periodic_A,1,540.125,601.453125,triggers,0.24447212445003647,0.11711719295440742,0.3489870696692396,58,0.24447212445003647,58
HG209,AD,P1,Phase1_AD_EEG/HG209_EEG/HG209_EEG_stim_on.bdf,baseline,6,601.453125,654.71875,triggers,-0.007616742973634905,-0.018566013770387024,0.14194462584469578,42,-0.007616742973634905,42
HG209,AD,P1,Phase1_AD_EEG/HG209_EEG/HG209_EEG_stim_on.bdf,periodic_V,1,654.71875,717.453125,triggers,0.004636397663718886,-0.005428713424239909,0.11973477855280253,61,-0.000798888817465232,58
HG209,AD,P1,Phase1_AD_EEG/HG209_EEG/HG209_EEG_stim_on.bdf,baseline,7,717.453125,780.0,triggers,0.1218589907073801,0.02002483723909429,0.2160315609088402,59,0.1316329454172309,58
HG210,AD,P1,Phase1_AD_EEG/HG210_EEG/HG210_EEG_stim_on.bdf,baseline,1,0.0,55.1640625,triggers,0.06067966779885045,-0.05928444244106631,0.1991594255926328,48,0.06067966779885045,48
HG210,AD,P1,Phase1_AD_EEG/HG210_EEG/HG210_EEG_stim_on.bdf,periodic_V,1,55.1640625,115.859375,triggers,0.29682528708548633,-0.12335064596175974,0.3923489643445192,59,0.2889639655251638,58
HG210,AD,P1,Phase1_AD_EEG/HG210_EEG/HG210_EEG_stim_on.bdf,baseline,2,115.859375,175.390625,triggers,0.040033030644834613,-0.0662187728892194,0.14902574346535616,54,0.040033030644834613,54
HG210,AD,P1,Phase1_AD_EEG/HG210_EEG/HG210_EEG_stim_on.bdf,periodic_AV,1,175.390625,236.9375,triggers,0.3695310973068154,0.04981592413377478,0.43794523213303493,57,0.3695310973068154,57
HG210,AD,P1,Phase1_AD_EEG/HG210_EEG/HG210_EEG_stim_on.bdf,baseline,3,236.9375,300.828125,triggers,-0.07622898213423336,-0.008391207601056827,0.014767496973953631,58,-0.07622898213423336,58
HG210,AD,P1,Phase1_AD_EEG/HG210_EEG/HG210_EEG_stim_on.bdf,periodic_A,1,300.828125,360.408203125,triggers,0.17172593438273165,0.07090383739333044,0.24530003676942813,50,0.17172593438273165,50
HG210,AD,P1,Phase1_AD_EEG/HG210_EEG/HG210_EEG_stim_on.bdf,baseline,4,360.408203125,421.421875,triggers,-0.016304831952567614,0.003309066546980516,0.09693344668386698,56,-0.016304831952567614,56
HG210,AD,P1,Phase1_AD_EEG/HG210_EEG/HG210_EEG_stim_on.bdf,constant_A,1,421.421875,480.546875,triggers,-0.10346908425579118,-0.05643084155002025,0.04922147177673791,45,-0.10346908425579118,45
HG210,AD,P1,Phase1_AD_EEG/HG210_EEG/HG210_EEG_stim_on.bdf,baseline,5,480.546875,534.953125,triggers,-0.053101158492395606,-0.04558143819202329,0.17535731116587963,42,-0.053101158492395606,42
HG210,AD,P1,Phase1_AD_EEG/HG210_EEG/HG210_EEG_stim_on.bdf,constant_AV,1,534.953125,597.5625,triggers,-0.06265643780869173,0.03438699585024313,0.05466585497827836,42,-0.06265643780869173,42
HG210,AD,P1,Phase1_AD_EEG/HG210_EEG/HG210_EEG_stim_on.bdf,baseline,6,597.5625,657.546875,triggers,-0.006947048515950377,0.020399444332578315,0.21828010039844234,41,-0.006947048515950377,41
HG210,AD,P1,Phase1_AD_EEG/HG210_EEG/HG210_EEG_stim_on.bdf,constant_V,1,657.546875,718.9375,triggers,0.05309170523373877,-0.012871017251907924,0.17256216651218442,43,0.05309170523373877,43
HG210,AD,P1,Phase1_AD_EEG/HG210_EEG/HG210_EEG_stim_on.bdf,baseline,7,718.9375,780.0,triggers,0.0003302119369322509,-0.09314437693712835,0.14895916272546325,49,0.0003302119369322509,49
HG211,AD,P1,Phase1_AD_EEG/HG211_EEG/HG211_EEG_stim_on.bdf,baseline,1,0.0,56.65625,triggers,-0.09092428516038872,0.0463647442859582,0.05103600794733096,55,-0.09092428516038872,55
HG211,AD,P1,Phase1_AD_EEG/HG211_EEG/HG211_EEG_stim_on.bdf,constant_AV,1,56.65625,117.421875,triggers,-0.08154658745944472,0.008034502429443188,0.0293799990887664,59,-0.09154390210316335,58
HG211,AD,P1,Phase1_AD_EEG/HG211_EEG/HG211_EEG_stim_on.bdf,baseline,2,117.421875,176.265625,triggers,0.07661526443070203,0.022442258583142596,0.18133095544533862,57,0.07661526443070203,57
HG211,AD,P1,Phase1_AD_EEG/HG211_EEG/HG211_EEG_stim_on.bdf,periodic_V,1,176.265625,238.28125,triggers,0.39342472669986034,-0.05547720001750535,0.4899892826942426,60,0.43524696011349373,58
HG211,AD,P1,Phase1_AD_EEG/HG211_EEG/HG211_EEG_stim_on.bdf,baseline,3,238.28125,295.296875,triggers,-0.060611157345071505,-0.012544528636386998,0.038950359344278214,54,-0.060611157345071505,54
HG211,AD,P1,Phase1_AD_EEG/HG211_EEG/HG211_EEG_stim_on.bdf,periodic_AV,1,295.296875,358.59375,triggers,0.5945747603453102,0.0544444364490374,0.6781469108005806,61,0.6038722070239766,58
HG211,AD,P1,Phase1_AD_EEG/HG211_EEG/HG211_EEG_stim_on.bdf,baseline,4,358.59375,417.109375,triggers,0.035049855621882814,-0.10781485283700037,0.13814789058549282,57,0.035049855621882814,57
HG211,AD,P1,Phase1_AD_EEG/HG211_EEG/HG211_EEG_stim_on.bdf,constant_V,1,417.109375,479.8125,triggers,0.048258864815907465,0.022706625368424244,0.1556191838390462,61,0.06431301913750315,58
HG211,AD,P1,Phase1_AD_EEG/HG211_EEG/HG211_EEG_stim_on.bdf,baseline,5,479.8125,541.140625,triggers,0.134271308689563,-0.045758242143231334,0.28961433906747636,59,0.13227441563986353,58
HG211,AD,P1,Phase1_AD_EEG/HG211_EEG/HG211_EEG_stim_on.bdf,periodic_A,1,541.140625,600.375,triggers,0.8306021656560333,-0.06527690097456616,0.9148304882919694,57,0.8306021656560333,57
HG211,AD,P1,Phase1_AD_EEG/HG211_EEG/HG211_EEG_stim_on.bdf,baseline,6,600.375,659.1640625,triggers,0.055925416188640775,0.13491422715919993,0.16790045644444335,57,0.055925416188640775,57
HG211,AD,P1,Phase1_AD_EEG/HG211_EEG/HG211_EEG_stim_on.bdf,constant_A,1,659.1640625,721.390625,triggers,-0.05970650840857464,-0.03530720773888699,0.08492513778923436,60,-0.07575806781391516,58
HG211,AD,P1,Phase1_AD_EEG/HG211_EEG/HG211_EEG_stim_on.bdf,baseline,7,721.390625,780.0,triggers,0.08898465313096232,0.01846128497930527,0.22553875200000317,57,0.08898465313096232,57
HG212,AD,P1,Phase1_AD_EEG/HG212_EEG/HG212_EEG_stim_on.bdf,baseline,1,0.0,58.96875,triggers,0.035076414445709914,0.09710173439181985,0.12801318407363566,56,0.035076414445709914,56
HG212,AD,P1,Phase1_AD_EEG/HG212_EEG/HG212_EEG_stim_on.bdf,periodic_A,1,58.96875,120.953125,triggers,0.35874805171424434,0.013755760004349249,0.47696944447548884,57,0.35874805171424434,57
HG212,AD,P1,Phase1_AD_EEG/HG212_EEG/HG212_EEG_stim_on.bdf,baseline,2,120.953125,174.515625,triggers,0.11592402937730889,-0.014144298997434898,0.24594407475342706,52,0.11592402937730889,52
HG212,AD,P1,Phase1_AD_EEG/HG212_EEG/HG212_EEG_stim_on.bdf,periodic_V,1,174.515625,236.59375,triggers,0.10236681724592894,0.032441709451480685,0.19246139569189896,60,0.08758047895877416,58
HG212,AD,P1,Phase1_AD_EEG/HG212_EEG/HG212_EEG_stim_on.bdf,baseline,3,236.59375,295.546875,triggers,-0.10815920112384876,-0.012302566245089061,0.032142955255760206,57,-0.10815920112384876,57
HG212,AD,P1,Phase1_AD_EEG/HG212_EEG/HG212_EEG_stim_on.bdf,periodic_AV,1,295.546875,356.453125,triggers,0.327592183549833,-0.10927132584258245,0.4516418694096624,58,0.327592183549833,58
HG212,AD,P1,Phase1_AD_EEG/HG212_EEG/HG212_EEG_stim_on.bdf,baseline,4,356.453125,420.875,triggers,-0.12836896275638843,0.020104034138734392,0.04057882182063994,62,-0.14054817749902487,58
HG212,AD,P1,Phase1_AD_EEG/HG212_EEG/HG212_EEG_stim_on.bdf,constant_A,1,420.875,480.390625,triggers,-0.03753941150249679,-0.06085390127578382,0.0551064464268789,58,-0.03753941150249679,58
HG212,AD,P1,Phase1_AD_EEG/HG212_EEG/HG212_EEG_stim_on.bdf,baseline,5,480.390625,535.34375,triggers,-0.11545407842858363,-0.16051517235896845,0.06113868807818735,51,-0.11545407842858363,51
HG212,AD,P1,Phase1_AD_EEG/HG212_EEG/HG212_EEG_stim_on.bdf,constant_V,1,535.34375,597.390625,triggers,0.00767586435773291,-0.05460540764644596,0.06662070398903493,57,0.00767586435773291,57
HG212,AD,P1,Phase1_AD_EEG/HG212_EEG/HG212_EEG_stim_on.bdf,baseline,6,597.390625,657.0,triggers,-0.09499713297022283,0.0943860947886371,0.04475225528807905,57,-0.09499713297022283,57
HG212,AD,P1,Phase1_AD_EEG/HG212_EEG/HG212_EEG_stim_on.bdf,constant_AV,1,657.0,716.7578125,triggers,0.13324848349506108,-0.18376188672615118,0.20468917525494779,56,0.13324848349506108,56
HG212,AD,P1,Phase1_AD_EEG/HG212_EEG/HG212_EEG_stim_on.bdf,baseline,7,716.7578125,780.0,triggers,-0.05663634307003512,-0.030441378646190162,0.09878725587426301,61,-0.08111789283248391,58
HG213,AD,P1,Phase1_AD_EEG/HG213_EEG/HG213_EEG_stim_on.bdf,baseline,1,0.0,60.0,notes (triggers=0),0.03916262975669341,-0.08584645439156642,0.1490015620538311,58,0.03916262975669341,58
HG213,AD,P1,Phase1_AD_EEG/HG213_EEG/HG213_EEG_stim_on.bdf,periodic_AV,1,60.0,120.0,notes (triggers=0),0.2545361931348761,-0.04368983460737828,0.37147697688569387,58,0.2545361931348761,58
HG213,AD,P1,Phase1_AD_EEG/HG213_EEG/HG213_EEG_stim_on.bdf,baseline,2,120.0,180.0,notes (triggers=0),-0.044243969047560505,0.13261988324321855,0.11381421588939261,58,-0.044243969047560505,58
HG213,AD,P1,Phase1_AD_EEG/HG213_EEG/HG213_EEG_stim_on.bdf,periodic_V,1,180.0,240.0,notes (triggers=0),0.20717711220762253,0.0036315919669845376,0.2617752580218422,58,0.20717711220762253,58
HG213,AD,P1,Phase1_AD_EEG/HG213_EEG/HG213_EEG_stim_on.bdf,baseline,3,240.0,300.0,notes (triggers=0),0.11356799761622269,0.0751230506647759,0.23018667548102634,58,0.11356799761622269,58
HG213,AD,P1,Phase1_AD_EEG/HG213_EEG/HG213_EEG_stim_on.bdf,periodic_A,1,300.0,360.0,notes (triggers=0),0.38572313690680937,0.010579727761678148,0.5045786945846563,58,0.38572313690680937,58
HG213,AD,P1,Phase1_AD_EEG/HG213_EEG/HG213_EEG_stim_on.bdf,baseline,4,360.0,420.0,notes (triggers=0),-0.08386100281086592,0.14632048870793096,0.06879280530359633,57,-0.08386100281086592,57
HG213,AD,P1,Phase1_AD_EEG/HG213_EEG/HG213_EEG_stim_on.bdf,constant_V,1,420.0,480.0,notes (triggers=0),0.0025378082729716894,0.01146477873255694,0.12019693292662492,58,0.0025378082729716894,58
HG213,AD,P1,Phase1_AD_EEG/HG213_EEG/HG213_EEG_stim_on.bdf,baseline,5,480.0,540.0,notes (triggers=0),-0.05861173092871359,0.050462535270025005,0.09490645536809648,58,-0.05861173092871359,58
HG213,AD,P1,Phase1_AD_EEG/HG213_EEG/HG213_EEG_stim_on.bdf,constant_AV,1,540.0,600.0,notes (triggers=0),0.06307413784187435,-0.11922395717771962,0.17079181788512618,58,0.06307413784187435,58
HG213,AD,P1,Phase1_AD_EEG/HG213_EEG/HG213_EEG_stim_on.bdf,baseline,6,600.0,660.0,notes (triggers=0),-0.059766661775584436,-0.09388693527791124,0.05460481499771145,57,-0.059766661775584436,57
HG213,AD,P1,Phase1_AD_EEG/HG213_EEG/HG213_EEG_stim_on.bdf,constant_A,1,660.0,720.0,notes (triggers=0),0.0070423808593660375,0.018080796518474565,0.16734212351318895,58,0.0070423808593660375,58
HG213,AD,P1,Phase1_AD_EEG/HG213_EEG/HG213_EEG_stim_on.bdf,baseline,7,720.0,780.0,notes (triggers=0),0.05271012184149815,-0.07031330646727622,0.20923427493025792,58,0.05271012184149815,58
HG214,AD,P1,Phase1_AD_EEG/HG214_EEG/HG214_EEG_stim_on.bdf,baseline,1,0.0,60.84375,triggers,0.07619080114740198,-0.0799529207895812,0.1340051159891032,59,0.08244177028650884,58
HG214,AD,P1,Phase1_AD_EEG/HG214_EEG/HG214_EEG_stim_on.bdf,periodic_A,1,60.84375,121.328125,triggers,0.5821748373472909,-0.02472912168739308,0.642309883732504,58,0.5821748373472909,58
HG214,AD,P1,Phase1_AD_EEG/HG214_EEG/HG214_EEG_stim_on.bdf,baseline,2,121.328125,181.75,triggers,-0.008877606991686604,-0.09403094863693635,0.04071238881001853,58,-0.008877606991686604,58
HG214,AD,P1,Phase1_AD_EEG/HG214_EEG/HG214_EEG_stim_on.bdf,periodic_AV,1,181.75,246.890625,triggers,0.728304359882564,-0.09973279452303674,0.8329200949422151,63,0.7426100158914407,58
HG214,AD,P1,Phase1_AD_EEG/HG214_EEG/HG214_EEG_stim_on.bdf,baseline,3,246.890625,299.375,triggers,-0.017427120182051253,-0.005055519334461134,0.10067867859919727,50,-0.017427120182051253,50
HG214,AD,P1,Phase1_AD_EEG/HG214_EEG/HG214_EEG_stim_on.bdf,constant_A,1,299.375,360.359375,triggers,-0.014843757990002607,-0.03664504074279534,0.06982904339509523,59,-0.012335847752159304,58
HG214,AD,P1,Phase1_AD_EEG/HG214_EEG/HG214_EEG_stim_on.bdf,baseline,4,360.359375,422.65625,triggers,0.00973424930621894,-0.031252888512335125,0.11492380321434927,60,-0.013590732287334942,58
HG214,AD,P1,Phase1_AD_EEG/HG214_EEG/HG214_EEG_stim_on.bdf,constant_AV,1,422.65625,482.796875,triggers,0.03768824009163099,0.19908676214815277,0.1754180232662492,58,0.03768824009163099,58
HG214,AD,P1,Phase1_AD_EEG/HG214_EEG/HG214_EEG_stim_on.bdf,baseline,5,482.796875,540.90625,triggers,0.0005201524654871725,0.0005896604351291884,0.06776466478253468,56,0.0005201524654871725,56
HG214,AD,P1,Phase1_AD_EEG/HG214_EEG/HG214_EEG_stim_on.bdf,constant_V,1,540.90625,602.5234375,triggers,0.08210733416439153,-0.006655610905141912,0.18152801181175568,60,0.1059964148655959,58
HG214,AD,P1,Phase1_AD_EEG/HG214_EEG/HG214_EEG_stim_on.bdf,baseline,6,602.5234375,659.078125,triggers,0.13037952268859743,-0.07528059649539154,0.2773960041701219,55,0.13037952268859743,55
HG214,AD,P1,Phase1_AD_EEG/HG214_EEG/HG214_EEG_stim_on.bdf,periodic_V,1,659.078125,723.703125,triggers,0.5292815958874347,-0.03527634859840771,0.6915556364887103,63,0.5509159921580169,58
HG214,AD,P1,Phase1_AD_EEG/HG214_EEG/HG214_EEG_stim_on.bdf,baseline,7,723.703125,780.0,triggers,0.10685310349103262,0.057181161509684886,0.19808457252039832,53,0.10685310349103262,53
HG217,AD,P1,Phase1_AD_EEG/HG217_EEG/HG217_EEG_stim_on.bdf,baseline,1,0.0,60.765625,triggers,0.043185116383666844,-0.00877026323716576,0.20114048012542382,59,0.018245207684749187,58
HG217,AD,P1,Phase1_AD_EEG/HG217_EEG/HG217_EEG_stim_on.bdf,constant_A,1,60.765625,120.6875,triggers,0.04020736208181945,0.042768779560196264,0.1389139636893123,58,0.04020736208181945,58
HG217,AD,P1,Phase1_AD_EEG/HG217_EEG/HG217_EEG_stim_on.bdf,baseline,2,120.6875,178.09375,triggers,-0.10361851380565096,0.20531925172178273,0.04937886106428924,55,-0.10361851380565096,55
HG217,AD,P1,Phase1_AD_EEG/HG217_EEG/HG217_EEG_stim_on.bdf,constant_AV,1,178.09375,238.8671875,triggers,0.014066460925200447,0.02748767972931329,0.15228441556787795,59,0.00756054177278595,58
HG217,AD,P1,Phase1_AD_EEG/HG217_EEG/HG217_EEG_stim_on.bdf,baseline,3,238.8671875,299.515625,triggers,0.018353199967355058,-0.09820576223127352,0.10583644931280417,57,0.018353199967355058,57
HG217,AD,P1,Phase1_AD_EEG/HG217_EEG/HG217_EEG_stim_on.bdf,periodic_AV,1,299.515625,358.296875,triggers,0.34840622309918273,-0.04775954406997805,0.48619918283043917,57,0.34840622309918273,57
HG217,AD,P1,Phase1_AD_EEG/HG217_EEG/HG217_EEG_stim_on.bdf,baseline,4,358.296875,419.859375,triggers,0.011080432849681937,0.007845712955894535,0.12378707666008414,60,0.03822757501149861,58
HG217,AD,P1,Phase1_AD_EEG/HG217_EEG/HG217_EEG_stim_on.bdf,periodic_V,1,419.859375,478.859375,triggers,-0.04302715807543582,0.02697574540951367,0.06586158924245077,57,-0.04302715807543582,57
HG217,AD,P1,Phase1_AD_EEG/HG217_EEG/HG217_EEG_stim_on.bdf,baseline,5,478.859375,540.140625,triggers,-0.16527076282537517,0.10841752280503002,0.06430200019193837,59,-0.19021837338292977,58
HG217,AD,P1,Phase1_AD_EEG/HG217_EEG/HG217_EEG_stim_on.bdf,periodic_A,1,540.140625,600.375,triggers,0.3318737750320699,0.021161771520727374,0.38911861917400237,58,0.3318737750320699,58
HG217,AD,P1,Phase1_AD_EEG/HG217_EEG/HG217_EEG_stim_on.bdf,baseline,6,600.375,658.609375,triggers,0.010736637982876482,0.04897062635996456,0.11747735783348093,56,0.010736637982876482,56
HG217,AD,P1,Phase1_AD_EEG/HG217_EEG/HG217_EEG_stim_on.bdf,constant_V,1,658.609375,718.234375,triggers,-0.06448106483095623,0.014832894325646273,0.040746358329542605,58,-0.06448106483095623,58
HG217,AD,P1,Phase1_AD_EEG/HG217_EEG/HG217_EEG_stim_on.bdf,baseline,7,718.234375,780.421875,triggers,0.02052492078806918,-0.05043322545709499,0.12013871505355013,60,0.015841691892556756,58
HG217,AD,P1,Phase1_AD_EEG/HG217_EEG/HG217_EEG_stim_on.bdf,periodic_A,2,780.421875,840.34375,triggers,0.41459981923661454,0.04095920085022875,0.5274264577538635,58,0.41459981923661454,58
HG217,AD,P1,Phase1_AD_EEG/HG217_EEG/HG217_EEG_stim_on.bdf,baseline,8,840.34375,900.0,triggers,-0.0018734199280910774,-0.0015263183087542292,0.08046294529277921,58,-0.0018734199280910774,58
HG218,AD,P1,Phase1_AD_EEG/HG218_EEG/HG218_EEG_stim_on.bdf,baseline,1,0.0,61.1875,triggers,0.052754171780548836,-0.02195292538340643,0.21963640820566777,51,0.052754171780548836,51
HG218,AD,P1,Phase1_AD_EEG/HG218_EEG/HG218_EEG_stim_on.bdf,constant_A,1,61.1875,120.375,triggers,-0.0729414521267317,0.1548596470026114,0.07642445608230411,55,-0.0729414521267317,55
HG218,AD,P1,Phase1_AD_EEG/HG218_EEG/HG218_EEG_stim_on.bdf,baseline,2,120.375,179.71875,triggers,0.00538039395510434,0.04391829046277623,0.12165106892724287,57,0.00538039395510434,57
HG218,AD,P1,Phase1_AD_EEG/HG218_EEG/HG218_EEG_stim_on.bdf,periodic_V,1,179.71875,240.375,triggers,0.02827794699597866,0.047993106986301826,0.18259677400560567,59,0.012811521849077107,58
HG218,AD,P1,Phase1_AD_EEG/HG218_EEG/HG218_EEG_stim_on.bdf,baseline,3,240.375,300.90625,triggers,-0.0396500684475114,0.02094631090842293,0.04555959273826912,56,-0.0396500684475114,56
HG218,AD,P1,Phase1_AD_EEG/HG218_EEG/HG218_EEG_stim_on.bdf,constant_V,1,300.90625,359.921875,triggers,0.05362848477403792,0.03483035120799359,0.17237422247213896,57,0.05362848477403792,57
HG218,AD,P1,Phase1_AD_EEG/HG218_EEG/HG218_EEG_stim_on.bdf,baseline,4,359.921875,421.9375,triggers,0.18174826702021543,-0.06937419695484252,0.26287979177173165,56,0.18174826702021543,56
HG218,AD,P1,Phase1_AD_EEG/HG218_EEG/HG218_EEG_stim_on.bdf,periodic_A,1,421.9375,481.578125,triggers,0.16070858878647318,0.11218640417211174,0.28395892215225005,54,0.16070858878647318,54
HG218,AD,P1,Phase1_AD_EEG/HG218_EEG/HG218_EEG_stim_on.bdf,baseline,5,481.578125,542.3203125,triggers,-0.04641850984010453,0.08894370906267343,0.022595287015304395,56,-0.04641850984010453,56
HG218,AD,P1,Phase1_AD_EEG/HG218_EEG/HG218_EEG_stim_on.bdf,periodic_AV,1,542.3203125,599.96875,triggers,0.18571598704672654,-0.14261595070059557,0.30935353129392945,50,0.18571598704672654,50
HG218,AD,P1,Phase1_AD_EEG/HG218_EEG/HG218_EEG_stim_on.bdf,baseline,6,599.96875,660.0,triggers,0.11605897985623842,0.1310191030953527,0.26255630692984355,54,0.11605897985623842,54
HG218,AD,P1,Phase1_AD_EEG/HG218_EEG/HG218_EEG_stim_on.bdf,constant_AV,1,660.0,719.125,triggers,0.07734453853904467,-0.02518810583803617,0.16298866411523857,54,0.07734453853904467,54
HG218,AD,P1,Phase1_AD_EEG/HG218_EEG/HG218_EEG_stim_on.bdf,baseline,7,719.125,780.0,triggers,0.03973237845903857,-0.07383154712825661,0.21904567177828757,45,0.03973237845903857,45
HG219,AD,P1,Phase1_AD_EEG/HG219_EEG/HG219_EEG_stim_on.bdf,baseline,1,0.0,59.1875,triggers,-0.006006559257691668,-0.06602070236031389,0.07829933681466028,57,-0.006006559257691668,57
HG219,AD,P1,Phase1_AD_EEG/HG219_EEG/HG219_EEG_stim_on.bdf,constant_AV,1,59.1875,119.0,triggers,-0.061978370805504904,-0.09508934456517282,0.0715974538288607,58,-0.061978370805504904,58
HG219,AD,P1,Phase1_AD_EEG/HG219_EEG/HG219_EEG_stim_on.bdf,baseline,2,119.0,182.421875,triggers,0.0539883541552726,-0.01780766500553365,0.17378603233154397,61,0.08023036713965603,58
HG219,AD,P1,Phase1_AD_EEG/HG219_EEG/HG219_EEG_stim_on.bdf,periodic_A,1,182.421875,241.0625,triggers,0.2621393948343521,-0.13027155781528232,0.394070759546041,57,0.2621393948343521,57
HG219,AD,P1,Phase1_AD_EEG/HG219_EEG/HG219_EEG_stim_on.bdf,baseline,3,241.0625,300.421875,triggers,0.10053766447200094,0.14885400338148863,0.19482206857576376,56,0.10053766447200094,56
HG219,AD,P1,Phase1_AD_EEG/HG219_EEG/HG219_EEG_stim_on.bdf,periodic_AV,1,300.421875,360.984375,triggers,0.4306440597605024,-0.06817275291235396,0.5808558827945747,38,0.4306440597605024,38
HG219,AD,P1,Phase1_AD_EEG/HG219_EEG/HG219_EEG_stim_on.bdf,baseline,4,360.984375,423.5,triggers,-0.05988332439132617,-0.11750300141013466,0.09868538298211256,61,-0.07752980763754308,58
HG219,AD,P1,Phase1_AD_EEG/HG219_EEG/HG219_EEG_stim_on.bdf,constant_V,1,423.5,479.84375,triggers,-0.061663273716344696,0.048483472852829335,0.09561512542513936,51,-0.061663273716344696,51
HG219,AD,P1,Phase1_AD_EEG/HG219_EEG/HG219_EEG_stim_on.bdf,baseline,5,479.84375,540.890625,triggers,-0.08646224205916078,0.049055286473909165,0.04951118584413905,59,-0.0709664358124756,58
HG219,AD,P1,Phase1_AD_EEG/HG219_EEG/HG219_EEG_stim_on.bdf,periodic_V,1,540.890625,600.4453125,triggers,0.2263163109444532,-0.028270826917348526,0.2792160138548317,58,0.2263163109444532,58
HG219,AD,P1,Phase1_AD_EEG/HG219_EEG/HG219_EEG_stim_on.bdf,baseline,6,600.4453125,661.05859375,triggers,-0.02024517394435904,-0.07798627156377869,0.08807745129738155,59,3.102111772987359e-05,58
HG219,AD,P1,Phase1_AD_EEG/HG219_EEG/HG219_EEG_stim_on.bdf,constant_A,1,661.05859375,720.609375,triggers,0.04998205666015221,0.11194429558344315,0.13238597020415735,58,0.04998205666015221,58
HG219,AD,P1,Phase1_AD_EEG/HG219_EEG/HG219_EEG_stim_on.bdf,baseline,7,720.609375,780.0,triggers,-0.014791220277105374,0.058941483647934806,0.0787878234020961,57,-0.014791220277105374,57
HG221,AD,P1,Phase1_AD_EEG/HG221_EEG/HG221_EEG_stim_on.bdf,baseline,1,0.0,60.75,triggers,-0.15267013150719588,0.057017120644565766,0.020166179450654458,59,-0.15005133623574435,58
HG221,AD,P1,Phase1_AD_EEG/HG221_EEG/HG221_EEG_stim_on.bdf,constant_A,1,60.75,120.15625,triggers,0.007579024636139187,0.011866461793174354,0.16808420088414042,57,0.007579024636139187,57
HG221,AD,P1,Phase1_AD_EEG/HG221_EEG/HG221_EEG_stim_on.bdf,baseline,2,120.15625,179.84375,triggers,0.14721304785798134,-0.022490441126539182,0.328239404596373,58,0.14721304785798134,58
HG221,AD,P1,Phase1_AD_EEG/HG221_EEG/HG221_EEG_stim_on.bdf,periodic_AV,1,179.84375,240.609375,triggers,0.05350311898560736,-0.018124733301457543,0.15851619994199626,59,0.03968278474721307,58
HG221,AD,P1,Phase1_AD_EEG/HG221_EEG/HG221_EEG_stim_on.bdf,baseline,3,240.609375,299.953125,triggers,-0.056491555116483835,-0.1317264470754775,0.04129151755363779,57,-0.056491555116483835,57
HG221,AD,P1,Phase1_AD_EEG/HG221_EEG/HG221_EEG_stim_on.bdf,constant_AV,1,299.953125,359.015625,triggers,0.13919546639065417,-0.007207321676313924,0.20987801453796257,52,0.13919546639065417,52
HG221,AD,P1,Phase1_AD_EEG/HG221_EEG/HG221_EEG_stim_on.bdf,baseline,4,359.015625,423.125,triggers,0.06563742708237064,0.039695860962943974,0.24077586353997224,50,0.06563742708237064,50
HG221,AD,P1,Phase1_AD_EEG/HG221_EEG/HG221_EEG_stim_on.bdf,periodic_A,1,423.125,480.375,triggers,0.20317531805624794,0.15909803046917326,0.3165799974699152,50,0.20317531805624794,50
HG221,AD,P1,Phase1_AD_EEG/HG221_EEG/HG221_EEG_stim_on.bdf,baseline,5,480.375,539.84375,triggers,-0.07058978228760905,-0.035947033148567606,0.08228638497651923,57,-0.07058978228760905,57
HG221,AD,P1,Phase1_AD_EEG/HG221_EEG/HG221_EEG_stim_on.bdf,periodic_V,1,539.84375,599.703125,triggers,0.03992595151399744,-0.024098521083213663,0.20041463288379174,58,0.03992595151399744,58
HG221,AD,P1,Phase1_AD_EEG/HG221_EEG/HG221_EEG_stim_on.bdf,baseline,6,599.703125,658.3125,triggers,-0.06691511815681013,-0.08905274182628828,0.06921107279709383,46,-0.06691511815681013,46
HG221,AD,P1,Phase1_AD_EEG/HG221_EEG/HG221_EEG_stim_on.bdf,constant_V,1,658.3125,719.640625,triggers,-0.05172617175881275,0.05941101730184595,0.08402077292242877,57,-0.05172617175881275,57
HG221,AD,P1,Phase1_AD_EEG/HG221_EEG/HG221_EEG_stim_on.bdf,baseline,7,719.640625,780.0,triggers,0.03376771551430216,0.0876106108807014,0.13604842925719335,53,0.03376771551430216,53
E01,older_CN,P1,Phase1_CNControls_EEG/E01_EEG/E01_EEG_stim_on.bdf,baseline,1,0.0,58.703125,triggers,0.06859860853386585,-0.03480525384028296,0.2178079351139336,57,0.06859860853386585,57
E01,older_CN,P1,Phase1_CNControls_EEG/E01_EEG/E01_EEG_stim_on.bdf,random_V,1,58.703125,241.75,triggers,0.04587421845331141,0.022310872415941374,0.11011570602301488,181,0.12701417890573055,58
E01,older_CN,P1,Phase1_CNControls_EEG/E01_EEG/E01_EEG_stim_on.bdf,baseline,2,241.75,298.203125,triggers,0.06965064760664881,0.11516205935646158,0.13635494986365163,54,0.06965064760664881,54
E01,older_CN,P1,Phase1_CNControls_EEG/E01_EEG/E01_EEG_stim_on.bdf,periodic_V,1,298.203125,482.875,triggers,0.6794163329924807,-0.042714086770375276,0.7282181768391575,183,0.7236988685164931,58
E01,older_CN,P1,Phase1_CNControls_EEG/E01_EEG/E01_EEG_stim_on.bdf,baseline,3,482.875,539.625,triggers,-0.01815266179895597,0.04212883660896616,0.06718657973847161,54,-0.01815266179895597,54
E01,older_CN,P1,Phase1_CNControls_EEG/E01_EEG/E01_EEG_stim_on.bdf,random_AV,1,539.625,718.515625,triggers,-0.04661271972633686,-0.04438213462107021,0.017094091301765004,177,-0.031137110939529117,58
E01,older_CN,P1,Phase1_CNControls_EEG/E01_EEG/E01_EEG_stim_on.bdf,baseline,4,718.515625,780.46875,triggers,-0.016177843430822306,-0.11449696273448377,0.07271285111330117,60,-0.010467014705954528,58
E01,older_CN,P1,Phase1_CNControls_EEG/E01_EEG/E01_EEG_stim_on.bdf,periodic_A,1,780.46875,960.21875,triggers,0.8285202999382776,0.030667301934768812,0.8856249484725799,174,0.7723475139787908,58
E01,older_CN,P1,Phase1_CNControls_EEG/E01_EEG/E01_EEG_stim_on.bdf,baseline,5,960.21875,1020.125,triggers,0.005842540408006816,-0.050035757270595435,0.10431304443901619,55,0.005842540408006816,55
E01,older_CN,P1,Phase1_CNControls_EEG/E01_EEG/E01_EEG_stim_on.bdf,random_A,1,1020.125,1200.21875,triggers,0.05841210856430759,-0.04791998086617505,0.08792211879910315,178,-0.022099380180786624,58
E01,older_CN,P1,Phase1_CNControls_EEG/E01_EEG/E01_EEG_stim_on.bdf,baseline,6,1200.21875,1256.703125,triggers,-0.06056319939901125,-0.04767129629382798,0.05017422229929862,54,-0.06056319939901125,54
E01,older_CN,P1,Phase1_CNControls_EEG/E01_EEG/E01_EEG_stim_on.bdf,periodic_AV,1,1256.703125,1439.59375,triggers,0.7972318442719621,-0.014621453276431537,0.8819584649506106,178,0.8133138959425538,58
E01,older_CN,P1,Phase1_CNControls_EEG/E01_EEG/E01_EEG_stim_on.bdf,baseline,7,1439.59375,1500.0,triggers,-0.058537518989093734,0.03816754688705394,0.0433503728420096,58,-0.058537518989093734,58
E02,older_CN,P1,Phase1_CNControls_EEG/E02_EEG/E02_EEG_stim_on.bdf,baseline,1,0.0,60.3125,triggers,0.07308402936348787,0.11305036481320863,0.22820531919946904,57,0.07308402936348787,57
E02,older_CN,P1,Phase1_CNControls_EEG/E02_EEG/E02_EEG_stim_on.bdf,periodic_A,1,60.3125,240.15625,triggers,0.634154928232505,0.024717729192147805,0.6862389877007429,175,0.6158502244658421,58
E02,older_CN,P1,Phase1_CNControls_EEG/E02_EEG/E02_EEG_stim_on.bdf,baseline,2,240.15625,300.25,triggers,0.08954209876876204,0.052714498252547204,0.21316077598827216,56,0.08954209876876204,56
E02,older_CN,P1,Phase1_CNControls_EEG/E02_EEG/E02_EEG_stim_on.bdf,random_A,1,300.25,480.328125,triggers,0.024390101188513244,0.040650883077179754,0.10011420010126666,159,-0.08542048381214991,58
E02,older_CN,P1,Phase1_CNControls_EEG/E02_EEG/E02_EEG_stim_on.bdf,baseline,3,480.328125,539.03125,triggers,-0.08116272154295531,0.04089403360885108,0.07401396249735964,47,-0.08116272154295531,47
E02,older_CN,P1,Phase1_CNControls_EEG/E02_EEG/E02_EEG_stim_on.bdf,random_V,1,539.03125,721.125,triggers,0.008500357369716868,-0.017996890403303302,0.08456263586057693,179,0.02826372539970741,58
E02,older_CN,P1,Phase1_CNControls_EEG/E02_EEG/E02_EEG_stim_on.bdf,baseline,4,721.125,779.0,triggers,-0.050432554764495596,0.16024633097755198,0.12993851841863924,53,-0.050432554764495596,53
E02,older_CN,P1,Phase1_CNControls_EEG/E02_EEG/E02_EEG_stim_on.bdf,random_AV,1,779.0,963.115234375,triggers,0.05955301050646794,-0.027863421763933506,0.11429811270057835,164,0.024045109921302057,58
E02,older_CN,P1,Phase1_CNControls_EEG/E02_EEG/E02_EEG_stim_on.bdf,baseline,5,963.115234375,1018.38671875,triggers,0.15806863314801856,0.22920374514586458,0.25376187875758577,45,0.15806863314801856,45
E02,older_CN,P1,Phase1_CNControls_EEG/E02_EEG/E02_EEG_stim_on.bdf,periodic_V,1,1018.38671875,1200.328125,triggers,0.34166829756518785,-0.03662572020044093,0.39246587931825355,165,0.0513174084644247,58
E02,older_CN,P1,Phase1_CNControls_EEG/E02_EEG/E02_EEG_stim_on.bdf,baseline,6,1200.328125,1258.0625,triggers,-0.04666997008774622,0.06492806318604899,0.08170903025993904,51,-0.04666997008774622,51
E02,older_CN,P1,Phase1_CNControls_EEG/E02_EEG/E02_EEG_stim_on.bdf,periodic_AV,1,1258.0625,1442.3125,triggers,0.5758497662490571,0.04898967243358081,0.6293087831284119,165,0.40199072367766814,58
E02,older_CN,P1,Phase1_CNControls_EEG/E02_EEG/E02_EEG_stim_on.bdf,baseline,7,1442.3125,1500.0,triggers,0.16560730961571732,0.06679282346757326,0.32292120149869613,56,0.16560730961571732,56
E03,older_CN,P1,Phase1_CNControls_EEG/E03_EEG/E03_EEG_stim_on.bdf,baseline,1,0.0,60.09375,triggers,-0.052796265428600025,-0.01248589855873232,0.06931801782627503,58,-0.052796265428600025,58
E03,older_CN,P1,Phase1_CNControls_EEG/E03_EEG/E03_EEG_stim_on.bdf,random_V,1,60.09375,242.28125,triggers,-0.05469589159439092,0.05258517871267823,0.02120581601318519,177,-0.07934203541924062,58
E03,older_CN,P1,Phase1_CNControls_EEG/E03_EEG/E03_EEG_stim_on.bdf,baseline,2,242.28125,300.296875,triggers,-0.018531615048251127,0.031385479281931805,0.12975384730665182,55,-0.018531615048251127,55
E03,older_CN,P1,Phase1_CNControls_EEG/E03_EEG/E03_EEG_stim_on.bdf,random_AV,1,300.296875,479.5,triggers,0.0011845830754672465,0.02396521866849294,0.07245520589699377,177,-0.059315282714454715,58
E03,older_CN,P1,Phase1_CNControls_EEG/E03_EEG/E03_EEG_stim_on.bdf,baseline,3,479.5,540.25,triggers,-0.17807018389519363,0.004669765837844231,0.03704263137564802,59,-0.16809813506880672,58
E03,older_CN,P1,Phase1_CNControls_EEG/E03_EEG/E03_EEG_stim_on.bdf,random_A,1,540.25,720.40625,triggers,-0.004364433979492502,0.01469873273399,0.06315715460135271,174,0.12596198436629671,58
E03,older_CN,P1,Phase1_CNControls_EEG/E03_EEG/E03_EEG_stim_on.bdf,baseline,4,720.40625,780.328125,triggers,-0.014924529362321401,-0.04914884685354024,0.11759191737930162,58,-0.014924529362321401,58
E03,older_CN,P1,Phase1_CNControls_EEG/E03_EEG/E03_EEG_stim_on.bdf,periodic_A,1,780.328125,960.296875,triggers,0.36557938468386386,-0.03546705197009942,0.4058172666196622,176,0.3740531508802948,58
E03,older_CN,P1,Phase1_CNControls_EEG/E03_EEG/E03_EEG_stim_on.bdf,baseline,5,960.296875,1019.453125,triggers,0.1481779892386942,-0.055263364950735805,0.28730906412454427,57,0.1481779892386942,57
E03,older_CN,P1,Phase1_CNControls_EEG/E03_EEG/E03_EEG_stim_on.bdf,periodic_AV,1,1019.453125,1199.5625,triggers,0.3390198691097661,0.03755410399819349,0.42341312955840804,178,0.3696654865989719,58
E03,older_CN,P1,Phase1_CNControls_EEG/E03_EEG/E03_EEG_stim_on.bdf,baseline,6,1199.5625,1259.25,triggers,0.028787877433103126,0.009084564667130285,0.11177602796995946,58,0.028787877433103126,58
E03,older_CN,P1,Phase1_CNControls_EEG/E03_EEG/E03_EEG_stim_on.bdf,periodic_V,1,1259.25,1439.15625,triggers,0.16652382889624032,-0.017063610448357643,0.24599180482333394,178,0.42009443854548034,58
E03,older_CN,P1,Phase1_CNControls_EEG/E03_EEG/E03_EEG_stim_on.bdf,baseline,7,1439.15625,1500.0,triggers,-0.058056084654604295,0.029317701514945962,0.15527578978190526,58,-0.058056084654604295,58
E04,older_CN,P1,Phase1_CNControls_EEG/E04_EEG/E04_EEG_stim_on.bdf,baseline,1,0.0,59.15625,triggers,0.07956720054552215,0.046189039947593116,0.17243108403256177,57,0.07956720054552215,57
E04,older_CN,P1,Phase1_CNControls_EEG/E04_EEG/E04_EEG_stim_on.bdf,periodic_AV,1,59.15625,237.875,triggers,0.8168543122321142,0.09865235937709868,0.8810032249684083,175,0.825976077465454,58
E04,older_CN,P1,Phase1_CNControls_EEG/E04_EEG/E04_EEG_stim_on.bdf,baseline,2,237.875,299.75,triggers,-0.043815794835964234,-0.013719779520757744,0.14801212420803936,59,-0.03397373819513605,58
E04,older_CN,P1,Phase1_CNControls_EEG/E04_EEG/E04_EEG_stim_on.bdf,random_V,1,299.75,479.46875,triggers,0.0597609090078158,0.04492210213920035,0.1181898495039796,176,-0.04280650412981367,58
E04,older_CN,P1,Phase1_CNControls_EEG/E04_EEG/E04_EEG_stim_on.bdf,baseline,3,479.46875,538.390625,triggers,-0.1345993209442639,-0.02678969135314243,0.034527608021678875,56,-0.1345993209442639,56
E04,older_CN,P1,Phase1_CNControls_EEG/E04_EEG/E04_EEG_stim_on.bdf,random_AV,1,538.390625,719.296875,triggers,-0.0056619957654817366,-0.013619668739880159,0.09987637694545658,177,-0.09686331162016523,58
E04,older_CN,P1,Phase1_CNControls_EEG/E04_EEG/E04_EEG_stim_on.bdf,baseline,4,719.296875,780.296875,triggers,0.0815140139336531,-0.015954413281777227,0.21815116016376893,43,0.0815140139336531,43
E04,older_CN,P1,Phase1_CNControls_EEG/E04_EEG/E04_EEG_stim_on.bdf,periodic_V,1,780.296875,960.828125,triggers,0.43415038346785056,0.07719462914814046,0.4709329224271,178,0.5484975926980611,58
E04,older_CN,P1,Phase1_CNControls_EEG/E04_EEG/E04_EEG_stim_on.bdf,baseline,5,960.828125,1020.34375,triggers,-0.02094401556756076,-0.06809981651741322,0.07922763994933245,57,-0.02094401556756076,57
E04,older_CN,P1,Phase1_CNControls_EEG/E04_EEG/E04_EEG_stim_on.bdf,random_A,1,1020.34375,1200.3125,triggers,-0.08448932703017983,0.07888636913599378,0.01690726891379935,171,-0.09243467110343886,58
E04,older_CN,P1,Phase1_CNControls_EEG/E04_EEG/E04_EEG_stim_on.bdf,baseline,6,1200.3125,1260.34375,triggers,-0.023930487859093047,-0.01306174533690592,0.10236801375276278,56,-0.023930487859093047,56
E04,older_CN,P1,Phase1_CNControls_EEG/E04_EEG/E04_EEG_stim_on.bdf,periodic_A,1,1260.34375,1440.484375,triggers,0.5639289280636085,-0.05503189622037978,0.6241594191271098,174,0.47463438567435295,58
E04,older_CN,P1,Phase1_CNControls_EEG/E04_EEG/E04_EEG_stim_on.bdf,baseline,7,1440.484375,1500.0,triggers,-0.0043814088002278595,-0.05795417123620206,0.09669862211120756,58,-0.0043814088002278595,58
E05,older_CN,P1,Phase1_CNControls_EEG/E05_EEG/E05_EEG_stim_on.bdf,baseline,1,0.0,60.0,notes (triggers=12),0.05718067789078894,0.014137190362906574,0.15372526901560343,58,0.05718067789078894,58
E05,older_CN,P1,Phase1_CNControls_EEG/E05_EEG/E05_EEG_stim_on.bdf,random_A,1,60.0,240.0,notes (triggers=12),-0.007300334297979091,-0.0032072259033405215,0.06447481934166331,178,-0.02892343527299425,58
E05,older_CN,P1,Phase1_CNControls_EEG/E05_EEG/E05_EEG_stim_on.bdf,baseline,2,240.0,300.0,notes (triggers=12),0.025012652056612225,-0.06410799769037337,0.1265662184523791,58,0.025012652056612225,58
E05,older_CN,P1,Phase1_CNControls_EEG/E05_EEG/E05_EEG_stim_on.bdf,random_V,1,300.0,480.0,notes (triggers=12),-0.053091685666697974,-0.019925100768930164,0.03331083569482218,177,-0.09474874592164989,58
E05,older_CN,P1,Phase1_CNControls_EEG/E05_EEG/E05_EEG_stim_on.bdf,baseline,3,480.0,540.0,notes (triggers=12),0.1463581106333927,0.07726493420437869,0.2426954283463518,57,0.1463581106333927,57
E05,older_CN,P1,Phase1_CNControls_EEG/E05_EEG/E05_EEG_stim_on.bdf,random_AV,1,540.0,720.0,notes (triggers=12),-0.022397850230248276,0.04846717554645384,0.09420069235531132,174,-0.0027692138100109676,58
E05,older_CN,P1,Phase1_CNControls_EEG/E05_EEG/E05_EEG_stim_on.bdf,baseline,4,720.0,780.0,notes (triggers=12),-0.11249988368217234,0.09101677719700402,0.08726158108821996,58,-0.11249988368217234,58
E05,older_CN,P1,Phase1_CNControls_EEG/E05_EEG/E05_EEG_stim_on.bdf,periodic_A,1,780.0,960.0,notes (triggers=12),0.7796051861829957,0.024816030562870545,0.8784328712368965,178,0.7983727343919802,58
E05,older_CN,P1,Phase1_CNControls_EEG/E05_EEG/E05_EEG_stim_on.bdf,baseline,5,960.0,1020.0,notes (triggers=12),-0.038214699056882136,0.056234154438487435,0.0449362259711776,58,-0.038214699056882136,58
E05,older_CN,P1,Phase1_CNControls_EEG/E05_EEG/E05_EEG_stim_on.bdf,periodic_V,1,1020.0,1200.0,notes (triggers=12),0.20937461242315464,-0.018142414421355217,0.2454896840994212,175,0.19781126412034206,58
E05,older_CN,P1,Phase1_CNControls_EEG/E05_EEG/E05_EEG_stim_on.bdf,baseline,6,1200.0,1260.0,notes (triggers=12),0.003521404228856259,-0.10121798941644472,0.07850894656950323,58,0.003521404228856259,58
E05,older_CN,P1,Phase1_CNControls_EEG/E05_EEG/E05_EEG_stim_on.bdf,periodic_AV,1,1260.0,1440.0,notes (triggers=12),0.5804810672127274,0.00651541262428855,0.6659338111161719,175,0.6537740727577921,58
E05,older_CN,P1,Phase1_CNControls_EEG/E05_EEG/E05_EEG_stim_on.bdf,baseline,7,1440.0,1499.0,notes (triggers=12),0.08819866033277163,-0.008231240295591788,0.17814318913384466,57,0.08819866033277163,57
E06,older_CN,P1,Phase1_CNControls_EEG/E06_EEG/E06_EEG_stim_on.bdf,baseline,1,0.0,60.0,notes (triggers=7),0.006128317003351105,0.11246302965033134,0.11984704589704705,55,0.006128317003351105,55
E06,older_CN,P1,Phase1_CNControls_EEG/E06_EEG/E06_EEG_stim_on.bdf,random_AV,1,60.0,240.0,notes (triggers=7),0.14337122110213907,-0.02514083889134279,0.1957722196890572,175,-0.012234589674413335,58
E06,older_CN,P1,Phase1_CNControls_EEG/E06_EEG/E06_EEG_stim_on.bdf,baseline,2,240.0,300.0,notes (triggers=7),0.017437050984192612,0.010467311426928985,0.11565624849610553,53,0.017437050984192612,53
E06,older_CN,P1,Phase1_CNControls_EEG/E06_EEG/E06_EEG_stim_on.bdf,random_V,1,300.0,480.0,notes (triggers=7),0.513614784799924,-0.025627651615146817,0.5967509577663818,176,0.47131937842722177,58
E06,older_CN,P1,Phase1_CNControls_EEG/E06_EEG/E06_EEG_stim_on.bdf,baseline,3,480.0,540.0,notes (triggers=7),-0.08284389264064806,-0.024665086235540777,0.09863771119370696,58,-0.08284389264064806,58
E06,older_CN,P1,Phase1_CNControls_EEG/E06_EEG/E06_EEG_stim_on.bdf,random_A,1,540.0,720.0,notes (triggers=7),0.2552458434837678,0.03701344342496693,0.3358819724715111,174,0.39505060956386684,58
E06,older_CN,P1,Phase1_CNControls_EEG/E06_EEG/E06_EEG_stim_on.bdf,baseline,4,720.0,780.0,notes (triggers=7),0.007401083894189989,-0.0765333170613113,0.1301160230078312,53,0.007401083894189989,53
E07,older_CN,P1,Phase1_CNControls_EEG/E07_EEG/E07_EEG_stim_on.bdf,baseline,1,0.0,60.203125,triggers,0.013336348051854602,0.0006089956375765898,0.17216220087514048,58,0.013336348051854602,58
E07,older_CN,P1,Phase1_CNControls_EEG/E07_EEG/E07_EEG_stim_on.bdf,random_A,1,60.203125,240.34375,triggers,-0.023164057400705138,0.003674570379273795,0.018171461598719102,178,-0.0029083492164047875,58
E07,older_CN,P1,Phase1_CNControls_EEG/E07_EEG/E07_EEG_stim_on.bdf,baseline,2,240.34375,294.015625,triggers,0.018109589459218978,-0.014069684111285868,0.13861738155123035,48,0.018109589459218978,48
E07,older_CN,P1,Phase1_CNControls_EEG/E07_EEG/E07_EEG_stim_on.bdf,random_AV,1,294.015625,477.421875,triggers,0.010756929390937794,0.002087582429764423,0.0908911235763177,181,-0.04608609389407406,58
E07,older_CN,P1,Phase1_CNControls_EEG/E07_EEG/E07_EEG_stim_on.bdf,baseline,3,477.421875,540.375,triggers,0.036318468719582,-0.05916786505720051,0.12371738638225696,58,0.036318468719582,58
E07,older_CN,P1,Phase1_CNControls_EEG/E07_EEG/E07_EEG_stim_on.bdf,periodic_A,1,540.375,720.40625,triggers,0.7262174497693331,-0.03553655763010097,0.7987634065908396,175,0.6649353510260264,58
E07,older_CN,P1,Phase1_CNControls_EEG/E07_EEG/E07_EEG_stim_on.bdf,baseline,4,720.40625,774.875,triggers,-0.06723142238454023,0.07377334206705358,0.09480590736183124,51,-0.06723142238454023,51
E07,older_CN,P1,Phase1_CNControls_EEG/E07_EEG/E07_EEG_stim_on.bdf,periodic_AV,1,774.875,956.828125,triggers,0.753651847567633,-0.04390293516405032,0.8389536465981897,180,0.6368768066289479,58
E07,older_CN,P1,Phase1_CNControls_EEG/E07_EEG/E07_EEG_stim_on.bdf,baseline,5,956.828125,1017.65625,triggers,0.009550273327681241,-0.05212473432203957,0.1823039652839474,56,0.009550273327681241,56
E07,older_CN,P1,Phase1_CNControls_EEG/E07_EEG/E07_EEG_stim_on.bdf,random_V,1,1017.65625,1199.5,triggers,-0.01243337614333851,-0.021998333848089163,0.0243970567405263,180,0.019632859448549075,58
E07,older_CN,P1,Phase1_CNControls_EEG/E07_EEG/E07_EEG_stim_on.bdf,baseline,6,1199.5,1256.6875,triggers,0.01485091803023346,0.12670773003195893,0.1147296952897877,54,0.01485091803023346,54
E07,older_CN,P1,Phase1_CNControls_EEG/E07_EEG/E07_EEG_stim_on.bdf,periodic_V,1,1256.6875,1436.484375,triggers,0.3292765662423552,-0.02877065618551044,0.3822674166479867,177,0.3283512850220392,58
E07,older_CN,P1,Phase1_CNControls_EEG/E07_EEG/E07_EEG_stim_on.bdf,baseline,7,1436.484375,1500.0,triggers,-0.02004770482198119,0.013362397601283077,0.12462082248606028,62,-0.037942932351209296,58
E09,older_CN,P1,Phase1_CNControls_EEG/E09_EEG/E09_EEG_stim_on.bdf,baseline,1,0.0,60.328125,triggers,-0.0021256358798316805,-0.0902283103980804,0.06998718855168942,57,-0.0021256358798316805,57
E09,older_CN,P1,Phase1_CNControls_EEG/E09_EEG/E09_EEG_stim_on.bdf,periodic_A,1,60.328125,240.359375,triggers,0.6380885678926072,0.009360200252757161,0.7055630816836143,174,0.6184549631148882,58
E09,older_CN,P1,Phase1_CNControls_EEG/E09_EEG/E09_EEG_stim_on.bdf,baseline,2,240.359375,296.328125,triggers,0.057391864488334235,-0.002090290895745292,0.16212617210958,54,0.057391864488334235,54
E09,older_CN,P1,Phase1_CNControls_EEG/E09_EEG/E09_EEG_stim_on.bdf,periodic_AV,1,296.328125,477.46875,triggers,0.6604234856135699,-0.03952886014932402,0.7258516830605701,171,0.6466145518442121,58
E09,older_CN,P1,Phase1_CNControls_EEG/E09_EEG/E09_EEG_stim_on.bdf,baseline,3,477.46875,535.703125,triggers,0.0644394816694315,0.041581367153632975,0.1729130400204573,52,0.0644394816694315,52
E09,older_CN,P1,Phase1_CNControls_EEG/E09_EEG/E09_EEG_stim_on.bdf,random_AV,1,535.703125,718.234375,triggers,0.01548318342534278,-0.02733467500582168,0.04930099026046518,172,0.0011275085821473435,58
E09,older_CN,P1,Phase1_CNControls_EEG/E09_EEG/E09_EEG_stim_on.bdf,baseline,4,718.234375,776.71875,triggers,0.09175569345455366,-0.15368871572792564,0.20131439719669944,55,0.09175569345455366,55
E09,older_CN,P1,Phase1_CNControls_EEG/E09_EEG/E09_EEG_stim_on.bdf,random_V,1,776.71875,958.109375,triggers,0.024317348238138345,0.08261530646241286,0.08341251498209344,172,-0.057946574092657924,58
E09,older_CN,P1,Phase1_CNControls_EEG/E09_EEG/E09_EEG_stim_on.bdf,baseline,5,958.109375,1020.234375,triggers,-0.05889323181047605,-0.041608580469680384,0.07913275919099912,59,-0.05026345659433834,58
E09,older_CN,P1,Phase1_CNControls_EEG/E09_EEG/E09_EEG_stim_on.bdf,random_A,1,1020.234375,1200.328125,triggers,-0.05972731136637647,0.009205743499733549,0.04955554075746214,172,-0.022958522443462498,58
E09,older_CN,P1,Phase1_CNControls_EEG/E09_EEG/E09_EEG_stim_on.bdf,baseline,6,1200.328125,1255.59375,triggers,-0.0797226335718933,-0.024082827282988467,0.037358924074336566,50,-0.0797226335718933,50
E09,older_CN,P1,Phase1_CNControls_EEG/E09_EEG/E09_EEG_stim_on.bdf,periodic_V,1,1255.59375,1438.03125,triggers,-0.01677226648388775,-0.014349966118701984,0.03342218927637126,172,0.20339427645099156,58
E09,older_CN,P1,Phase1_CNControls_EEG/E09_EEG/E09_EEG_stim_on.bdf,baseline,7,1438.03125,1500.0,triggers,0.005563698258224864,0.02581468932513837,0.07666976324917953,59,0.016095586649888888,58
E10,older_CN,P1,Phase1_CNControls_EEG/E10_EEG/E10_EEG_stim_on.bdf,baseline,1,0.0,60.0,notes (triggers=11),-0.0961501034083995,-0.026667620085291513,0.052355146477602386,58,-0.0961501034083995,58
E10,older_CN,P1,Phase1_CNControls_EEG/E10_EEG/E10_EEG_stim_on.bdf,random_AV,1,60.0,240.0,notes (triggers=11),0.0076484727024152335,-0.017575907094999274,0.0584292094030892,178,-0.04053945886028687,58
E10,older_CN,P1,Phase1_CNControls_EEG/E10_EEG/E10_EEG_stim_on.bdf,baseline,2,240.0,300.0,notes (triggers=11),0.016756082249456405,0.05699690374515559,0.18098347539663764,58,0.016756082249456405,58
E10,older_CN,P1,Phase1_CNControls_EEG/E10_EEG/E10_EEG_stim_on.bdf,periodic_AV,1,300.0,480.0,notes (triggers=11),0.7447575648703688,0.13327495316099053,0.7688437182618354,178,0.7913827928643185,58
E10,older_CN,P1,Phase1_CNControls_EEG/E10_EEG/E10_EEG_stim_on.bdf,baseline,3,480.0,540.0,notes (triggers=11),-0.03214465744866195,-0.009557225207233094,0.11930449331354163,58,-0.03214465744866195,58
E10,older_CN,P1,Phase1_CNControls_EEG/E10_EEG/E10_EEG_stim_on.bdf,random_A,1,540.0,720.0,notes (triggers=11),0.02510511728462332,-0.046298241991651404,0.07711642368087412,178,-0.05203123952567414,58
E10,older_CN,P1,Phase1_CNControls_EEG/E10_EEG/E10_EEG_stim_on.bdf,baseline,4,720.0,780.0,notes (triggers=11),0.02826775011926437,-0.03922694431757144,0.13851777580798091,56,0.02826775011926437,56
E10,older_CN,P1,Phase1_CNControls_EEG/E10_EEG/E10_EEG_stim_on.bdf,periodic_V,1,780.0,960.0,notes (triggers=11),0.3873939745962701,0.021065412676893477,0.4665463813069645,178,0.40070539859481735,58
E10,older_CN,P1,Phase1_CNControls_EEG/E10_EEG/E10_EEG_stim_on.bdf,baseline,5,960.0,1020.0,notes (triggers=11),-0.0672118921327286,-0.019020821578353636,0.0678769042688952,57,-0.0672118921327286,57
E10,older_CN,P1,Phase1_CNControls_EEG/E10_EEG/E10_EEG_stim_on.bdf,periodic_A,1,1020.0,1200.0,notes (triggers=11),0.6227518616233337,0.09082353256905334,0.6714099964939798,178,0.4826679527349893,58
E10,older_CN,P1,Phase1_CNControls_EEG/E10_EEG/E10_EEG_stim_on.bdf,baseline,6,1200.0,1260.0,notes (triggers=11),0.031316785496994196,-0.05878390040867171,0.12101943534171487,58,0.031316785496994196,58
E10,older_CN,P1,Phase1_CNControls_EEG/E10_EEG/E10_EEG_stim_on.bdf,random_V,1,1260.0,1440.0,notes (triggers=11),0.05104059701914468,-0.04741250062492637,0.1334878314061752,178,-0.06707010305618344,58
E10,older_CN,P1,Phase1_CNControls_EEG/E10_EEG/E10_EEG_stim_on.bdf,baseline,7,1440.0,1500.0,notes (triggers=11),0.02248059147975226,0.22902741464680307,0.1341131131326934,58,0.02248059147975226,58
E12,older_CN,P1,Phase1_CNControls_EEG/E12_EEG/E12_EEG_stim_on.bdf,baseline,1,0.0,56.265625,triggers,0.07145903201113206,0.13144967571324392,0.15109797613883968,54,0.07145903201113206,54
E12,older_CN,P1,Phase1_CNControls_EEG/E12_EEG/E12_EEG_stim_on.bdf,periodic_V,1,56.265625,236.34375,triggers,0.3166907799873544,0.012342065522881737,0.3695575543107996,177,0.27847113824446706,58
E12,older_CN,P1,Phase1_CNControls_EEG/E12_EEG/E12_EEG_stim_on.bdf,baseline,2,236.34375,300.296875,triggers,0.1474811154694674,-0.03320051487898394,0.2917239896097185,60,0.14075388494407842,58
E12,older_CN,P1,Phase1_CNControls_EEG/E12_EEG/E12_EEG_stim_on.bdf,random_A,1,300.296875,480.40625,triggers,0.05961791067937437,-0.032742030530627,0.1116529703830802,178,0.001071909026131801,58
E12,older_CN,P1,Phase1_CNControls_EEG/E12_EEG/E12_EEG_stim_on.bdf,baseline,3,480.40625,540.40625,triggers,0.0048988051642931685,-0.04618469274443389,0.12419137511719727,58,0.0048988051642931685,58
E12,older_CN,P1,Phase1_CNControls_EEG/E12_EEG/E12_EEG_stim_on.bdf,periodic_A,1,540.40625,720.375,triggers,0.8262456113212021,-0.04122014090763583,0.8897032933275199,178,0.764878536223041,58
E12,older_CN,P1,Phase1_CNControls_EEG/E12_EEG/E12_EEG_stim_on.bdf,baseline,4,720.375,775.703125,triggers,0.04354401334197472,-0.01180262024552163,0.15238776806433826,53,0.04354401334197472,53
E12,older_CN,P1,Phase1_CNControls_EEG/E12_EEG/E12_EEG_stim_on.bdf,random_AV,1,775.703125,956.15625,triggers,0.012803360232832989,0.031180836969274664,0.06617241586673556,178,9.732505144624537e-05,58
E12,older_CN,P1,Phase1_CNControls_EEG/E12_EEG/E12_EEG_stim_on.bdf,baseline,5,956.15625,1015.859375,triggers,-0.049002842440193345,0.04094902079639112,0.12685310259116422,58,-0.049002842440193345,58
E12,older_CN,P1,Phase1_CNControls_EEG/E12_EEG/E12_EEG_stim_on.bdf,periodic_AV,1,1015.859375,1197.3125,triggers,0.6295638202074398,0.019048535072242204,0.6860318998211252,179,0.5885513423617275,58
E12,older_CN,P1,Phase1_CNControls_EEG/E12_EEG/E12_EEG_stim_on.bdf,baseline,6,1197.3125,1256.96875,triggers,0.020829226071365614,0.06855349978536757,0.13562822850195488,54,0.020829226071365614,54
E12,older_CN,P1,Phase1_CNControls_EEG/E12_EEG/E12_EEG_stim_on.bdf,random_V,1,1256.96875,1438.3125,triggers,0.050150148641715006,0.027215409050852124,0.09387056813683468,179,0.09677593100490103,58
E12,older_CN,P1,Phase1_CNControls_EEG/E12_EEG/E12_EEG_stim_on.bdf,baseline,7,1438.3125,1500.0,triggers,-0.05294406028332625,0.004354121635259875,0.013904080945670652,60,-0.01948835754217048,58
E33,older_CN,P1,Phase1_CNControls_EEG/E33_EEG/E33_EEG_stim_on.bdf,baseline,1,0.0,60.75,triggers,0.002785775086705175,0.06051333632832469,0.07424992241896998,59,0.007518174350712739,58
E33,older_CN,P1,Phase1_CNControls_EEG/E33_EEG/E33_EEG_stim_on.bdf,periodic_A,1,60.75,240.546875,triggers,0.7213188292823066,0.023429746556195424,0.756257523745778,178,0.5539260358039483,58
E33,older_CN,P1,Phase1_CNControls_EEG/E33_EEG/E33_EEG_stim_on.bdf,baseline,2,240.546875,300.4375,triggers,-0.025160089021084575,-0.10216177985560089,0.11278022856585712,58,-0.025160089021084575,58
E33,older_CN,P1,Phase1_CNControls_EEG/E33_EEG/E33_EEG_stim_on.bdf,random_AV,1,300.4375,479.984375,triggers,0.021094354034539603,0.029457561443122626,0.09736520853916272,178,0.1442215113783467,58
E33,older_CN,P1,Phase1_CNControls_EEG/E33_EEG/E33_EEG_stim_on.bdf,baseline,3,479.984375,538.1875,triggers,-0.06127006524551221,0.014945819926550502,0.05988599581966992,53,-0.06127006524551221,53
E33,older_CN,P1,Phase1_CNControls_EEG/E33_EEG/E33_EEG_stim_on.bdf,periodic_AV,1,538.1875,724.03125,triggers,0.7946513418485847,-0.00046588512369491464,0.8840799693619069,183,0.6586752061489058,58
E33,older_CN,P1,Phase1_CNControls_EEG/E33_EEG/E33_EEG_stim_on.bdf,baseline,4,724.03125,780.625,triggers,0.0444607091377445,0.12684317729720984,0.14333527938655716,54,0.0444607091377445,54
E33,older_CN,P1,Phase1_CNControls_EEG/E33_EEG/E33_EEG_stim_on.bdf,random_A,1,780.625,960.3125,triggers,0.022852453118395406,-0.005236265515582886,0.05841089223899567,178,0.022265627172112806,58
E33,older_CN,P1,Phase1_CNControls_EEG/E33_EEG/E33_EEG_stim_on.bdf,baseline,5,960.3125,1018.421875,triggers,-0.12617501604158635,0.01656010370565532,0.019626597587577534,56,-0.12617501604158635,56
E33,older_CN,P1,Phase1_CNControls_EEG/E33_EEG/E33_EEG_stim_on.bdf,random_V,1,1018.421875,1202.1875,triggers,0.0330542542153798,0.04765687028832909,0.08743820861930293,181,-0.02986748986901644,58
E33,older_CN,P1,Phase1_CNControls_EEG/E33_EEG/E33_EEG_stim_on.bdf,baseline,6,1202.1875,1259.78125,triggers,0.0793511311502502,0.02885253136309779,0.16761199523338474,56,0.0793511311502502,56
E33,older_CN,P1,Phase1_CNControls_EEG/E33_EEG/E33_EEG_stim_on.bdf,periodic_V,1,1259.78125,1443.265625,triggers,0.3904396513755037,0.03203855360330429,0.4481822143619326,181,0.13914839431354442,58
E33,older_CN,P1,Phase1_CNControls_EEG/E33_EEG/E33_EEG_stim_on.bdf,baseline,7,1443.265625,1500.0,triggers,0.06405373817180791,-0.08703523088224742,0.17742205691292512,55,0.06405373817180791,55
Y01,young_CN,P1,Phase1_CNControls_EEG/Y01_EEG/Y01_EEG_stim_on.bdf,baseline,1,0.0,60.0,notes (triggers=0),0.004195407168274434,-0.07290054900900417,0.09124124490475494,58,0.004195407168274434,58
Y01,young_CN,P1,Phase1_CNControls_EEG/Y01_EEG/Y01_EEG_stim_on.bdf,random_V,1,60.0,240.0,notes (triggers=0),0.07728463622567766,-0.035951016060712895,0.1188640092184598,177,0.10825461853491296,58
Y01,young_CN,P1,Phase1_CNControls_EEG/Y01_EEG/Y01_EEG_stim_on.bdf,baseline,2,240.0,300.0,notes (triggers=0),0.05999112213301103,-0.12107950709552902,0.12921720934134165,58,0.05999112213301103,58
Y01,young_CN,P1,Phase1_CNControls_EEG/Y01_EEG/Y01_EEG_stim_on.bdf,periodic_V,1,300.0,480.0,notes (triggers=0),0.3158488001979984,-0.09046707566633838,0.4068701157979503,178,0.2655283977630762,58
Y01,young_CN,P1,Phase1_CNControls_EEG/Y01_EEG/Y01_EEG_stim_on.bdf,baseline,3,480.0,540.0,notes (triggers=0),0.03839843254272615,-0.010124658089564517,0.2032186333450345,57,0.03839843254272615,57
Y01,young_CN,P1,Phase1_CNControls_EEG/Y01_EEG/Y01_EEG_stim_on.bdf,random_A,1,540.0,720.0,notes (triggers=0),0.054614564060162775,-0.029735836698311452,0.10508124247988859,178,-0.030029216379970053,58
Y01,young_CN,P1,Phase1_CNControls_EEG/Y01_EEG/Y01_EEG_stim_on.bdf,baseline,4,720.0,780.0,notes (triggers=0),0.055315802728474084,-0.06383809611639607,0.1985600556247858,58,0.055315802728474084,58
Y01,young_CN,P1,Phase1_CNControls_EEG/Y01_EEG/Y01_EEG_stim_on.bdf,periodic_A,1,780.0,960.0,notes (triggers=0),0.7845378019500441,0.01686619911580456,0.835556373617575,178,0.7478315623292122,58
Y01,young_CN,P1,Phase1_CNControls_EEG/Y01_EEG/Y01_EEG_stim_on.bdf,baseline,5,960.0,1020.0,notes (triggers=0),0.053039269065498315,0.0031485397937761617,0.12481214996079922,58,0.053039269065498315,58
Y01,young_CN,P1,Phase1_CNControls_EEG/Y01_EEG/Y01_EEG_stim_on.bdf,random_AV,1,1020.0,1200.0,notes (triggers=0),0.008666238108868338,-0.016938852011196555,0.10159372588035101,177,0.02712694615600411,58
Y01,young_CN,P1,Phase1_CNControls_EEG/Y01_EEG/Y01_EEG_stim_on.bdf,baseline,6,1200.0,1260.0,notes (triggers=0),-0.08641160581138557,0.026287999818143587,0.04283024750554434,57,-0.08641160581138557,57
Y01,young_CN,P1,Phase1_CNControls_EEG/Y01_EEG/Y01_EEG_stim_on.bdf,periodic_AV,1,1260.0,1440.0,notes (triggers=0),0.7565866422406982,-0.04018200113859784,0.842756864395643,178,0.7202444934063736,58
Y01,young_CN,P1,Phase1_CNControls_EEG/Y01_EEG/Y01_EEG_stim_on.bdf,baseline,7,1440.0,1500.0,notes (triggers=0),0.023307799882476485,0.01121642163215153,0.13090560459643127,57,0.023307799882476485,57
Y02,young_CN,P1,Phase1_CNControls_EEG/Y02_EEG/Y02_EEG_stim_on.bdf,baseline,1,0.0,60.0,notes (triggers=0),0.002739111314744566,-0.019881224641152273,0.0927289800088966,58,0.002739111314744566,58
Y02,young_CN,P1,Phase1_CNControls_EEG/Y02_EEG/Y02_EEG_stim_on.bdf,random_AV,1,60.0,240.0,notes (triggers=0),-0.006004154346853557,0.015117806225517977,0.06895072762159846,176,-0.047085301663743154,58
Y02,young_CN,P1,Phase1_CNControls_EEG/Y02_EEG/Y02_EEG_stim_on.bdf,baseline,2,240.0,300.0,notes (triggers=0),0.005127474167915036,-0.14035848353657482,0.12197458425690631,58,0.005127474167915036,58
Y02,young_CN,P1,Phase1_CNControls_EEG/Y02_EEG/Y02_EEG_stim_on.bdf,periodic_V,1,300.0,480.0,notes (triggers=0),0.8188789708394731,0.038505582084404126,0.91698606344923,178,0.6560884817080203,58
Y02,young_CN,P1,Phase1_CNControls_EEG/Y02_EEG/Y02_EEG_stim_on.bdf,baseline,3,480.0,540.0,notes (triggers=0),0.038623437694148624,0.18239852752728802,0.1212917065847705,58,0.038623437694148624,58
Y02,young_CN,P1,Phase1_CNControls_EEG/Y02_EEG/Y02_EEG_stim_on.bdf,random_V,1,540.0,720.0,notes (triggers=0),0.029953490296872456,-0.05812640051376847,0.06818067820009328,178,0.07022792589310964,58
Y02,young_CN,P1,Phase1_CNControls_EEG/Y02_EEG/Y02_EEG_stim_on.bdf,baseline,4,720.0,780.0,notes (triggers=0),-0.030825757120354957,0.004230854416068741,0.1308540606201208,58,-0.030825757120354957,58
Y02,young_CN,P1,Phase1_CNControls_EEG/Y02_EEG/Y02_EEG_stim_on.bdf,periodic_AV,1,780.0,960.0,notes (triggers=0),0.8621159235452894,0.06271261523950838,0.9644321783145925,178,0.8700326260358335,58
Y02,young_CN,P1,Phase1_CNControls_EEG/Y02_EEG/Y02_EEG_stim_on.bdf,baseline,5,960.0,1020.0,notes (triggers=0),-0.044996927191152884,-0.0432283985191929,0.039816779503743883,58,-0.044996927191152884,58
Y02,young_CN,P1,Phase1_CNControls_EEG/Y02_EEG/Y02_EEG_stim_on.bdf,random_A,1,1020.0,1200.0,notes (triggers=0),0.005959452543930044,-0.0873044846763638,0.07550916187025898,178,-0.008155948095224005,58
Y02,young_CN,P1,Phase1_CNControls_EEG/Y02_EEG/Y02_EEG_stim_on.bdf,baseline,6,1200.0,1260.0,notes (triggers=0),-0.032863371772020644,0.11408322443028009,0.10800504790117846,58,-0.032863371772020644,58
Y02,young_CN,P1,Phase1_CNControls_EEG/Y02_EEG/Y02_EEG_stim_on.bdf,periodic_A,1,1260.0,1440.0,notes (triggers=0),0.6356588195817237,0.0165638486983022,0.7176339357641401,178,0.6379937664206073,58
Y02,young_CN,P1,Phase1_CNControls_EEG/Y02_EEG/Y02_EEG_stim_on.bdf,baseline,7,1440.0,1500.0,notes (triggers=0),0.11183943081539414,-0.03593998262974764,0.1924098278424507,58,0.11183943081539414,58
Y03,young_CN,P1,Phase1_CNControls_EEG/Y03_EEG/Y03_EEG_stim_on.bdf,baseline,1,0.0,63.078125,triggers,0.10987310055444532,-0.09218999827537137,0.22026531967478333,61,0.11907753503332205,58
Y03,young_CN,P1,Phase1_CNControls_EEG/Y03_EEG/Y03_EEG_stim_on.bdf,random_AV,1,63.078125,248.5,triggers,0.05309591725650869,-0.024231886021635715,0.11399843968672277,182,-0.06790368762426968,58
Y03,young_CN,P1,Phase1_CNControls_EEG/Y03_EEG/Y03_EEG_stim_on.bdf,baseline,2,248.5,302.515625,triggers,-0.06578142970308001,-0.05379138602625104,0.0632420467141026,49,-0.06578142970308001,49
Y03,young_CN,P1,Phase1_CNControls_EEG/Y03_EEG/Y03_EEG_stim_on.bdf,random_V,1,302.515625,485.265625,triggers,-0.05596595663912294,-0.02392633461732229,0.045266773054718566,181,0.07025006337917897,58
Y03,young_CN,P1,Phase1_CNControls_EEG/Y03_EEG/Y03_EEG_stim_on.bdf,baseline,3,485.265625,546.796875,triggers,-0.06707058047367656,0.022272009343764,0.1370571504673975,60,-0.09083518568326565,58
Y03,young_CN,P1,Phase1_CNControls_EEG/Y03_EEG/Y03_EEG_stim_on.bdf,periodic_V,1,546.796875,729.015625,triggers,0.28095122305720843,0.028340715480348548,0.31485780544334724,174,0.08868843161158746,58
Y03,young_CN,P1,Phase1_CNControls_EEG/Y03_EEG/Y03_EEG_stim_on.bdf,baseline,4,729.015625,783.421875,triggers,0.11693781404201001,-0.06622659577512295,0.25321575127804685,52,0.11693781404201001,52
Y03,young_CN,P1,Phase1_CNControls_EEG/Y03_EEG/Y03_EEG_stim_on.bdf,periodic_AV,1,783.421875,965.921875,triggers,0.6415290346177006,-0.01589675588844188,0.7203615394866079,174,0.5583766254675055,58
Y03,young_CN,P1,Phase1_CNControls_EEG/Y03_EEG/Y03_EEG_stim_on.bdf,baseline,5,965.921875,1021.546875,triggers,-0.010710830543068012,0.04617257800483604,0.08985499043728291,46,-0.010710830543068012,46
Y03,young_CN,P1,Phase1_CNControls_EEG/Y03_EEG/Y03_EEG_stim_on.bdf,random_A,1,1021.546875,1203.796875,triggers,-0.035320876762713345,0.12451941292629828,0.039844533020083416,174,0.05548005895931803,58
Y03,young_CN,P1,Phase1_CNControls_EEG/Y03_EEG/Y03_EEG_stim_on.bdf,baseline,6,1203.796875,1260.984375,triggers,-0.04507392978232212,-0.0264099756085856,0.06814205091560098,50,-0.04507392978232212,50
Y03,young_CN,P1,Phase1_CNControls_EEG/Y03_EEG/Y03_EEG_stim_on.bdf,periodic_A,1,1260.984375,1440.328125,triggers,0.4996250719282437,0.012311371649154135,0.5675216145883081,176,0.4749976568473914,58
Y03,young_CN,P1,Phase1_CNControls_EEG/Y03_EEG/Y03_EEG_stim_on.bdf,baseline,7,1440.328125,1500.0,triggers,-0.16181823505172388,0.04396106072634656,0.05178492530808546,51,-0.16181823505172388,51
Y04,young_CN,P1,Phase1_CNControls_EEG/Y04_EEG/Y04_EEG_stim_on.bdf,baseline,1,0.0,60.0,notes (triggers=11),-0.0025227178974130265,-0.06709527144028327,0.07891286629932794,56,-0.0025227178974130265,56
Y04,young_CN,P1,Phase1_CNControls_EEG/Y04_EEG/Y04_EEG_stim_on.bdf,random_A,1,60.0,240.0,notes (triggers=11),0.05057617912765934,-0.0004127524068147023,0.11674768021906284,177,0.05576234734793878,58
Y04,young_CN,P1,Phase1_CNControls_EEG/Y04_EEG/Y04_EEG_stim_on.bdf,baseline,2,240.0,300.0,notes (triggers=11),0.23976922090290737,-0.014961463895894103,0.36431293826136185,58,0.23976922090290737,58
Y04,young_CN,P1,Phase1_CNControls_EEG/Y04_EEG/Y04_EEG_stim_on.bdf,periodic_V,1,300.0,480.0,notes (triggers=11),0.7879536045719333,0.023747596709652985,0.8934609964638922,178,0.7770896062236792,58
Y04,young_CN,P1,Phase1_CNControls_EEG/Y04_EEG/Y04_EEG_stim_on.bdf,baseline,3,480.0,540.0,notes (triggers=11),0.14561101206687477,0.0341520674874449,0.22653677572247688,52,0.14561101206687477,52
Y04,young_CN,P1,Phase1_CNControls_EEG/Y04_EEG/Y04_EEG_stim_on.bdf,periodic_AV,1,540.0,720.0,notes (triggers=11),0.880657126189678,0.043503337803043815,0.9547401978619594,176,0.8454968233965255,58
Y04,young_CN,P1,Phase1_CNControls_EEG/Y04_EEG/Y04_EEG_stim_on.bdf,baseline,4,720.0,780.0,notes (triggers=11),0.03542889067772592,-0.013449038877643732,0.1280655233896009,58,0.03542889067772592,58
Y04,young_CN,P1,Phase1_CNControls_EEG/Y04_EEG/Y04_EEG_stim_on.bdf,periodic_A,1,780.0,960.0,notes (triggers=11),0.7977884646676906,-0.01988538483207815,0.8481289584183566,178,0.8020652208045072,58
Y04,young_CN,P1,Phase1_CNControls_EEG/Y04_EEG/Y04_EEG_stim_on.bdf,baseline,5,960.0,1020.0,notes (triggers=11),-0.012920037527555814,-0.048881290396684554,0.059141552541674317,58,-0.012920037527555814,58
Y04,young_CN,P1,Phase1_CNControls_EEG/Y04_EEG/Y04_EEG_stim_on.bdf,random_V,1,1020.0,1200.0,notes (triggers=11),-0.028806106990340398,0.07627460128519703,0.06003472804955733,174,0.03778859344607713,58
Y04,young_CN,P1,Phase1_CNControls_EEG/Y04_EEG/Y04_EEG_stim_on.bdf,baseline,6,1200.0,1260.0,notes (triggers=11),-0.07762732046943376,0.002465382193224064,0.09383375110009927,50,-0.07762732046943376,50
Y04,young_CN,P1,Phase1_CNControls_EEG/Y04_EEG/Y04_EEG_stim_on.bdf,random_AV,1,1260.0,1440.0,notes (triggers=11),0.04936960064078025,-0.057740806271788125,0.08983819099829984,177,-0.0029790312626609278,58
Y04,young_CN,P1,Phase1_CNControls_EEG/Y04_EEG/Y04_EEG_stim_on.bdf,baseline,7,1440.0,1500.0,notes (triggers=11),-0.05539441100536724,-0.07659371365613514,0.08139281960192182,58,-0.05539441100536724,58
Y05,young_CN,P1,Phase1_CNControls_EEG/Y05_EEG/Y05_EEG_stim_on.bdf,baseline,1,0.0,60.0,notes (triggers=12),-0.05070829580803152,0.00558954904851712,0.07602873991877002,58,-0.05070829580803152,58
Y05,young_CN,P1,Phase1_CNControls_EEG/Y05_EEG/Y05_EEG_stim_on.bdf,periodic_V,1,60.0,240.0,notes (triggers=12),0.46671433426877007,-0.033598980536749076,0.5346608682462999,178,0.5075558538434557,58
Y05,young_CN,P1,Phase1_CNControls_EEG/Y05_EEG/Y05_EEG_stim_on.bdf,baseline,2,240.0,300.0,notes (triggers=12),0.028034061297433674,-0.019269031038612126,0.15106675895452443,58,0.028034061297433674,58
Y05,young_CN,P1,Phase1_CNControls_EEG/Y05_EEG/Y05_EEG_stim_on.bdf,periodic_A,1,300.0,480.0,notes (triggers=12),0.7423911576533505,-0.02885946220372656,0.7846441658445233,178,0.5558324022684149,58
Y05,young_CN,P1,Phase1_CNControls_EEG/Y05_EEG/Y05_EEG_stim_on.bdf,baseline,3,480.0,540.0,notes (triggers=12),0.07279060009060895,-0.008552092078876805,0.1326761103573049,58,0.07279060009060895,58
Y05,young_CN,P1,Phase1_CNControls_EEG/Y05_EEG/Y05_EEG_stim_on.bdf,random_AV,1,540.0,720.0,notes (triggers=12),0.05249169030947502,-0.04821955798956497,0.11514454531802967,178,-0.02931662342782701,58
Y05,young_CN,P1,Phase1_CNControls_EEG/Y05_EEG/Y05_EEG_stim_on.bdf,baseline,4,720.0,780.0,notes (triggers=12),0.06417545527259744,0.13507530086462208,0.17091941555550363,58,0.06417545527259744,58
Y05,young_CN,P1,Phase1_CNControls_EEG/Y05_EEG/Y05_EEG_stim_on.bdf,random_V,1,780.0,960.0,notes (triggers=12),0.009850763141895993,-0.005890240185182791,0.09019551877110192,178,0.06600319586926004,58
Y05,young_CN,P1,Phase1_CNControls_EEG/Y05_EEG/Y05_EEG_stim_on.bdf,baseline,5,960.0,1020.0,notes (triggers=12),0.1895268239110523,-0.06914522609570396,0.27965084899908527,58,0.1895268239110523,58
Y05,young_CN,P1,Phase1_CNControls_EEG/Y05_EEG/Y05_EEG_stim_on.bdf,periodic_AV,1,1020.0,1200.0,notes (triggers=12),0.665855012155618,0.006980571249161446,0.743573110134463,178,0.4670467902673007,58
Y05,young_CN,P1,Phase1_CNControls_EEG/Y05_EEG/Y05_EEG_stim_on.bdf,baseline,6,1200.0,1260.0,notes (triggers=12),0.02382769869049972,-0.05277947181380355,0.14559465676901753,58,0.02382769869049972,58
Y05,young_CN,P1,Phase1_CNControls_EEG/Y05_EEG/Y05_EEG_stim_on.bdf,random_A,1,1260.0,1440.0,notes (triggers=12),0.011083318573120164,0.0660377379316018,0.06324090962379644,178,0.01823601200949894,58
Y05,young_CN,P1,Phase1_CNControls_EEG/Y05_EEG/Y05_EEG_stim_on.bdf,baseline,7,1440.0,1500.0,notes (triggers=12),-0.05189551136581495,-0.06342929769186545,0.0748323016817758,58,-0.05189551136581495,58
Y06,young_CN,P1,Phase1_CNControls_EEG/Y06_EEG/Y06_EEG_stim_on.bdf,baseline,1,0.0,60.46875,triggers,-0.061266749442312196,0.039740197650843745,0.0961576488072178,58,-0.061266749442312196,58
Y06,young_CN,P1,Phase1_CNControls_EEG/Y06_EEG/Y06_EEG_stim_on.bdf,periodic_A,1,60.46875,240.3125,triggers,0.579602321025345,-0.024496768927429358,0.6278102308197799,177,0.5426421854909824,58
Y06,young_CN,P1,Phase1_CNControls_EEG/Y06_EEG/Y06_EEG_stim_on.bdf,baseline,2,240.3125,299.859375,triggers,0.05817711501011956,0.01136840540395187,0.14237082439186396,57,0.05817711501011956,57
Y06,young_CN,P1,Phase1_CNControls_EEG/Y06_EEG/Y06_EEG_stim_on.bdf,random_AV,1,299.859375,483.9375,triggers,-0.03388608751295201,0.038544223329855076,0.06618448484867608,181,0.08599154679562505,58
Y06,young_CN,P1,Phase1_CNControls_EEG/Y06_EEG/Y06_EEG_stim_on.bdf,baseline,3,483.9375,539.859375,triggers,-0.06900725683371854,-0.13266934047483273,0.06082412983952089,49,-0.06900725683371854,49
Y06,young_CN,P1,Phase1_CNControls_EEG/Y06_EEG/Y06_EEG_stim_on.bdf,periodic_AV,1,539.859375,722.546875,triggers,0.5631634859712726,0.0028328637403868817,0.5818043011954463,180,0.6339480894174683,58
Y06,young_CN,P1,Phase1_CNControls_EEG/Y06_EEG/Y06_EEG_stim_on.bdf,baseline,4,722.546875,782.71875,triggers,-0.10409402722045238,0.05789965075892106,0.040949441353325976,55,-0.10409402722045238,55
Y06,young_CN,P1,Phase1_CNControls_EEG/Y06_EEG/Y06_EEG_stim_on.bdf,random_A,1,782.71875,960.390625,triggers,0.03655800531177176,0.016035742411589247,0.08979141156030053,175,0.028708032332302083,58
Y06,young_CN,P1,Phase1_CNControls_EEG/Y06_EEG/Y06_EEG_stim_on.bdf,baseline,5,960.390625,1020.46875,triggers,-0.06418675908749075,-0.0864714041050752,0.07769701987537989,58,-0.06418675908749075,58
Y06,young_CN,P1,Phase1_CNControls_EEG/Y06_EEG/Y06_EEG_stim_on.bdf,random_V,1,1020.46875,1202.296875,triggers,-0.004070627588605186,-0.014437969850325527,0.09615984714901815,175,-0.09563818672437795,58
Y06,young_CN,P1,Phase1_CNControls_EEG/Y06_EEG/Y06_EEG_stim_on.bdf,baseline,6,1202.296875,1262.40625,triggers,-0.06489259074186446,-0.022989346454914142,0.042742562994571597,54,-0.06489259074186446,54
Y06,young_CN,P1,Phase1_CNControls_EEG/Y06_EEG/Y06_EEG_stim_on.bdf,periodic_V,1,1262.40625,1445.953125,triggers,0.003805762629262535,0.03566892888774707,0.08991351498710941,169,-0.03366015507751603,58
Y06,young_CN,P1,Phase1_CNControls_EEG/Y06_EEG/Y06_EEG_stim_on.bdf,baseline,7,1445.953125,1500.0,triggers,-0.009107941650875806,0.1642728080232037,0.08865391567524215,48,-0.009107941650875806,48
Y07,young_CN,P1,Phase1_CNControls_EEG/Y07_EEG/Y07_EEG_stim_on.bdf,baseline,1,0.0,60.359375,triggers,0.1399854552100303,-0.014723062596685516,0.2531280102082602,58,0.1399854552100303,58
Y07,young_CN,P1,Phase1_CNControls_EEG/Y07_EEG/Y07_EEG_stim_on.bdf,periodic_A,1,60.359375,240.390625,triggers,0.8499721708974497,-0.0046162192495765655,0.9021550608809804,178,0.8763654228051477,58
Y07,young_CN,P1,Phase1_CNControls_EEG/Y07_EEG/Y07_EEG_stim_on.bdf,baseline,2,240.390625,299.359375,triggers,-0.04834263912754066,0.032024873449767205,0.04169454707483403,57,-0.04834263912754066,57
Y07,young_CN,P1,Phase1_CNControls_EEG/Y07_EEG/Y07_EEG_stim_on.bdf,periodic_V,1,299.359375,485.078125,triggers,0.8081964926323161,-0.04935406051339169,0.8607599304129048,184,0.7612158367898033,58
Y07,young_CN,P1,Phase1_CNControls_EEG/Y07_EEG/Y07_EEG_stim_on.bdf,baseline,3,485.078125,537.796875,triggers,-0.023028184871082658,0.11261290381723976,0.15584476672830677,51,-0.023028184871082658,51
Y07,young_CN,P1,Phase1_CNControls_EEG/Y07_EEG/Y07_EEG_stim_on.bdf,periodic_AV,1,537.796875,722.703125,triggers,0.8706948269258226,0.004000384459019679,0.9356098031568858,183,0.8495820101477272,58
Y07,young_CN,P1,Phase1_CNControls_EEG/Y07_EEG/Y07_EEG_stim_on.bdf,baseline,4,722.703125,780.296875,triggers,0.06595418364955294,0.00910858502613747,0.14880163040184524,54,0.06595418364955294,54
Y07,young_CN,P1,Phase1_CNControls_EEG/Y07_EEG/Y07_EEG_stim_on.bdf,random_A,1,780.296875,960.15625,triggers,0.0030754390786632974,0.033228226221127366,0.06577776760673291,178,-0.06791081333455531,58
Y07,young_CN,P1,Phase1_CNControls_EEG/Y07_EEG/Y07_EEG_stim_on.bdf,baseline,5,960.15625,1020.046875,triggers,0.09118947801222717,-0.07729610798793121,0.19325380236484882,58,0.09118947801222717,58
Y07,young_CN,P1,Phase1_CNControls_EEG/Y07_EEG/Y07_EEG_stim_on.bdf,random_V,1,1020.046875,1200.546875,triggers,-0.03712353296433702,-0.005698053392179499,0.049118023173302446,179,-0.012014227406022246,58
Y07,young_CN,P1,Phase1_CNControls_EEG/Y07_EEG/Y07_EEG_stim_on.bdf,baseline,6,1200.546875,1259.453125,triggers,-0.012173104084305428,0.0017235838090222527,0.05540670545784171,57,-0.012173104084305428,57
Y07,young_CN,P1,Phase1_CNControls_EEG/Y07_EEG/Y07_EEG_stim_on.bdf,random_AV,1,1259.453125,1440.390625,triggers,-0.021772559823160204,-0.02966976890191496,0.06688039371484258,179,-0.05631721112203188,58
Y07,young_CN,P1,Phase1_CNControls_EEG/Y07_EEG/Y07_EEG_stim_on.bdf,baseline,7,1440.390625,1500.0,triggers,-0.1023177209042875,0.016668962939457937,0.07054604695005887,58,-0.1023177209042875,58
Y08,young_CN,P1,Phase1_CNControls_EEG/Y08_EEG/Y08_EEG_stim_on.bdf,baseline,1,0.0,60.390625,triggers,0.03568954295942536,-0.06682049606345689,0.11859903803475544,58,0.03568954295942536,58
Y08,young_CN,P1,Phase1_CNControls_EEG/Y08_EEG/Y08_EEG_stim_on.bdf,periodic_A,1,60.390625,240.203125,triggers,0.7482398561347925,-0.028647430466442764,0.8300088194533233,178,0.6570750512290751,58
Y08,young_CN,P1,Phase1_CNControls_EEG/Y08_EEG/Y08_EEG_stim_on.bdf,baseline,2,240.203125,300.234375,triggers,0.011303478803033853,0.01716907716370955,0.07654347387249082,58,0.011303478803033853,58
Y08,young_CN,P1,Phase1_CNControls_EEG/Y08_EEG/Y08_EEG_stim_on.bdf,periodic_V,1,300.234375,480.65625,triggers,0.6378248967551459,-0.028514802179064408,0.734373975515294,177,0.7194378429973713,58
Y08,young_CN,P1,Phase1_CNControls_EEG/Y08_EEG/Y08_EEG_stim_on.bdf,baseline,3,480.65625,540.28125,triggers,0.08246039177846168,-0.011884283890447767,0.16902247378914678,57,0.08246039177846168,57
Y08,young_CN,P1,Phase1_CNControls_EEG/Y08_EEG/Y08_EEG_stim_on.bdf,random_V,1,540.28125,720.310546875,triggers,-0.006101286740935075,-0.026468456314511696,0.07316416742801862,178,-0.10103978861209979,58
Y08,young_CN,P1,Phase1_CNControls_EEG/Y08_EEG/Y08_EEG_stim_on.bdf,baseline,4,720.310546875,780.515625,triggers,-0.0024610833065281945,0.07190049530148132,0.10178347915823122,58,-0.0024610833065281945,58
Y08,young_CN,P1,Phase1_CNControls_EEG/Y08_EEG/Y08_EEG_stim_on.bdf,periodic_AV,1,780.515625,959.0,triggers,0.893806596371283,-0.023665209474123018,0.938660055823893,176,0.8551583312207829,58
Y08,young_CN,P1,Phase1_CNControls_EEG/Y08_EEG/Y08_EEG_stim_on.bdf,baseline,5,959.0,1020.453125,triggers,-0.06660103867742168,-0.011281886010411135,0.09547977832773605,59,-0.08755416890475286,58
Y08,young_CN,P1,Phase1_CNControls_EEG/Y08_EEG/Y08_EEG_stim_on.bdf,random_AV,1,1020.453125,1199.625,triggers,0.0401905995180037,0.013495775059520251,0.13893908669893762,177,0.01994492448398741,58
Y08,young_CN,P1,Phase1_CNControls_EEG/Y08_EEG/Y08_EEG_stim_on.bdf,baseline,6,1199.625,1260.234375,triggers,-0.02991189546869985,0.12219999820318025,0.07348998734253903,59,-0.03691291254212506,58
Y08,young_CN,P1,Phase1_CNControls_EEG/Y08_EEG/Y08_EEG_stim_on.bdf,random_A,1,1260.234375,1440.28125,triggers,-0.06415840558896016,0.019622152685809878,0.05443811279582049,178,0.01728015470171032,58
Y08,young_CN,P1,Phase1_CNControls_EEG/Y08_EEG/Y08_EEG_stim_on.bdf,baseline,7,1440.28125,1500.0,triggers,-0.03313894058557819,0.027482950804100167,0.107730557250947,58,-0.03313894058557819,58
Y09,young_CN,P1,Phase1_CNControls_EEG/Y09_EEG/Y09_EEG_stim_on.bdf,baseline,1,0.0,59.609375,triggers,-0.02888328010906252,0.06688883229495249,0.11164108389198293,58,-0.02888328010906252,58
Y09,young_CN,P1,Phase1_CNControls_EEG/Y09_EEG/Y09_EEG_stim_on.bdf,random_AV,1,59.609375,239.8125,triggers,-0.017023187874298937,0.001186234403485531,0.02067867949543727,178,-0.06011330064562941,58
Y09,young_CN,P1,Phase1_CNControls_EEG/Y09_EEG/Y09_EEG_stim_on.bdf,baseline,2,239.8125,300.0625,triggers,-0.006423814335582756,0.11068814481580144,0.10322632321126428,58,-0.006423814335582756,58
Y09,young_CN,P1,Phase1_CNControls_EEG/Y09_EEG/Y09_EEG_stim_on.bdf,periodic_V,1,300.0625,480.890625,triggers,0.6671351953036115,0.0373567353774415,0.7440129634044189,178,0.5947082026485706,58
Y09,young_CN,P1,Phase1_CNControls_EEG/Y09_EEG/Y09_EEG_stim_on.bdf,baseline,3,480.890625,540.40625,triggers,-0.037385086406284435,0.0007422701201353077,0.09831017975527354,58,-0.037385086406284435,58
Y09,young_CN,P1,Phase1_CNControls_EEG/Y09_EEG/Y09_EEG_stim_on.bdf,periodic_AV,1,540.40625,719.75,triggers,0.8742583823365009,-0.031447899400348304,0.9362433728698937,176,0.8234479921572652,58
Y09,young_CN,P1,Phase1_CNControls_EEG/Y09_EEG/Y09_EEG_stim_on.bdf,baseline,4,719.75,780.34375,triggers,0.041194419801126064,0.14792367143852247,0.17534849676388123,59,0.06098364967388878,58
Y09,young_CN,P1,Phase1_CNControls_EEG/Y09_EEG/Y09_EEG_stim_on.bdf,periodic_A,1,780.34375,960.203125,triggers,0.8003089358791183,-0.05646207824106715,0.8564673566395156,178,0.8123074084878362,58
Y09,young_CN,P1,Phase1_CNControls_EEG/Y09_EEG/Y09_EEG_stim_on.bdf,baseline,5,960.203125,1020.328125,triggers,-0.11544758691755438,0.03290451247559259,0.05440108703526018,58,-0.11544758691755438,58
Y09,young_CN,P1,Phase1_CNControls_EEG/Y09_EEG/Y09_EEG_stim_on.bdf,random_A,1,1020.328125,1200.09375,triggers,-0.014335315404460869,0.02385377251302015,0.05191830830396055,178,-0.0881415871621094,58
Y09,young_CN,P1,Phase1_CNControls_EEG/Y09_EEG/Y09_EEG_stim_on.bdf,baseline,6,1200.09375,1260.296875,triggers,-0.057009344454053215,0.04460745435828886,0.04666056779108639,56,-0.057009344454053215,56
Y09,young_CN,P1,Phase1_CNControls_EEG/Y09_EEG/Y09_EEG_stim_on.bdf,random_V,1,1260.296875,1440.3125,triggers,-0.02339907009292328,-0.019684707405972363,0.05482499008803137,176,-0.07930956864214905,58
Y09,young_CN,P1,Phase1_CNControls_EEG/Y09_EEG/Y09_EEG_stim_on.bdf,baseline,7,1440.3125,1500.0,triggers,-0.061978825361318685,-0.10354716870850263,0.030012270473044226,58,-0.061978825361318685,58
Y10,young_CN,P1,Phase1_CNControls_EEG/Y10_EEG/Y10_EEG_stim_on.bdf,baseline,1,0.0,60.28125,triggers,0.008294687629471192,-0.043917927346075275,0.11822375647929431,58,0.008294687629471192,58
Y10,young_CN,P1,Phase1_CNControls_EEG/Y10_EEG/Y10_EEG_stim_on.bdf,periodic_A,1,60.28125,240.375,triggers,0.7243469521936864,0.044851942604255526,0.8047314647341749,177,0.7006620774256545,58
Y10,young_CN,P1,Phase1_CNControls_EEG/Y10_EEG/Y10_EEG_stim_on.bdf,baseline,2,240.375,300.453125,triggers,0.17368715730045023,-0.07970358140236039,0.253477158044103,45,0.17368715730045023,45
Y10,young_CN,P1,Phase1_CNControls_EEG/Y10_EEG/Y10_EEG_stim_on.bdf,random_A,1,300.453125,480.375,triggers,0.05077947842798382,0.014917182817277427,0.1280678206887797,178,-0.07429500310033532,58
Y10,young_CN,P1,Phase1_CNControls_EEG/Y10_EEG/Y10_EEG_stim_on.bdf,baseline,3,480.375,536.9375,triggers,0.009706783132617983,-0.04009060915244478,0.057333764063570554,55,0.009706783132617983,55
Y10,young_CN,P1,Phase1_CNControls_EEG/Y10_EEG/Y10_EEG_stim_on.bdf,periodic_V,1,536.9375,717.015625,triggers,0.6769003417013986,0.0006816584240098497,0.7425252124730513,176,0.6781863937023398,58
Y10,young_CN,P1,Phase1_CNControls_EEG/Y10_EEG/Y10_EEG_stim_on.bdf,baseline,4,717.015625,775.46875,triggers,0.0727080428013057,-0.019095609155385204,0.1585184265857504,56,0.0727080428013057,56
Y10,young_CN,P1,Phase1_CNControls_EEG/Y10_EEG/Y10_EEG_stim_on.bdf,periodic_AV,1,775.46875,957.21875,triggers,0.24174343694740688,-0.04989868763225112,0.30234943287059246,180,0.39034193469028033,58
Y10,young_CN,P1,Phase1_CNControls_EEG/Y10_EEG/Y10_EEG_stim_on.bdf,baseline,5,957.21875,1016.59375,triggers,0.055020867806721344,-0.13478942095214527,0.12631658251923505,53,0.055020867806721344,53
Y10,young_CN,P1,Phase1_CNControls_EEG/Y10_EEG/Y10_EEG_stim_on.bdf,random_AV,1,1016.59375,1197.421875,triggers,-0.03465049220704526,0.02404419016569944,0.06818526513202071,177,0.014039198279410248,58
Y10,young_CN,P1,Phase1_CNControls_EEG/Y10_EEG/Y10_EEG_stim_on.bdf,baseline,6,1197.421875,1259.265625,triggers,-0.07647170044035717,-0.06357023508213724,0.06512384551034309,58,-0.07647170044035717,58
Y10,young_CN,P1,Phase1_CNControls_EEG/Y10_EEG/Y10_EEG_stim_on.bdf,random_V,1,1259.265625,1441.15625,triggers,-0.050107984791560096,0.02061123543978896,0.03438151506856054,178,0.010132723038524305,58
Y10,young_CN,P1,Phase1_CNControls_EEG/Y10_EEG/Y10_EEG_stim_on.bdf,baseline,7,1441.15625,1500.0,triggers,-0.010054549488299189,0.01912768507201515,0.09514216897993187,54,-0.010054549488299189,54
Y12,young_CN,P1,Phase1_CNControls_EEG/Y12_EEG/Y12_EEG_stim_on.bdf,baseline,1,0.0,60.71875,triggers,-0.03666741248215219,-0.012415962094311325,0.09708023554698389,59,-0.03357712081126106,58
Y12,young_CN,P1,Phase1_CNControls_EEG/Y12_EEG/Y12_EEG_stim_on.bdf,random_A,1,60.71875,240.375,triggers,-0.028898018427549126,-0.046945752310757226,0.021995260592180106,178,-0.053618310925845986,58
Y12,young_CN,P1,Phase1_CNControls_EEG/Y12_EEG/Y12_EEG_stim_on.bdf,baseline,2,240.375,303.4375,triggers,0.05433618239667633,0.037461183434254364,0.13932243424694032,61,0.09746163061559822,58
Y12,young_CN,P1,Phase1_CNControls_EEG/Y12_EEG/Y12_EEG_stim_on.bdf,periodic_V,1,303.4375,478.53125,triggers,0.5516216281040193,-0.029467203722257307,0.6156721583086178,173,0.363521694015961,58
Y12,young_CN,P1,Phase1_CNControls_EEG/Y12_EEG/Y12_EEG_stim_on.bdf,baseline,3,478.53125,541.546875,triggers,0.08962871363390892,-0.03716261422837895,0.19800070204335965,61,0.09336006588932026,58
Y12,young_CN,P1,Phase1_CNControls_EEG/Y12_EEG/Y12_EEG_stim_on.bdf,periodic_AV,1,541.546875,719.890625,triggers,0.6982063674989959,0.07110336786423746,0.7558874472558506,176,0.5949720268761107,58
Y12,young_CN,P1,Phase1_CNControls_EEG/Y12_EEG/Y12_EEG_stim_on.bdf,baseline,4,719.890625,777.25,triggers,-0.0193569623186736,0.09859462098652899,0.04444995622828319,55,-0.0193569623186736,55
Y12,young_CN,P1,Phase1_CNControls_EEG/Y12_EEG/Y12_EEG_stim_on.bdf,random_V,1,777.25,960.6875,triggers,-0.013596707335236852,0.0003559833219510672,0.02685394161135815,181,0.02223992872821813,58
Y12,young_CN,P1,Phase1_CNControls_EEG/Y12_EEG/Y12_EEG_stim_on.bdf,baseline,5,960.6875,1018.65625,triggers,-0.09605372681618302,-0.02976047337305185,0.043179563295641016,56,-0.09605372681618302,56
Y12,young_CN,P1,Phase1_CNControls_EEG/Y12_EEG/Y12_EEG_stim_on.bdf,random_AV,1,1018.65625,1200.515625,triggers,0.058646692445878806,0.030971797380186898,0.12070030823951414,180,0.03918815666378703,58
Y12,young_CN,P1,Phase1_CNControls_EEG/Y12_EEG/Y12_EEG_stim_on.bdf,baseline,6,1200.515625,1260.109375,triggers,-0.013443038223026393,0.05331323591606027,0.08828203718690483,58,-0.013443038223026393,58
Y12,young_CN,P1,Phase1_CNControls_EEG/Y12_EEG/Y12_EEG_stim_on.bdf,periodic_A,1,1260.109375,1440.65625,triggers,0.7076393138360106,0.036549184401024185,0.7940661499211032,179,0.7562581925622608,58
Y12,young_CN,P1,Phase1_CNControls_EEG/Y12_EEG/Y12_EEG_stim_on.bdf,baseline,7,1440.65625,1500.0,triggers,0.021783833316840973,0.07927503652102308,0.15230704691626334,57,0.021783833316840973,57
Y13,young_CN,P1,Phase1_CNControls_EEG/Y13_EEG/Y13_EEG_stim_on.bdf,baseline,1,0.0,60.3125,triggers,-0.05365444060111485,-0.03670333036994168,0.0470056692978075,58,-0.05365444060111485,58
Y13,young_CN,P1,Phase1_CNControls_EEG/Y13_EEG/Y13_EEG_stim_on.bdf,random_A,1,60.3125,240.453125,triggers,-0.051026489726434185,-0.0017340918478000733,0.023698578943104075,178,0.018472641187322086,58
Y13,young_CN,P1,Phase1_CNControls_EEG/Y13_EEG/Y13_EEG_stim_on.bdf,baseline,2,240.453125,299.46875,triggers,0.05330680466108033,0.05109522735479918,0.17020125804464264,57,0.05330680466108033,57
Y13,young_CN,P1,Phase1_CNControls_EEG/Y13_EEG/Y13_EEG_stim_on.bdf,periodic_AV,1,299.46875,480.515625,triggers,0.9416822213240809,-0.02611813560534141,0.983709664432173,179,0.9045638289627131,58
Y13,young_CN,P1,Phase1_CNControls_EEG/Y13_EEG/Y13_EEG_stim_on.bdf,baseline,3,480.515625,540.34375,triggers,0.11432976883219542,0.007472542114891428,0.223370558448694,58,0.11432976883219542,58
Y13,young_CN,P1,Phase1_CNControls_EEG/Y13_EEG/Y13_EEG_stim_on.bdf,periodic_A,1,540.34375,716.828125,triggers,0.9109903583919868,0.0706552090313984,0.977775731489419,174,0.8457578538713785,58
Y13,young_CN,P1,Phase1_CNControls_EEG/Y13_EEG/Y13_EEG_stim_on.bdf,baseline,4,716.828125,778.25,triggers,-0.006854294849389278,-0.055664411362644266,0.08145856901107965,59,-0.00861028849556092,58
Y13,young_CN,P1,Phase1_CNControls_EEG/Y13_EEG/Y13_EEG_stim_on.bdf,random_AV,1,778.25,960.453125,triggers,0.03943013560127287,-0.030511163233978233,0.11128275280304266,180,0.0046495273151234,58
Y13,young_CN,P1,Phase1_CNControls_EEG/Y13_EEG/Y13_EEG_stim_on.bdf,baseline,5,960.453125,1020.3125,triggers,0.12406255534901878,0.05091349731143138,0.198862772956377,58,0.12406255534901878,58
Y13,young_CN,P1,Phase1_CNControls_EEG/Y13_EEG/Y13_EEG_stim_on.bdf,periodic_V,1,1020.3125,1200.453125,triggers,0.2523144983138092,-0.010128549455059498,0.3140943404629914,178,0.44025099017618685,58
Y13,young_CN,P1,Phase1_CNControls_EEG/Y13_EEG/Y13_EEG_stim_on.bdf,baseline,6,1200.453125,1258.78125,triggers,0.0031426578385514436,0.06485096305578573,0.07275641634508458,56,0.0031426578385514436,56
Y13,young_CN,P1,Phase1_CNControls_EEG/Y13_EEG/Y13_EEG_stim_on.bdf,random_V,1,1258.78125,1442.21875,triggers,-0.02160123064769523,-0.03595305596706715,0.03134905534153888,181,-0.047287164265030976,58
Y13,young_CN,P1,Phase1_CNControls_EEG/Y13_EEG/Y13_EEG_stim_on.bdf,baseline,7,1442.21875,1500.0,triggers,0.02880172572538106,-0.04720230413184322,0.20209462399851186,56,0.02880172572538106,56
Y14,young_CN,P1,Phase1_CNControls_EEG/Y14_EEG/Y14_EEG_stim_on.bdf,baseline,1,0.0,60.703125,triggers,0.03212411074727603,0.13200553179558205,0.15922381641135622,59,0.015179143471552026,58
Y14,young_CN,P1,Phase1_CNControls_EEG/Y14_EEG/Y14_EEG_stim_on.bdf,periodic_A,1,60.703125,240.296875,triggers,0.783096669946084,0.0040540229002197364,0.8211499329728084,172,0.7371873855051176,58
Y14,young_CN,P1,Phase1_CNControls_EEG/Y14_EEG/Y14_EEG_stim_on.bdf,baseline,2,240.296875,296.921875,triggers,-0.0908540335901949,-0.0017165213739607776,0.03466184249029768,54,-0.0908540335901949,54
Y14,young_CN,P1,Phase1_CNControls_EEG/Y14_EEG/Y14_EEG_stim_on.bdf,periodic_V,1,296.921875,478.765625,triggers,0.17644336467276323,0.0052689084234901346,0.24650690239074266,180,0.0589907748405136,58
Y14,young_CN,P1,Phase1_CNControls_EEG/Y14_EEG/Y14_EEG_stim_on.bdf,baseline,3,478.765625,540.328125,triggers,-0.024138453934756166,-0.01582235718197797,0.09914116442975301,60,-0.04430307900206683,58
Y14,young_CN,P1,Phase1_CNControls_EEG/Y14_EEG/Y14_EEG_stim_on.bdf,random_A,1,540.328125,721.515625,triggers,-0.010768399024019201,-0.05112640535540962,0.08574632383751034,178,0.013723189633732202,58
Y14,young_CN,P1,Phase1_CNControls_EEG/Y14_EEG/Y14_EEG_stim_on.bdf,baseline,4,721.515625,779.765625,triggers,0.0019130505503344442,0.034765727449648606,0.12533006942458846,55,0.0019130505503344442,55
Y14,young_CN,P1,Phase1_CNControls_EEG/Y14_EEG/Y14_EEG_stim_on.bdf,random_AV,1,779.765625,957.34375,triggers,-0.06614726190920685,-0.04135749419942269,0.013515902216188928,176,-0.044246427004720534,58
Y14,young_CN,P1,Phase1_CNControls_EEG/Y14_EEG/Y14_EEG_stim_on.bdf,baseline,5,957.34375,1018.171875,triggers,-0.01407680914166369,-0.17135517947310078,0.121914762697471,59,-0.006552328582087791,58
Y14,young_CN,P1,Phase1_CNControls_EEG/Y14_EEG/Y14_EEG_stim_on.bdf,periodic_AV,1,1018.171875,1199.28125,triggers,0.7360907844171545,-0.07419680467642538,0.7730127464968463,179,0.7737230422979653,58
Y14,young_CN,P1,Phase1_CNControls_EEG/Y14_EEG/Y14_EEG_stim_on.bdf,baseline,6,1199.28125,1258.96875,triggers,0.00915379885176193,-0.06781793388394956,0.10810981139770322,56,0.00915379885176193,56
Y14,young_CN,P1,Phase1_CNControls_EEG/Y14_EEG/Y14_EEG_stim_on.bdf,random_V,1,1258.96875,1441.78125,triggers,0.00825047590063932,0.004665281343249714,0.08161975367447873,181,-0.00522937488572453,58
Y14,young_CN,P1,Phase1_CNControls_EEG/Y14_EEG/Y14_EEG_stim_on.bdf,baseline,7,1441.78125,1500.0,triggers,-0.022387059490412226,0.09402904075364552,0.0768016072910958,56,-0.022387059490412226,56
HG204,AD,P2A_3mo,Phase2A_EEG/HG204_EEG/HG204_EEG3months.bdf,baseline,1,0.0,61.21875,triggers,-0.04444030141903227,0.08228287081271624,0.12756939811806123,59,-0.05129843024304645,58
HG204,AD,P2A_3mo,Phase2A_EEG/HG204_EEG/HG204_EEG3months.bdf,constant_AV,1,61.21875,122.15625,triggers,-0.07040051681095037,0.009130684409910689,0.07895147938678941,59,-0.07357526750613844,58
HG204,AD,P2A_3mo,Phase2A_EEG/HG204_EEG/HG204_EEG3months.bdf,baseline,2,122.15625,180.203125,triggers,0.1946726899128834,-0.08454842610999369,0.25247192481328906,56,0.1946726899128834,56
HG204,AD,P2A_3mo,Phase2A_EEG/HG204_EEG/HG204_EEG3months.bdf,periodic_AV,1,180.203125,240.625,triggers,0.3392909672701728,0.05285127398439465,0.4352222838526601,58,0.3392909672701728,58
HG204,AD,P2A_3mo,Phase2A_EEG/HG204_EEG/HG204_EEG3months.bdf,baseline,3,240.625,300.0,triggers,0.14709568742749332,0.0011621139542503794,0.2569036283970031,57,0.14709568742749332,57
HG204,AD,P2A_base,Phase2A_EEG/HG204_EEG/HG204_EEGbaseline.bdf,baseline,1,0.0,58.890625,triggers,0.040687787606280695,-0.17515679295252165,0.15689577023659754,57,0.040687787606280695,57
HG204,AD,P2A_base,Phase2A_EEG/HG204_EEG/HG204_EEGbaseline.bdf,periodic_AV,1,58.890625,121.015625,triggers,0.4551792199748498,-0.09502015401596363,0.5693660807171292,60,0.45954248718362467,58
HG204,AD,P2A_base,Phase2A_EEG/HG204_EEG/HG204_EEGbaseline.bdf,baseline,2,121.015625,180.640625,triggers,0.1280684012073457,0.042762323617856035,0.22157294554616452,58,0.1280684012073457,58
HG204,AD,P2A_base,Phase2A_EEG/HG204_EEG/HG204_EEGbaseline.bdf,constant_AV,1,180.640625,239.3125,triggers,-0.0886958714584334,-0.016000736419908804,0.057698957985522895,57,-0.0886958714584334,57
HG204,AD,P2A_base,Phase2A_EEG/HG204_EEG/HG204_EEGbaseline.bdf,baseline,3,239.3125,300.0,triggers,0.1330183912167856,-0.028416106434187044,0.2596648021872977,59,0.1326873318199545,58
HG205,AD,P2A_3mo,Phase2A_EEG/HG205_EEG/HG205_EEG3months.bdf,baseline,1,0.0,57.90625,triggers,-0.07994892204314766,0.05677513253115887,0.06001459227867026,55,-0.07994892204314766,55
HG205,AD,P2A_3mo,Phase2A_EEG/HG205_EEG/HG205_EEG3months.bdf,periodic_AV,1,57.90625,117.484375,triggers,0.06331305021555257,-0.032376102584855265,0.13643099120321875,54,0.06331305021555257,54
HG205,AD,P2A_3mo,Phase2A_EEG/HG205_EEG/HG205_EEG3months.bdf,baseline,2,117.484375,175.921875,triggers,-0.032697581087642896,-0.04202268460896588,0.06292997141451838,56,-0.032697581087642896,56
HG205,AD,P2A_3mo,Phase2A_EEG/HG205_EEG/HG205_EEG3months.bdf,constant_AV,1,175.921875,236.796875,triggers,-0.035679002645587654,0.08344893511240921,0.14135676026511607,59,-0.043914805657750966,58
HG205,AD,P2A_3mo,Phase2A_EEG/HG205_EEG/HG205_EEG3months.bdf,baseline,3,236.796875,300.0,triggers,-0.13105875510590523,0.05311825267307274,0.027815602189867818,61,-0.1263572433406577,58
HG205,AD,P2A_base,Phase2A_EEG/HG205_EEG/HG205_EEGbaseline.bdf,baseline,1,0.0,57.859375,triggers,-0.03724774806143144,0.09822198444801586,0.08782952458094367,42,-0.03724774806143144,42
HG205,AD,P2A_base,Phase2A_EEG/HG205_EEG/HG205_EEGbaseline.bdf,constant_AV,1,57.859375,117.828125,triggers,-0.06468324178213508,-0.012395305198942927,0.03386005382230004,58,-0.06468324178213508,58
HG205,AD,P2A_base,Phase2A_EEG/HG205_EEG/HG205_EEGbaseline.bdf,baseline,2,117.828125,177.6875,triggers,0.041886910043831396,0.06294085703235361,0.11351925283935914,58,0.041886910043831396,58
HG205,AD,P2A_base,Phase2A_EEG/HG205_EEG/HG205_EEGbaseline.bdf,periodic_AV,1,177.6875,237.078125,triggers,0.21196547715903225,-0.023562263411490328,0.2830128985874539,57,0.21196547715903225,57
HG205,AD,P2A_base,Phase2A_EEG/HG205_EEG/HG205_EEGbaseline.bdf,baseline,3,237.078125,300.0,triggers,0.09586005120744462,-0.0619242704210209,0.1631518651944121,61,0.09981426065522403,58
HG206,AD,P2A_3mo,Phase2A_EEG/HG206_EEG/HG206_EEG3months.bdf,baseline,1,0.0,58.96875,triggers,0.07742267651843648,0.004275742740003516,0.17166715516090722,57,0.07742267651843648,57
HG206,AD,P2A_3mo,Phase2A_EEG/HG206_EEG/HG206_EEG3months.bdf,periodic_AV,1,58.96875,126.609375,triggers,0.6108384421943579,-0.15050436680631715,0.7280128566997758,66,0.6172497566345231,58
HG206,AD,P2A_3mo,Phase2A_EEG/HG206_EEG/HG206_EEG3months.bdf,baseline,2,126.609375,184.453125,triggers,-0.04948615671602612,0.03914147897696621,0.07979779924422838,56,-0.04948615671602612,56
HG206,AD,P2A_3mo,Phase2A_EEG/HG206_EEG/HG206_EEG3months.bdf,constant_AV,1,184.453125,241.890625,triggers,0.06233707383366535,-0.028605440936864998,0.2054363801874982,55,0.06233707383366535,55
HG206,AD,P2A_3mo,Phase2A_EEG/HG206_EEG/HG206_EEG3months.bdf,baseline,3,241.890625,300.0,triggers,-0.0477006662460073,0.044725271937601924,0.13859768383962548,56,-0.0477006662460073,56
HG206,AD,P2A_base,Phase2A_EEG/HG206_EEG/HG206_EEGbaseline.bdf,baseline,1,0.0,56.6875,triggers,0.13051848091302054,-0.019287627696630727,0.24135074221181005,55,0.13051848091302054,55
HG206,AD,P2A_base,Phase2A_EEG/HG206_EEG/HG206_EEGbaseline.bdf,periodic_AV,1,56.6875,118.3125,triggers,0.7060253205961898,0.025365608513166465,0.7699158326588817,60,0.7357888371187455,58
HG206,AD,P2A_base,Phase2A_EEG/HG206_EEG/HG206_EEGbaseline.bdf,baseline,2,118.3125,176.125,triggers,-0.052342025102774234,-0.014325231044030828,0.07636496823707707,56,-0.052342025102774234,56
HG206,AD,P2A_base,Phase2A_EEG/HG206_EEG/HG206_EEGbaseline.bdf,constant_AV,1,176.125,241.859375,triggers,0.0645924346585208,0.11569759269102273,0.1905639330096917,64,0.06433843508162063,58
HG206,AD,P2A_base,Phase2A_EEG/HG206_EEG/HG206_EEGbaseline.bdf,baseline,3,241.859375,300.0,triggers,-0.07999395902066628,0.0417245693462833,0.11002834115173876,55,-0.07999395902066628,55
HG207,AD,P2A_3mo,Phase2A_EEG/HG207_EEG/HG207_EEG3months.bdf,baseline,1,0.0,58.671875,triggers,-0.04739208256306414,0.09284268062194884,0.08251145077998533,57,-0.04739208256306414,57
HG207,AD,P2A_3mo,Phase2A_EEG/HG207_EEG/HG207_EEG3months.bdf,constant_AV,1,58.671875,118.640625,triggers,-0.08780602575238051,0.0021910863195212654,0.020700610026531275,58,-0.08780602575238051,58
HG207,AD,P2A_3mo,Phase2A_EEG/HG207_EEG/HG207_EEG3months.bdf,baseline,2,118.640625,177.765625,triggers,-0.08922305790291932,0.09174783735270836,0.04218438133214644,55,-0.08922305790291932,55
HG207,AD,P2A_3mo,Phase2A_EEG/HG207_EEG/HG207_EEG3months.bdf,periodic_AV,1,177.765625,237.859375,triggers,0.09999618994494994,-0.00557651405322751,0.22380306380729229,58,0.09999618994494994,58
HG207,AD,P2A_3mo,Phase2A_EEG/HG207_EEG/HG207_EEG3months.bdf,baseline,3,237.859375,300.0,triggers,-0.024676733147820915,0.07358078964763505,0.10875797935787083,57,-0.024676733147820915,57
HG207,AD,P2A_base,Phase2A_EEG/HG207_EEG/HG207_EEGbaseline.bdf,baseline,1,0.0,60.4375,triggers,0.050271846417107524,-0.01636726058110889,0.17252395840964027,57,0.050271846417107524,57
HG207,AD,P2A_base,Phase2A_EEG/HG207_EEG/HG207_EEGbaseline.bdf,periodic_AV,1,60.4375,121.6875,triggers,0.4014871595188536,-0.06950847814606116,0.5002599192772649,59,0.40547110030847744,58
HG207,AD,P2A_base,Phase2A_EEG/HG207_EEG/HG207_EEGbaseline.bdf,baseline,2,121.6875,179.71875,triggers,-0.05780986999592552,0.03917485963926226,0.11883219264851186,54,-0.05780986999592552,54
HG207,AD,P2A_base,Phase2A_EEG/HG207_EEG/HG207_EEGbaseline.bdf,constant_AV,1,179.71875,240.96875,triggers,-0.010280301186856272,-0.05227126833794229,0.09389865134533495,57,-0.010280301186856272,57
HG207,AD,P2A_base,Phase2A_EEG/HG207_EEG/HG207_EEGbaseline.bdf,baseline,3,240.96875,300.0,triggers,0.06699569904890079,0.09457321532631592,0.17950722706786915,55,0.06699569904890079,55
HG208,AD,P2A_3mo,Phase2A_EEG/HG208_EEG/HG208_EEG3months.bdf,baseline,1,0.0,56.984375,triggers,-0.00016541418070654956,-0.08337303235524353,0.10319533922562299,54,-0.00016541418070654956,54
HG208,AD,P2A_3mo,Phase2A_EEG/HG208_EEG/HG208_EEG3months.bdf,periodic_AV,1,56.984375,122.625,triggers,0.47846503262432205,0.03455178991008809,0.6815566520556428,64,0.5050687698417613,58
HG208,AD,P2A_3mo,Phase2A_EEG/HG208_EEG/HG208_EEG3months.bdf,baseline,2,122.625,181.015625,triggers,0.012039079524991156,-0.05028462985749839,0.12722843766049052,56,0.012039079524991156,56
HG208,AD,P2A_3mo,Phase2A_EEG/HG208_EEG/HG208_EEG3months.bdf,constant_AV,1,181.015625,241.703125,triggers,-0.0565855865795026,-0.014579428198305322,0.05662481331933323,59,-0.04920350642961124,58
HG208,AD,P2A_3mo,Phase2A_EEG/HG208_EEG/HG208_EEG3months.bdf,baseline,3,241.703125,300.0,triggers,0.001107096448786385,-0.07435794967532522,0.12438181757971226,56,0.001107096448786385,56
HG208,AD,P2A_base,Phase2A_EEG/HG208_EEG/HG208_EEGbaseline.bdf,baseline,1,0.0,60.75,triggers,0.05776650461491267,0.09764597139276038,0.17626170857673848,58,0.05776650461491267,58
HG208,AD,P2A_base,Phase2A_EEG/HG208_EEG/HG208_EEGbaseline.bdf,constant_AV,1,60.75,119.140625,triggers,0.0061262264129108845,0.11396526989010478,0.16628438209546667,56,0.0061262264129108845,56
HG208,AD,P2A_base,Phase2A_EEG/HG208_EEG/HG208_EEGbaseline.bdf,baseline,2,119.140625,179.21875,triggers,0.01266063910979158,0.03256490371449369,0.13328023265061403,56,0.01266063910979158,56
HG208,AD,P2A_base,Phase2A_EEG/HG208_EEG/HG208_EEGbaseline.bdf,periodic_AV,1,179.21875,238.0,triggers,0.5888199688618302,-0.05275715193646134,0.6656144386223309,56,0.5888199688618302,56
HG208,AD,P2A_base,Phase2A_EEG/HG208_EEG/HG208_EEGbaseline.bdf,baseline,3,238.0,300.0,triggers,0.029430469742290508,-0.04869697078259867,0.12913078227877672,59,0.02380502109458299,58
HG209,AD,P2A_3mo,Phase2A_EEG/HG209_EEG/HG209_EEG3months.bdf,baseline,1,0.0,57.546875,triggers,-0.007051123136016982,0.0632051170496453,0.09829409602622559,53,-0.007051123136016982,53
HG209,AD,P2A_3mo,Phase2A_EEG/HG209_EEG/HG209_EEG3months.bdf,constant_AV,1,57.546875,117.515625,triggers,0.03758056413696495,0.08578442188664553,0.13804353059554753,58,0.03758056413696495,58
HG209,AD,P2A_3mo,Phase2A_EEG/HG209_EEG/HG209_EEG3months.bdf,baseline,2,117.515625,176.921875,triggers,-0.0027430786454774522,0.01578628905643127,0.056468523367102216,56,-0.0027430786454774522,56
HG209,AD,P2A_3mo,Phase2A_EEG/HG209_EEG/HG209_EEG3months.bdf,periodic_AV,1,176.921875,238.9375,triggers,0.5095240801600573,0.17544748896648943,0.6255065109481589,60,0.5527957019122818,58
HG209,AD,P2A_3mo,Phase2A_EEG/HG209_EEG/HG209_EEG3months.bdf,baseline,3,238.9375,300.0,triggers,-0.06295445729128227,0.03449495674981516,0.04619998549683692,59,-0.04619187184884012,58
HG209,AD,P2A_base,Phase2A_EEG/HG209_EEG/HG209_EEGbaseline.bdf,baseline,1,0.0,57.21875,triggers,0.026004416127615726,0.06309349547453993,0.20089558041778882,55,0.026004416127615726,55
HG209,AD,P2A_base,Phase2A_EEG/HG209_EEG/HG209_EEGbaseline.bdf,constant_AV,1,57.21875,122.359375,triggers,0.06457071316145524,0.05990338957353657,0.14128507969784065,63,0.08300863930049049,58
HG209,AD,P2A_base,Phase2A_EEG/HG209_EEG/HG209_EEGbaseline.bdf,baseline,2,122.359375,175.921875,triggers,0.09098291533419295,-0.010921883522013703,0.26131401922485953,52,0.09098291533419295,52
HG209,AD,P2A_base,Phase2A_EEG/HG209_EEG/HG209_EEGbaseline.bdf,periodic_AV,1,175.921875,240.203125,triggers,0.37253540894539194,0.10441666839483288,0.46473387048962117,62,0.35560947170461527,58
HG209,AD,P2A_base,Phase2A_EEG/HG209_EEG/HG209_EEGbaseline.bdf,baseline,3,240.203125,300.0,triggers,-0.0068896298577895,0.07086061671730527,0.05932056004910173,55,-0.0068896298577895,55
HG210,AD,P2A_3mo,Phase2A_EEG/HG210_EEG/HG210_EEG3months.bdf,baseline,1,0.0,57.453125,triggers,-0.04352436954571298,-0.019004381860269925,0.08281270649259567,54,-0.04352436954571298,54
HG210,AD,P2A_3mo,Phase2A_EEG/HG210_EEG/HG210_EEG3months.bdf,periodic_AV,1,57.453125,116.546875,triggers,0.08612232202583756,0.052153916221611446,0.22787662243026566,53,0.08612232202583756,53
HG210,AD,P2A_3mo,Phase2A_EEG/HG210_EEG/HG210_EEG3months.bdf,baseline,2,116.546875,176.125,triggers,-0.11682225960766149,0.09868925447549037,0.03010253902100249,52,-0.11682225960766149,52
HG210,AD,P2A_3mo,Phase2A_EEG/HG210_EEG/HG210_EEG3months.bdf,constant_AV,1,176.125,236.78125,triggers,0.058640674083440675,0.040463673863745137,0.17324087430619214,54,0.058640674083440675,54
HG210,AD,P2A_3mo,Phase2A_EEG/HG210_EEG/HG210_EEG3months.bdf,baseline,3,236.78125,300.0,triggers,0.05902991072763242,-0.005970304206401406,0.18582324216345245,57,0.05902991072763242,57
HG210,AD,P2A_base,Phase2A_EEG/HG210_EEG/HG210_EEGbaseline.bdf,baseline,1,0.0,57.9375,triggers,-0.002380417427932574,-0.02555505965952304,0.15434019362093235,48,-0.002380417427932574,48
HG210,AD,P2A_base,Phase2A_EEG/HG210_EEG/HG210_EEGbaseline.bdf,periodic_AV,1,57.9375,117.2421875,triggers,0.3241804950828133,0.053701726721114396,0.5088448362893576,56,0.3241804950828133,56
HG210,AD,P2A_base,Phase2A_EEG/HG210_EEG/HG210_EEGbaseline.bdf,baseline,2,117.2421875,178.453125,triggers,-0.011563048409571702,0.00655087328110035,0.04677031051335762,55,-0.011563048409571702,55
HG210,AD,P2A_base,Phase2A_EEG/HG210_EEG/HG210_EEGbaseline.bdf,constant_AV,1,178.453125,237.0625,triggers,0.009113746983016813,-0.016598899869465666,0.150516005597638,52,0.009113746983016813,52
HG210,AD,P2A_base,Phase2A_EEG/HG210_EEG/HG210_EEGbaseline.bdf,baseline,3,237.0625,300.0,triggers,0.05395243138094259,-0.07305782898884369,0.16982535063459134,52,0.05395243138094259,52
HG211,AD,P2A_3mo,Phase2A_EEG/HG211_EEG/HG211_EEG3months.bdf,baseline,1,0.0,61.28125,triggers,0.08327833943571114,-0.019989095288183892,0.2249107707422682,59,0.08114900747938869,58
HG211,AD,P2A_3mo,Phase2A_EEG/HG211_EEG/HG211_EEG3months.bdf,constant_AV,1,61.28125,121.203125,triggers,0.07380045586772414,0.1598730534137016,0.1453840960170305,58,0.07380045586772414,58
HG211,AD,P2A_3mo,Phase2A_EEG/HG211_EEG/HG211_EEG3months.bdf,baseline,2,121.203125,180.1484375,triggers,-0.07393897994809745,-0.0825564018901031,0.03439869049558174,57,-0.07393897994809745,57
HG211,AD,P2A_3mo,Phase2A_EEG/HG211_EEG/HG211_EEG3months.bdf,periodic_AV,1,180.1484375,240.75,triggers,0.620593380998,0.043055538567679436,0.7723072844376275,59,0.6234110884797244,58
HG211,AD,P2A_3mo,Phase2A_EEG/HG211_EEG/HG211_EEG3months.bdf,baseline,3,240.75,300.0,triggers,-0.09805747749828647,-0.0132572761110432,0.015009632650432793,57,-0.09805747749828647,57
HG211,AD,P2A_base,Phase2A_EEG/HG211_EEG/HG211_EEGbaseline.bdf,baseline,1,0.0,58.125,triggers,0.0797987013013304,0.10661800385113535,0.20891790134375698,56,0.0797987013013304,56
HG211,AD,P2A_base,Phase2A_EEG/HG211_EEG/HG211_EEGbaseline.bdf,periodic_AV,1,58.125,116.5625,triggers,0.5648024313754111,-0.11211518053834182,0.6754185697493036,56,0.5648024313754111,56
HG211,AD,P2A_base,Phase2A_EEG/HG211_EEG/HG211_EEGbaseline.bdf,baseline,2,116.5625,177.0,triggers,0.08871989468046548,-0.0674633779364702,0.2192510725876231,58,0.08871989468046548,58
HG211,AD,P2A_base,Phase2A_EEG/HG211_EEG/HG211_EEGbaseline.bdf,constant_AV,1,177.0,238.71875,triggers,-0.04394563883993205,-0.07779152320713083,0.07233262104818436,60,-0.02596187319929104,58
HG211,AD,P2A_base,Phase2A_EEG/HG211_EEG/HG211_EEGbaseline.bdf,baseline,3,238.71875,300.0,triggers,-0.024239219582389428,0.06332936590495676,0.03762765100993276,59,-0.015390040098635718,58
HG212,AD,P2A_3mo,Phase2A_EEG/HG212_EEG/HG212_EEG3months.bdf,baseline,1,0.0,56.484375,triggers,-0.0169102124792493,-0.05621351861292284,0.12266031101839085,54,-0.0169102124792493,54
HG212,AD,P2A_3mo,Phase2A_EEG/HG212_EEG/HG212_EEG3months.bdf,constant_AV,1,56.484375,117.90625,triggers,-0.01148961058261716,-0.1397972515726218,0.08784397168606486,56,-0.01148961058261716,56
HG212,AD,P2A_3mo,Phase2A_EEG/HG212_EEG/HG212_EEG3months.bdf,baseline,2,117.90625,176.453125,triggers,-0.03719127931378208,-0.03371493950295161,0.031056352372316427,54,-0.03719127931378208,54
HG212,AD,P2A_3mo,Phase2A_EEG/HG212_EEG/HG212_EEG3months.bdf,periodic_AV,1,176.453125,239.15625,triggers,0.1650977825238299,0.09220204980060796,0.2604989332822166,61,0.13783868884764666,58
HG212,AD,P2A_3mo,Phase2A_EEG/HG212_EEG/HG212_EEG3months.bdf,baseline,3,239.15625,300.0,triggers,0.04752920932797862,-0.0609390198112421,0.11415099831127375,59,0.05063716576735132,58
HG212,AD,P2A_base,Phase2A_EEG/HG212_EEG/HG212_EEGbaseline.bdf,baseline,1,0.0,58.09375,triggers,-0.04336169649617217,0.01574289875266864,0.03925609384169639,56,-0.04336169649617217,56
HG212,AD,P2A_base,Phase2A_EEG/HG212_EEG/HG212_EEGbaseline.bdf,constant_AV,1,58.09375,116.65625,triggers,0.001646393009829994,0.02874842503096993,0.14243863782068183,57,0.001646393009829994,57
HG212,AD,P2A_base,Phase2A_EEG/HG212_EEG/HG212_EEGbaseline.bdf,baseline,2,116.65625,177.9375,triggers,0.02907263398927673,0.009768394466966313,0.13452173221949423,59,0.04387435153310368,58
HG212,AD,P2A_base,Phase2A_EEG/HG212_EEG/HG212_EEGbaseline.bdf,periodic_AV,1,177.9375,238.296875,triggers,0.0722042142511505,0.08888750707652537,0.18345612592545446,58,0.0722042142511505,58
HG212,AD,P2A_base,Phase2A_EEG/HG212_EEG/HG212_EEGbaseline.bdf,baseline,3,238.296875,300.0,triggers,-0.021767577132633192,0.05842997461619259,0.08208804872837033,60,-0.007051084235600247,58
HG213,AD,P2A_3mo,Phase2A_EEG/HG213_EEG/HG213_EEG3months.bdf,baseline,1,0.0,58.125,triggers,0.06603299905873325,0.06887116913465441,0.14769551724560145,56,0.06603299905873325,56
HG213,AD,P2A_3mo,Phase2A_EEG/HG213_EEG/HG213_EEG3months.bdf,periodic_AV,1,58.125,119.90625,triggers,0.005554004318458233,-0.10387171314015577,0.11335073043967361,59,-0.012039231538672826,58
HG213,AD,P2A_3mo,Phase2A_EEG/HG213_EEG/HG213_EEG3months.bdf,baseline,2,119.90625,177.296875,triggers,0.06814084049754501,0.0748273584832399,0.20020271603883236,55,0.06814084049754501,55
HG213,AD,P2A_3mo,Phase2A_EEG/HG213_EEG/HG213_EEG3months.bdf,constant_AV,1,177.296875,236.953125,triggers,-0.02345856396622767,-0.018439012517278794,0.07419186684483879,58,-0.02345856396622767,58
HG213,AD,P2A_3mo,Phase2A_EEG/HG213_EEG/HG213_EEG3months.bdf,baseline,3,236.953125,300.0,triggers,-0.008501686053119017,0.12686166856459047,0.06267904259038314,61,-0.06392789970547436,58
HG213,AD,P2A_base,Phase2A_EEG/HG213_EEG/HG213_EEGbaseline.bdf,baseline,1,0.0,58.296875,triggers,-0.05585831592308313,-0.040214526198695866,0.0963883509199909,56,-0.05585831592308313,56
HG213,AD,P2A_base,Phase2A_EEG/HG213_EEG/HG213_EEGbaseline.bdf,periodic_AV,1,58.296875,117.453125,triggers,0.3105116259869437,-0.03244000493496818,0.3967742435769186,57,0.3105116259869437,57
HG213,AD,P2A_base,Phase2A_EEG/HG213_EEG/HG213_EEGbaseline.bdf,baseline,2,117.453125,175.75,triggers,0.08308491131350121,-0.03552577158845083,0.1736900854374839,56,0.08308491131350121,56
HG213,AD,P2A_base,Phase2A_EEG/HG213_EEG/HG213_EEGbaseline.bdf,constant_AV,1,175.75,237.1875,triggers,0.19968715373043855,-0.004181424326805808,0.28951131274868175,59,0.18263793052646282,58
HG213,AD,P2A_base,Phase2A_EEG/HG213_EEG/HG213_EEGbaseline.bdf,baseline,3,237.1875,300.0,triggers,-0.013603992066895262,0.07234615625831499,0.06692431043697919,61,-0.03632889775774257,58
HG214,AD,P2A_3mo,Phase2A_EEG/HG214_EEG/HG214_EEG3months.bdf,baseline,1,0.0,61.640625,triggers,0.04658090515944384,0.00953416585825305,0.13212346671423877,60,0.10064299757321689,58
HG214,AD,P2A_3mo,Phase2A_EEG/HG214_EEG/HG214_EEG3months.bdf,constant_AV,1,61.640625,119.921875,triggers,-0.019856589200284665,0.08563344190001124,0.05974174290142444,56,-0.019856589200284665,56
HG214,AD,P2A_3mo,Phase2A_EEG/HG214_EEG/HG214_EEG3months.bdf,baseline,2,119.921875,180.34375,triggers,-0.060397004428155585,0.06360813160670477,0.080062236843346,58,-0.060397004428155585,58
HG214,AD,P2A_3mo,Phase2A_EEG/HG214_EEG/HG214_EEG3months.bdf,periodic_AV,1,180.34375,241.671875,triggers,0.7183092724189808,-0.004802412626505215,0.8230096287774434,56,0.7183092724189808,56
HG214,AD,P2A_3mo,Phase2A_EEG/HG214_EEG/HG214_EEG3months.bdf,baseline,3,241.671875,300.0,triggers,0.14663290839117493,-0.04980648928134945,0.22072473483663835,55,0.14663290839117493,55
HG214,AD,P2A_base,Phase2A_EEG/HG214_EEG/HG214_EEGbaseline.bdf,baseline,1,0.0,57.296875,triggers,0.04193397581429578,0.007401458196831162,0.12158507413424939,54,0.04193397581429578,54
HG214,AD,P2A_base,Phase2A_EEG/HG214_EEG/HG214_EEGbaseline.bdf,constant_AV,1,57.296875,118.03125,triggers,-0.0022538268589983312,-0.05006079524125011,0.0921466827435953,59,-0.021676597046355342,58
HG214,AD,P2A_base,Phase2A_EEG/HG214_EEG/HG214_EEGbaseline.bdf,baseline,2,118.03125,178.421875,triggers,-0.04193891126154684,0.0128755118233021,0.056437730639218385,58,-0.04193891126154684,58
HG214,AD,P2A_base,Phase2A_EEG/HG214_EEG/HG214_EEGbaseline.bdf,periodic_AV,1,178.421875,237.484375,triggers,0.7061687738203468,0.04094479100892526,0.8183826940169137,57,0.7061687738203468,57
HG214,AD,P2A_base,Phase2A_EEG/HG214_EEG/HG214_EEGbaseline.bdf,baseline,3,237.484375,300.0,triggers,-0.020605682515532464,0.02647936661773108,0.08918786820086494,61,0.003441030419738006,58
HG217,AD,P2A_3mo,Phase2A_EEG/HG217_EEG/HG217_EEG3months.bdf,baseline,1,0.0,65.5625,triggers,-0.008686794786700952,0.009405363569426103,0.06438172870248945,64,0.036992022321347406,58
HG217,AD,P2A_3mo,Phase2A_EEG/HG217_EEG/HG217_EEG3months.bdf,periodic_AV,1,65.5625,121.671875,triggers,0.2889064308675908,0.04296227501221686,0.3977475956180952,54,0.2889064308675908,54
HG217,AD,P2A_3mo,Phase2A_EEG/HG217_EEG/HG217_EEG3months.bdf,baseline,2,121.671875,180.734375,triggers,-0.07586129270847174,-0.022758222495763217,0.09740400452168525,56,-0.07586129270847174,56
HG217,AD,P2A_3mo,Phase2A_EEG/HG217_EEG/HG217_EEG3months.bdf,constant_AV,1,180.734375,242.265625,triggers,-0.021866790815458725,-0.004082751392433581,0.14259500404554337,60,-0.03869314586488176,58
HG217,AD,P2A_3mo,Phase2A_EEG/HG217_EEG/HG217_EEG3months.bdf,baseline,3,242.265625,300.0,triggers,-0.02579381152355041,0.04233346264623501,0.05836424240554254,56,-0.02579381152355041,56
HG217,AD,P2A_base,Phase2A_EEG/HG217_EEG/HG217_EEGbaseline.bdf,baseline,1,0.0,60.859375,triggers,0.14992577402734922,-0.0369308815488808,0.2278773246932248,57,0.14992577402734922,57
HG217,AD,P2A_base,Phase2A_EEG/HG217_EEG/HG217_EEGbaseline.bdf,periodic_AV,1,60.859375,118.453125,triggers,-0.01271696303052472,-0.10804278294532874,0.13691833710099283,52,-0.01271696303052472,52
HG217,AD,P2A_base,Phase2A_EEG/HG217_EEG/HG217_EEGbaseline.bdf,baseline,2,118.453125,180.1875,triggers,-0.10254698457488035,0.03273565440856614,0.06021744571334947,60,-0.08800293913304581,58
HG217,AD,P2A_base,Phase2A_EEG/HG217_EEG/HG217_EEGbaseline.bdf,constant_AV,1,180.1875,238.28125,triggers,0.06528374548030144,-0.08947171770842288,0.2254245764652933,55,0.06528374548030144,55
HG217,AD,P2A_base,Phase2A_EEG/HG217_EEG/HG217_EEGbaseline.bdf,baseline,3,238.28125,300.0,triggers,0.048159484745955675,0.13995269481237033,0.1415250525965134,59,0.0527120175703014,58
HG218,AD,P2A_3mo,Phase2A_EEG/HG218_EEG/HG218_EEG3months.bdf,baseline,1,0.0,55.421875,triggers,-0.0015915714588137092,0.06265961328581562,0.09736692507891638,50,-0.0015915714588137092,50
HG218,AD,P2A_3mo,Phase2A_EEG/HG218_EEG/HG218_EEG3months.bdf,constant_AV,1,55.421875,114.28125,triggers,0.043245372147823063,-0.17910009412012617,0.15351443093390682,55,0.043245372147823063,55
HG218,AD,P2A_3mo,Phase2A_EEG/HG218_EEG/HG218_EEG3months.bdf,baseline,2,114.28125,174.765625,triggers,0.048357269793454324,0.0777866319936597,0.17127231862243458,57,0.048357269793454324,57
HG218,AD,P2A_3mo,Phase2A_EEG/HG218_EEG/HG218_EEG3months.bdf,periodic_AV,1,174.765625,235.578125,triggers,0.30679123344005765,0.0894652221936241,0.4536881325030657,54,0.30679123344005765,54
HG218,AD,P2A_3mo,Phase2A_EEG/HG218_EEG/HG218_EEG3months.bdf,baseline,3,235.578125,300.0,triggers,-0.05514633118034232,-0.0421558927679626,0.04433265358314861,56,-0.05514633118034232,56
HG218,AD,P2A_base,Phase2A_EEG/HG218_EEG/HG218_EEGbaseline.bdf,baseline,1,0.0,57.765625,triggers,-0.007422863040785779,-0.018667035015877312,0.10005737119870539,54,-0.007422863040785779,54
HG218,AD,P2A_base,Phase2A_EEG/HG218_EEG/HG218_EEGbaseline.bdf,constant_AV,1,57.765625,117.515625,triggers,-0.04132825852029594,-0.05242232228573565,0.11394807435232436,58,-0.04132825852029594,58
HG218,AD,P2A_base,Phase2A_EEG/HG218_EEG/HG218_EEGbaseline.bdf,baseline,2,117.515625,176.515625,triggers,0.0113152314839947,-0.06305471720599018,0.1157651272311602,54,0.0113152314839947,54
HG218,AD,P2A_base,Phase2A_EEG/HG218_EEG/HG218_EEGbaseline.bdf,periodic_AV,1,176.515625,238.640625,triggers,0.02142521159811224,-0.10295561055550373,0.12487446690904515,54,0.02142521159811224,54
HG218,AD,P2A_base,Phase2A_EEG/HG218_EEG/HG218_EEGbaseline.bdf,baseline,3,238.640625,300.0,triggers,-0.09051200342786823,-0.09746897492040064,0.10293190956618965,58,-0.09051200342786823,58
HG221,AD,P2A_3mo,Phase2A_EEG/HG221_EEG/HG221_EEG3months.bdf,baseline,1,0.0,56.828125,triggers,-0.056709155343108136,-0.07781443057617182,0.1403619553077354,46,-0.056709155343108136,46
HG221,AD,P2A_3mo,Phase2A_EEG/HG221_EEG/HG221_EEG3months.bdf,constant_AV,1,56.828125,117.46875,triggers,0.17285930750464112,-0.061721295423896476,0.26038466382361936,57,0.17285930750464112,57
HG221,AD,P2A_3mo,Phase2A_EEG/HG221_EEG/HG221_EEG3months.bdf,baseline,2,117.46875,175.75,triggers,-0.03924747248138524,-0.13242057320353717,0.1154971841010588,48,-0.03924747248138524,48
HG221,AD,P2A_3mo,Phase2A_EEG/HG221_EEG/HG221_EEG3months.bdf,periodic_AV,1,175.75,236.5625,triggers,0.027802423163515555,0.054233747794611126,0.19051086009857948,46,0.027802423163515555,46
HG221,AD,P2A_3mo,Phase2A_EEG/HG221_EEG/HG221_EEG3months.bdf,baseline,3,236.5625,300.0,triggers,-0.07814614297947771,0.03588361099014302,0.07595256407624588,53,-0.07814614297947771,53
HG221,AD,P2A_base,Phase2A_EEG/HG221_EEG/HG221_EEGbaseline.bdf,baseline,1,0.0,56.92578125,triggers,-0.013351164027590096,-0.013716448998254069,0.13579384557190777,51,-0.013351164027590096,51
HG221,AD,P2A_base,Phase2A_EEG/HG221_EEG/HG221_EEGbaseline.bdf,baseline,2,119.640625,179.046875,triggers,-0.05523418925775121,0.0037596608142083376,0.09216735194226626,57,-0.05523418925775121,57
HG221,AD,P2A_base,Phase2A_EEG/HG221_EEG/HG221_EEGbaseline.bdf,periodic_AV,1,179.046875,239.1875,triggers,0.33926283048535477,-0.017269817814780805,0.494599148260457,53,0.33926283048535477,53
HG221,AD,P2A_base,Phase2A_EEG/HG221_EEG/HG221_EEGbaseline.bdf,baseline,3,239.1875,299.734375,triggers,0.03490749465153545,-0.08413562640714153,0.13057166750897384,57,0.03490749465153545,57
HG221,AD,P2A_base,Phase2A_EEG/HG221_EEG/HG221_EEGbaseline.bdf,constant_AV,1,299.734375,360.390625,triggers,-0.0517831596836623,0.13912370997086776,0.11430639077910361,56,-0.0517831596836623,56
HG221,AD,P2A_base,Phase2A_EEG/HG221_EEG/HG221_EEGbaseline.bdf,baseline,4,360.390625,420.0,triggers,0.01462813955652964,0.12767028705577932,0.15218788959526716,51,0.01462813955652964,51
HG222,AD,P2A_3mo,Phase2A_EEG/HG222_EEG/HG222_EEG3months.bdf,baseline,1,0.0,54.671875,triggers,-0.11328896045634022,-0.13527558262900588,0.04263925281529375,53,-0.11328896045634022,53
HG222,AD,P2A_3mo,Phase2A_EEG/HG222_EEG/HG222_EEG3months.bdf,periodic_AV,1,54.671875,115.25,triggers,0.7194790582322022,0.058744549256217166,0.8311146666064618,59,0.7191456211730559,58
HG222,AD,P2A_3mo,Phase2A_EEG/HG222_EEG/HG222_EEG3months.bdf,baseline,2,115.25,174.421875,triggers,-0.08182145282265094,-0.01292481655528431,0.054371807893522056,57,-0.08182145282265094,57
HG222,AD,P2A_3mo,Phase2A_EEG/HG222_EEG/HG222_EEG3months.bdf,constant_AV,1,174.421875,236.546875,triggers,-0.028113210666008498,0.08987326706605539,0.10296213405820429,60,-0.04988932700942025,58
HG222,AD,P2A_3mo,Phase2A_EEG/HG222_EEG/HG222_EEG3months.bdf,baseline,3,236.546875,300.0,triggers,0.08178823479500485,-0.06730236800613561,0.1939816650717401,61,0.09372548802095379,58
