sid,group,visit,file,label,occurrence,start_s,stop_s,source,R40,R33,itc40,n_ep,R40_1min,n_ep_1min
HG201,AD,P1,Phase1_AD_EEG/HG201_EEG/HG201_EEGstim_on.bdf,baseline,1,0.0,60.578125,triggers,0.1423004330641038,0.011163954968925555,0.26803623730809356,59,0.17121977024954768,58
HG201,AD,P1,Phase1_AD_EEG/HG201_EEG/HG201_EEGstim_on.bdf,periodic_AV,1,60.578125,121.96875,triggers,0.41172007607379973,0.020746523596612623,0.5381618545440063,59,0.40193149525206195,58
HG201,AD,P1,Phase1_AD_EEG/HG201_EEG/HG201_EEGstim_on.bdf,baseline,2,121.96875,180.890625,triggers,0.021212320696312847,0.05456003277159083,0.1096474983008808,57,0.021212320696312847,57
HG201,AD,P1,Phase1_AD_EEG/HG201_EEG/HG201_EEGstim_on.bdf,periodic_V,1,180.890625,241.578125,triggers,0.15648411907643994,0.0018560801122717713,0.27605284944360703,59,0.15455116683797232,58
HG201,AD,P1,Phase1_AD_EEG/HG201_EEG/HG201_EEGstim_on.bdf,baseline,3,241.578125,299.90625,triggers,0.0003489466599140012,-0.0319176419147528,0.11188294246984183,56,0.0003489466599140012,56
HG201,AD,P1,Phase1_AD_EEG/HG201_EEG/HG201_EEGstim_on.bdf,constant_V,1,299.90625,361.75,triggers,0.10316787560866594,0.007841348106088691,0.17944404889168472,60,0.09139694899615154,58
HG201,AD,P1,Phase1_AD_EEG/HG201_EEG/HG201_EEGstim_on.bdf,baseline,4,361.75,421.484375,triggers,-0.008637408398796786,-0.06449761541383331,0.14261213876548398,58,-0.008637408398796786,58
HG201,AD,P1,Phase1_AD_EEG/HG201_EEG/HG201_EEGstim_on.bdf,constant_AV,1,421.484375,480.046875,triggers,0.14540117892990193,0.08949784902753638,0.27120195406045905,57,0.14540117892990193,57
HG201,AD,P1,Phase1_AD_EEG/HG201_EEG/HG201_EEGstim_on.bdf,baseline,5,480.046875,540.125,triggers,-0.01782757504760725,0.08300015627966298,0.07697171305370468,58,-0.01782757504760725,58
HG201,AD,P1,Phase1_AD_EEG/HG201_EEG/HG201_EEGstim_on.bdf,periodic_A,1,540.125,600.5,triggers,0.10363715793004949,-0.10167678793620079,0.1960844488242427,58,0.10363715793004949,58
HG201,AD,P1,Phase1_AD_EEG/HG201_EEG/HG201_EEGstim_on.bdf,baseline,6,600.5,660.578125,triggers,-0.09169625780907364,-0.042933724847644614,0.022008281647287183,58,-0.09169625780907364,58
HG201,AD,P1,Phase1_AD_EEG/HG201_EEG/HG201_EEGstim_on.bdf,constant_A,1,660.578125,720.546875,triggers,0.06163735423045169,-0.06524079542207128,0.14124200846171,58,0.06163735423045169,58
HG201,AD,P1,Phase1_AD_EEG/HG201_EEG/HG201_EEGstim_on.bdf,baseline,7,720.546875,780.0,triggers,0.010854895410006643,0.1567571971130337,0.10302985765037334,57,0.010854895410006643,57
HG204,AD,P1,Phase1_AD_EEG/HG204_EEG/HG204_EEG_stim_on.bdf,baseline,1,0.0,60.59375,triggers,-0.014734270857774956,0.03634179923919863,0.09876813305225629,59,-0.007443826033026665,58
HG204,AD,P1,Phase1_AD_EEG/HG204_EEG/HG204_EEG_stim_on.bdf,constant_A,1,60.59375,120.67578125,triggers,-0.05196543439625417,-0.006057505454948958,0.07814915617848744,58,-0.05196543439625417,58
HG204,AD,P1,Phase1_AD_EEG/HG204_EEG/HG204_EEG_stim_on.bdf,baseline,2,120.67578125,180.140625,triggers,-0.02002611985411039,-0.11231079841474334,0.09759474774833801,57,-0.02002611985411039,57
HG204,AD,P1,Phase1_AD_EEG/HG204_EEG/HG204_EEG_stim_on.bdf,periodic_AV,1,180.140625,239.0,triggers,0.7117326490608151,0.06589797627729103,0.8574876003775165,57,0.7117326490608151,57
HG204,AD,P1,Phase1_AD_EEG/HG204_EEG/HG204_EEG_stim_on.bdf,baseline,3,239.0,304.109375,triggers,0.10515149970870719,0.01497528243996557,0.25091083303672823,63,0.08830993319517846,58
HG204,AD,P1,Phase1_AD_EEG/HG204_EEG/HG204_EEG_stim_on.bdf,constant_AV,1,304.109375,359.828125,triggers,-0.012300195047793408,0.00585446270623266,0.10511636311926889,54,-0.012300195047793408,54
HG204,AD,P1,Phase1_AD_EEG/HG204_EEG/HG204_EEG_stim_on.bdf,baseline,4,359.828125,420.375,triggers,0.03318755499035077,-0.031979196421893535,0.08480850116080678,59,0.007666593783444406,58
HG204,AD,P1,Phase1_AD_EEG/HG204_EEG/HG204_EEG_stim_on.bdf,periodic_A,1,420.375,480.171875,triggers,0.55506400006173,-0.07474037119428291,0.6296928805573193,58,0.55506400006173,58
HG204,AD,P1,Phase1_AD_EEG/HG204_EEG/HG204_EEG_stim_on.bdf,baseline,5,480.171875,540.859375,triggers,0.044543294730274435,0.033788408027228906,0.13843549176876602,59,0.06455836543178814,58
HG204,AD,P1,Phase1_AD_EEG/HG204_EEG/HG204_EEG_stim_on.bdf,periodic_V,1,540.859375,599.015625,triggers,0.6583437654396511,0.06547175696510328,0.8070205513802926,56,0.6583437654396511,56
HG204,AD,P1,Phase1_AD_EEG/HG204_EEG/HG204_EEG_stim_on.bdf,baseline,6,599.015625,661.21875,triggers,-0.13137982286558375,0.07325690317580963,0.033176486432093824,60,-0.10892467336011782,58
HG204,AD,P1,Phase1_AD_EEG/HG204_EEG/HG204_EEG_stim_on.bdf,constant_V,1,661.21875,720.828125,triggers,-0.10388376494161089,0.16931072645269668,0.031125984827463652,58,-0.10388376494161089,58
HG204,AD,P1,Phase1_AD_EEG/HG204_EEG/HG204_EEG_stim_on.bdf,baseline,7,720.828125,780.0,triggers,0.05180593842257303,0.10455201279852001,0.12126675464511005,57,0.05180593842257303,57
HG205,AD,P1,Phase1_AD_EEG/HG205_EEG/HG205_EEG_stim_on.bdf,baseline,1,0.0,60.84375,triggers,-0.15264236968845707,-0.06701335205046924,0.048262833613573246,59,-0.1620917916005866,58
HG205,AD,P1,Phase1_AD_EEG/HG205_EEG/HG205_EEG_stim_on.bdf,constant_A,1,60.84375,120.46875,triggers,-0.05283133216346694,-0.023874277033206673,0.09972158033429529,58,-0.05283133216346694,58
HG205,AD,P1,Phase1_AD_EEG/HG205_EEG/HG205_EEG_stim_on.bdf,baseline,2,120.46875,179.765625,triggers,-0.027562773844433085,-0.027914579417113436,0.04907227130095152,57,-0.027562773844433085,57
HG205,AD,P1,Phase1_AD_EEG/HG205_EEG/HG205_EEG_stim_on.bdf,constant_V,1,179.765625,243.078125,triggers,0.010692823415764871,0.07597675522632369,0.11761042043931885,61,0.023397719853783083,58
HG205,AD,P1,Phase1_AD_EEG/HG205_EEG/HG205_EEG_stim_on.bdf,baseline,3,243.078125,298.296875,triggers,0.007888707259735034,-0.06362296047681605,0.11323046080521247,53,0.007888707259735034,53
HG205,AD,P1,Phase1_AD_EEG/HG205_EEG/HG205_EEG_stim_on.bdf,constant_AV,1,298.296875,357.8125,triggers,-0.025488361330599632,-0.052766527973244465,0.11962453823013809,58,-0.025488361330599632,58
HG205,AD,P1,Phase1_AD_EEG/HG205_EEG/HG205_EEG_stim_on.bdf,baseline,4,357.8125,421.265625,triggers,0.04140844369269542,-0.018138584306007288,0.15019049476311608,61,0.028510452455279986,58
HG205,AD,P1,Phase1_AD_EEG/HG205_EEG/HG205_EEG_stim_on.bdf,periodic_A,1,421.265625,481.25,triggers,0.15601609425332172,0.055478379696943705,0.29517403927622116,58,0.15601609425332172,58
HG205,AD,P1,Phase1_AD_EEG/HG205_EEG/HG205_EEG_stim_on.bdf,baseline,5,481.25,538.625,triggers,-0.13873392106122423,-0.0961970035459477,0.02408381065152433,55,-0.13873392106122423,55
HG205,AD,P1,Phase1_AD_EEG/HG205_EEG/HG205_EEG_stim_on.bdf,periodic_V,1,538.625,600.875,triggers,0.22923592670483148,0.07454973683551863,0.3805451061515018,60,0.2506066444450967,58
HG205,AD,P1,Phase1_AD_EEG/HG205_EEG/HG205_EEG_stim_on.bdf,baseline,6,600.875,656.28125,triggers,-0.012376399143331163,0.05361040856540056,0.15668192494414523,53,-0.012376399143331163,53
HG205,AD,P1,Phase1_AD_EEG/HG205_EEG/HG205_EEG_stim_on.bdf,periodic_AV,1,656.28125,719.171875,triggers,0.5002402112793565,-0.06567996839753157,0.657714465407459,61,0.5395445482084359,58
HG205,AD,P1,Phase1_AD_EEG/HG205_EEG/HG205_EEG_stim_on.bdf,baseline,7,719.171875,780.0,triggers,-0.06820389087330296,0.02159522742296463,0.02018749995237871,59,-0.07536940141563464,58
HG206,AD,P1,Phase1_AD_EEG/HG206_EEG/HG206_EEG_stim_on.bdf,baseline,1,0.0,58.75,triggers,0.020410027606277498,-0.03617609378109793,0.15391426937847016,57,0.020410027606277498,57
HG206,AD,P1,Phase1_AD_EEG/HG206_EEG/HG206_EEG_stim_on.bdf,periodic_V,1,58.75,118.890625,triggers,0.6153701789174935,0.01894673498615404,0.710462824315791,58,0.6153701789174935,58
HG206,AD,P1,Phase1_AD_EEG/HG206_EEG/HG206_EEG_stim_on.bdf,baseline,2,118.890625,179.9375,triggers,-0.018013214321791204,0.03772066618928051,0.06842425211432993,59,-0.023161188610242203,58
HG206,AD,P1,Phase1_AD_EEG/HG206_EEG/HG206_EEG_stim_on.bdf,constant_V,1,179.9375,240.3046875,triggers,-0.029422294244710184,0.08091091064689337,0.13271952195710504,58,-0.029422294244710184,58
HG206,AD,P1,Phase1_AD_EEG/HG206_EEG/HG206_EEG_stim_on.bdf,baseline,3,240.3046875,299.25,triggers,-0.03844513310006122,0.08722570996528675,0.042654188157268756,57,-0.03844513310006122,57
HG206,AD,P1,Phase1_AD_EEG/HG206_EEG/HG206_EEG_stim_on.bdf,periodic_AV,1,299.25,363.203125,triggers,0.5836666497280244,-0.06827020015551018,0.673816409453728,62,0.5769861391542241,58
HG206,AD,P1,Phase1_AD_EEG/HG206_EEG/HG206_EEG_stim_on.bdf,baseline,4,363.203125,422.9375,triggers,0.15874787718846572,0.05319887399508064,0.23564455532626727,58,0.15874787718846572,58
HG206,AD,P1,Phase1_AD_EEG/HG206_EEG/HG206_EEG_stim_on.bdf,constant_A,1,422.9375,480.638671875,triggers,-0.061291963375050884,0.002216709752537835,0.1438518646227318,56,-0.061291963375050884,56
HG206,AD,P1,Phase1_AD_EEG/HG206_EEG/HG206_EEG_stim_on.bdf,baseline,5,480.638671875,541.40625,triggers,-0.10082337164307514,0.017427619332777894,0.018157135978542356,59,-0.08386774654900776,58
HG206,AD,P1,Phase1_AD_EEG/HG206_EEG/HG206_EEG_stim_on.bdf,periodic_A,1,541.40625,600.421875,triggers,0.07267095306104332,0.02005127738304925,0.2106980810350125,57,0.07267095306104332,57
HG206,AD,P1,Phase1_AD_EEG/HG206_EEG/HG206_EEG_stim_on.bdf,baseline,6,600.421875,657.390625,triggers,0.08847882631474555,0.0025450516138800783,0.19011262186519345,55,0.08847882631474555,55
HG206,AD,P1,Phase1_AD_EEG/HG206_EEG/HG206_EEG_stim_on.bdf,constant_AV,1,657.390625,720.140625,triggers,-0.016027890541352063,0.06912022288078373,0.0699638916435894,61,0.004048317171699595,58
HG206,AD,P1,Phase1_AD_EEG/HG206_EEG/HG206_EEG_stim_on.bdf,baseline,7,720.140625,780.0,triggers,-0.01768070216339908,-0.07679917333259459,0.09780657979936676,58,-0.01768070216339908,58
HG207,AD,P1,Phase1_AD_EEG/HG207_EEG/HG207_EEG_stim_on.bdf,baseline,1,0.0,60.140625,triggers,0.02237003564265902,0.0441206795395237,0.08893487221602911,58,0.02237003564265902,58
HG207,AD,P1,Phase1_AD_EEG/HG207_EEG/HG207_EEG_stim_on.bdf,constant_A,1,60.140625,121.609375,triggers,-0.029746071907697194,-0.05510571751888735,0.06285818633755101,59,-0.014897813630351947,58
HG207,AD,P1,Phase1_AD_EEG/HG207_EEG/HG207_EEG_stim_on.bdf,baseline,2,121.609375,178.125,triggers,0.14492130206171427,0.01437519856448441,0.24577437602716468,55,0.14492130206171427,55
HG207,AD,P1,Phase1_AD_EEG/HG207_EEG/HG207_EEG_stim_on.bdf,constant_V,1,178.125,240.015625,triggers,-0.007465879665323305,0.04793694840194768,0.12174721815335357,60,-0.023572160629165548,58
HG207,AD,P1,Phase1_AD_EEG/HG207_EEG/HG207_EEG_stim_on.bdf,baseline,3,240.015625,298.46875,triggers,0.05644780477188305,0.020116590100971138,0.13510015300766332,56,0.05644780477188305,56
HG207,AD,P1,Phase1_AD_EEG/HG207_EEG/HG207_EEG_stim_on.bdf,periodic_V,1,298.46875,360.46875,triggers,0.4519158928328301,-0.08458459898764314,0.5814410225231522,60,0.46272895115492096,58
HG207,AD,P1,Phase1_AD_EEG/HG207_EEG/HG207_EEG_stim_on.bdf,baseline,4,360.46875,418.75,triggers,-0.03275239201596118,-0.03077791259157987,0.10261473629538283,56,-0.03275239201596118,56
HG207,AD,P1,Phase1_AD_EEG/HG207_EEG/HG207_EEG_stim_on.bdf,constant_AV,1,418.75,479.5625,triggers,-0.015213020742086636,0.008835094517963549,0.07328701031168955,59,-0.0273863783655975,58
HG207,AD,P1,Phase1_AD_EEG/HG207_EEG/HG207_EEG_stim_on.bdf,baseline,5,479.5625,536.8125,triggers,0.01591164901259326,-0.07732233611411357,0.16428224935237204,55,0.01591164901259326,55
HG207,AD,P1,Phase1_AD_EEG/HG207_EEG/HG207_EEG_stim_on.bdf,periodic_AV,1,536.8125,600.359375,triggers,0.746618363486788,-0.01825255219769717,0.8759064374322815,62,0.7517901570246373,58
HG207,AD,P1,Phase1_AD_EEG/HG207_EEG/HG207_EEG_stim_on.bdf,baseline,6,600.359375,659.6875,triggers,-0.012107616773053345,0.011026835030852444,0.11600483074959929,57,-0.012107616773053345,57
HG207,AD,P1,Phase1_AD_EEG/HG207_EEG/HG207_EEG_stim_on.bdf,periodic_A,1,659.6875,721.265625,triggers,0.7078433206201169,0.032189604361542834,0.8394359909090645,60,0.7303872712066126,58
HG207,AD,P1,Phase1_AD_EEG/HG207_EEG/HG207_EEG_stim_on.bdf,baseline,7,721.265625,780.0,triggers,0.0683853359624653,-0.058839979095616446,0.20819797231433237,57,0.0683853359624653,57
HG208,AD,P1,Phase1_AD_EEG/HG208_EEG/HG208_EEG_stim_on_1.bdf,baseline,1,0.0,60.53125,triggers,-0.03011314323999076,-0.01921693523071598,0.109842677229391,59,-0.026989591565861698,58
HG208,AD,P1,Phase1_AD_EEG/HG208_EEG/HG208_EEG_stim_on_1.bdf,constant_A,1,60.53125,124.640625,triggers,-0.08230469403881843,-0.05345420741055122,0.05191934246263893,62,-0.08264820039448692,58
HG208,AD,P1,Phase1_AD_EEG/HG208_EEG/HG208_EEG_stim_on_1.bdf,baseline,2,124.640625,180.46875,triggers,0.07836408144045046,-0.0723537310957912,0.17414564454013634,54,0.07836408144045046,54
HG208,AD,P1,Phase1_AD_EEG/HG208_EEG/HG208_EEG_stim_on_1.bdf,periodic_A,1,180.46875,240.4375,triggers,0.6060674206228217,-0.05683111859966979,0.6743848948942245,58,0.6060674206228217,58
HG208,AD,P1,Phase1_AD_EEG/HG208_EEG/HG208_EEG_stim_on_1.bdf,baseline,3,240.4375,300.0,triggers,0.0030373387077590464,0.006995059305356946,0.0921973638762917,58,0.0030373387077590464,58
HG208,AD,P1,Phase1_AD_EEG/HG208_EEG/HG208_EEG_stim_on_2.bdf,baseline,1,0.0,61.1875,triggers,-0.106407293326056,0.10653208682081641,0.018507934816180103,59,-0.09809012242601965,58
HG208,AD,P1,Phase1_AD_EEG/HG208_EEG/HG208_EEG_stim_on_2.bdf,periodic_V,1,61.1875,118.21875,triggers,0.1534847982320383,-0.01442968061659701,0.24015738902350486,55,0.1534847982320383,55
HG208,AD,P1,Phase1_AD_EEG/HG208_EEG/HG208_EEG_stim_on_2.bdf,baseline,2,118.21875,177.609375,triggers,0.05677419622256007,0.009582773060664601,0.1263087637645716,57,0.05677419622256007,57
HG208,AD,P1,Phase1_AD_EEG/HG208_EEG/HG208_EEG_stim_on_2.bdf,periodic_AV,1,177.609375,239.234375,triggers,0.7679481672518517,-0.072038976516225,0.8639935917496387,60,0.7597578990683703,58
HG208,AD,P1,Phase1_AD_EEG/HG208_EEG/HG208_EEG_stim_on_2.bdf,baseline,3,239.234375,297.953125,triggers,-0.03465238121560451,0.008955649846480895,0.03848502779863463,57,-0.03465238121560451,57
HG208,AD,P1,Phase1_AD_EEG/HG208_EEG/HG208_EEG_stim_on_2.bdf,constant_V,1,297.953125,359.546875,triggers,-0.16191958163438747,0.045916941873192146,0.003351635137494885,60,-0.12209823372759779,58
HG208,AD,P1,Phase1_AD_EEG/HG208_EEG/HG208_EEG_stim_on_2.bdf,baseline,4,359.546875,415.828125,triggers,0.08397081300206491,0.06024185277333563,0.23123929669239343,54,0.08397081300206491,54
HG208,AD,P1,Phase1_AD_EEG/HG208_EEG/HG208_EEG_stim_on_2.bdf,constant_AV,1,415.828125,478.890625,triggers,-0.025526078581731157,0.06406405925920328,0.06905004526081553,61,0.00041580407333469127,58
HG208,AD,P1,Phase1_AD_EEG/HG208_EEG/HG208_EEG_stim_on_2.bdf,baseline,5,478.890625,540.0,triggers,0.09125504267491227,0.03862790731694028,0.20768136821289385,59,0.0732528361458296,58
HG209,AD,P1,Phase1_AD_EEG/HG209_EEG/HG209_EEG_stim_on.bdf,baseline,1,0.0,56.9375,triggers,-0.06187734889026328,-0.13825751487510426,0.0914375728331028,55,-0.06187734889026328,55
HG209,AD,P1,Phase1_AD_EEG/HG209_EEG/HG209_EEG_stim_on.bdf,periodic_AV,1,56.9375,116.46875,triggers,0.32910505293579195,-0.04209381798064125,0.3891071347379516,58,0.32910505293579195,58
HG209,AD,P1,Phase1_AD_EEG/HG209_EEG/HG209_EEG_stim_on.bdf,baseline,2,116.46875,175.2578125,triggers,0.022508713754715165,0.012683379864052352,0.1665498536518292,57,0.022508713754715165,57
HG209,AD,P1,Phase1_AD_EEG/HG209_EEG/HG209_EEG_stim_on.bdf,constant_V,1,175.2578125,237.9375,triggers,-0.14504220808196197,-0.02578363691823704,0.0495603478761267,61,-0.14714702679885605,58
HG209,AD,P1,Phase1_AD_EEG/HG209_EEG/HG209_EEG_stim_on.bdf,baseline,3,237.9375,295.859375,triggers,-0.06871292245229943,0.019356383797694457,0.0629118260200543,56,-0.06871292245229943,56
HG209,AD,P1,Phase1_AD_EEG/HG209_EEG/HG209_EEG_stim_on.bdf,constant_AV,1,295.859375,357.65625,triggers,-0.03553727870927739,-0.07454456353965319,0.10187705424198279,60,-0.03671972392333214,58
HG209,AD,P1,Phase1_AD_EEG/HG209_EEG/HG209_EEG_stim_on.bdf,baseline,4,357.65625,421.203125,triggers,-0.13953192880496243,-0.020178434566438946,0.05218520516895673,62,-0.14557325244340863,58
HG209,AD,P1,Phase1_AD_EEG/HG209_EEG/HG209_EEG_stim_on.bdf,constant_A,1,421.203125,480.484375,triggers,-0.05634096898367877,0.053002678798522024,0.07592968440215214,57,-0.05634096898367877,57
HG209,AD,P1,Phase1_AD_EEG/HG209_EEG/HG209_EEG_stim_on.bdf,baseline,5,480.484375,540.125,triggers,-0.07358217010141566,-0.09471576620253114,0.022964540658434476,58,-0.07358217010141566,58
HG209,AD,P1,Phase1_AD_EEG/HG209_EEG/HG209_EEG_stim_on.bdf,periodic_A,1,540.125,601.453125,triggers,0.20787782925398218,-0.03637577517962018,0.3191171241880069,59,0.21160185656386743,58
HG209,AD,P1,Phase1_AD_EEG/HG209_EEG/HG209_EEG_stim_on.bdf,baseline,6,601.453125,654.71875,triggers,0.028570522484418853,-0.08043570919219438,0.1695137386961051,51,0.028570522484418853,51
HG209,AD,P1,Phase1_AD_EEG/HG209_EEG/HG209_EEG_stim_on.bdf,periodic_V,1,654.71875,717.453125,triggers,0.023874861202912087,0.019195749712859242,0.10105550683123059,61,0.013833072729114729,58
HG209,AD,P1,Phase1_AD_EEG/HG209_EEG/HG209_EEG_stim_on.bdf,baseline,7,717.453125,780.0,triggers,-0.005554059053558741,0.07695215037719097,0.1151065509516568,61,0.018196211923866057,58
HG210,AD,P1,Phase1_AD_EEG/HG210_EEG/HG210_EEG_stim_on.bdf,baseline,1,0.0,55.1640625,triggers,-0.07236309192700527,-0.06127101508407881,0.05300761001072188,53,-0.07236309192700527,53
HG210,AD,P1,Phase1_AD_EEG/HG210_EEG/HG210_EEG_stim_on.bdf,periodic_V,1,55.1640625,115.859375,triggers,0.49950639024671245,-0.016007807677854397,0.6169321266221953,59,0.5240974765573341,58
HG210,AD,P1,Phase1_AD_EEG/HG210_EEG/HG210_EEG_stim_on.bdf,baseline,2,115.859375,175.390625,triggers,0.06540593879860726,-0.09363630464218725,0.19711379990452024,58,0.06540593879860726,58
HG210,AD,P1,Phase1_AD_EEG/HG210_EEG/HG210_EEG_stim_on.bdf,periodic_AV,1,175.390625,236.9375,triggers,0.38548596540281665,-0.052603797430459884,0.524927868973816,60,0.3743589707240953,58
HG210,AD,P1,Phase1_AD_EEG/HG210_EEG/HG210_EEG_stim_on.bdf,baseline,3,236.9375,300.828125,triggers,-0.03733894575740562,0.04200995267023891,0.09302363153264079,62,-0.060885039292224157,58
HG210,AD,P1,Phase1_AD_EEG/HG210_EEG/HG210_EEG_stim_on.bdf,periodic_A,1,300.828125,360.408203125,triggers,0.23966516219169048,-0.0058414501744952635,0.3201895965249147,58,0.23966516219169048,58
HG210,AD,P1,Phase1_AD_EEG/HG210_EEG/HG210_EEG_stim_on.bdf,baseline,4,360.408203125,421.421875,triggers,0.042380955124553976,-0.06878550393036761,0.1466657598508338,59,0.02226524082285379,58
HG210,AD,P1,Phase1_AD_EEG/HG210_EEG/HG210_EEG_stim_on.bdf,constant_A,1,421.421875,480.546875,triggers,0.11234036455565291,-0.09020446355426404,0.25096811149240605,57,0.11234036455565291,57
HG210,AD,P1,Phase1_AD_EEG/HG210_EEG/HG210_EEG_stim_on.bdf,baseline,5,480.546875,534.953125,triggers,-0.002523147926779587,0.03696708595846537,0.1093813847447652,52,-0.002523147926779587,52
HG210,AD,P1,Phase1_AD_EEG/HG210_EEG/HG210_EEG_stim_on.bdf,constant_AV,1,534.953125,597.5625,triggers,-0.044594622786680374,-0.06715677387021925,0.031376548783932215,61,-0.07371695908259533,58
HG210,AD,P1,Phase1_AD_EEG/HG210_EEG/HG210_EEG_stim_on.bdf,baseline,6,597.5625,657.546875,triggers,0.10046015071149958,0.035246527504594866,0.15259657255628362,58,0.10046015071149958,58
HG210,AD,P1,Phase1_AD_EEG/HG210_EEG/HG210_EEG_stim_on.bdf,constant_V,1,657.546875,718.9375,triggers,0.03150620093980526,-0.07949521113592001,0.09501904731496025,59,0.04116037811389847,58
HG210,AD,P1,Phase1_AD_EEG/HG210_EEG/HG210_EEG_stim_on.bdf,baseline,7,718.9375,780.0,triggers,0.015321442512325839,-0.038045218026592956,0.16491172577177635,59,0.007960169622159202,58
HG211,AD,P1,Phase1_AD_EEG/HG211_EEG/HG211_EEG_stim_on.bdf,baseline,1,0.0,56.65625,triggers,-0.08144293516485895,-0.025303805449057235,0.10062632653679876,55,-0.08144293516485895,55
HG211,AD,P1,Phase1_AD_EEG/HG211_EEG/HG211_EEG_stim_on.bdf,constant_AV,1,56.65625,117.421875,triggers,0.1720524505354395,-0.029081661391693485,0.2586517804382287,59,0.18116565935541618,58
HG211,AD,P1,Phase1_AD_EEG/HG211_EEG/HG211_EEG_stim_on.bdf,baseline,2,117.421875,176.265625,triggers,-0.042973921709505855,-0.046774692742940674,0.10634393409721658,57,-0.042973921709505855,57
HG211,AD,P1,Phase1_AD_EEG/HG211_EEG/HG211_EEG_stim_on.bdf,periodic_V,1,176.265625,238.28125,triggers,0.7521405901154077,0.0573163046313957,0.8658839001593017,60,0.776237057306747,58
HG211,AD,P1,Phase1_AD_EEG/HG211_EEG/HG211_EEG_stim_on.bdf,baseline,3,238.28125,295.296875,triggers,-0.03380847001748262,0.014353179103268637,0.12113015742764628,55,-0.03380847001748262,55
HG211,AD,P1,Phase1_AD_EEG/HG211_EEG/HG211_EEG_stim_on.bdf,periodic_AV,1,295.296875,358.59375,triggers,0.8682512410787546,-0.07053959443151046,0.96113103848213,61,0.8948609553790079,58
HG211,AD,P1,Phase1_AD_EEG/HG211_EEG/HG211_EEG_stim_on.bdf,baseline,4,358.59375,417.109375,triggers,-0.0576229803630149,0.08038912022240342,0.09932378446182925,57,-0.0576229803630149,57
HG211,AD,P1,Phase1_AD_EEG/HG211_EEG/HG211_EEG_stim_on.bdf,constant_V,1,417.109375,479.8125,triggers,-0.027211781150297834,-0.043111724427444736,0.09124987342267031,61,-0.0006485093585020113,58
HG211,AD,P1,Phase1_AD_EEG/HG211_EEG/HG211_EEG_stim_on.bdf,baseline,5,479.8125,541.140625,triggers,-0.07629831512310879,0.09374552950693645,0.09626873220763026,59,-0.0801618312186724,58
HG211,AD,P1,Phase1_AD_EEG/HG211_EEG/HG211_EEG_stim_on.bdf,periodic_A,1,541.140625,600.375,triggers,0.8310396650335025,-0.04053521200753123,0.914471828221411,57,0.8310396650335025,57
HG211,AD,P1,Phase1_AD_EEG/HG211_EEG/HG211_EEG_stim_on.bdf,baseline,6,600.375,659.1640625,triggers,0.09022025545136819,-0.0717955426106878,0.2492695681125793,57,0.09022025545136819,57
HG211,AD,P1,Phase1_AD_EEG/HG211_EEG/HG211_EEG_stim_on.bdf,constant_A,1,659.1640625,721.390625,triggers,-0.03277747025258805,0.19766204770780973,0.08965936789626941,60,-0.040821329260091424,58
HG211,AD,P1,Phase1_AD_EEG/HG211_EEG/HG211_EEG_stim_on.bdf,baseline,7,721.390625,780.0,triggers,0.03793410476478168,-0.04292309292416245,0.18066783114975507,57,0.03793410476478168,57
HG212,AD,P1,Phase1_AD_EEG/HG212_EEG/HG212_EEG_stim_on.bdf,baseline,1,0.0,58.96875,triggers,-0.03294980003385663,0.06915669616869463,0.06090112409715431,57,-0.03294980003385663,57
HG212,AD,P1,Phase1_AD_EEG/HG212_EEG/HG212_EEG_stim_on.bdf,periodic_A,1,58.96875,120.953125,triggers,0.12543433005202032,0.022244619574616487,0.236012017327982,60,0.14130217015656546,58
HG212,AD,P1,Phase1_AD_EEG/HG212_EEG/HG212_EEG_stim_on.bdf,baseline,2,120.953125,174.515625,triggers,0.11985384818519011,0.00794507790832813,0.2222517334187113,52,0.11985384818519011,52
HG212,AD,P1,Phase1_AD_EEG/HG212_EEG/HG212_EEG_stim_on.bdf,periodic_V,1,174.515625,236.59375,triggers,0.28588843724867,0.0444896452252406,0.3619002699140029,60,0.30255378825452384,58
HG212,AD,P1,Phase1_AD_EEG/HG212_EEG/HG212_EEG_stim_on.bdf,baseline,3,236.59375,295.546875,triggers,0.013084788889543966,-0.027296020895540174,0.13645125483566323,57,0.013084788889543966,57
HG212,AD,P1,Phase1_AD_EEG/HG212_EEG/HG212_EEG_stim_on.bdf,periodic_AV,1,295.546875,356.453125,triggers,0.375606430531814,-0.003436868737967169,0.4691477443450716,59,0.3699738099344533,58
HG212,AD,P1,Phase1_AD_EEG/HG212_EEG/HG212_EEG_stim_on.bdf,baseline,4,356.453125,420.875,triggers,-0.002642320239141932,-0.007194961342934861,0.13879738144439654,62,-0.03182189849191161,58
HG212,AD,P1,Phase1_AD_EEG/HG212_EEG/HG212_EEG_stim_on.bdf,constant_A,1,420.875,480.390625,triggers,-0.03615052493447409,-0.023576299261692177,0.04744038449775837,58,-0.03615052493447409,58
HG212,AD,P1,Phase1_AD_EEG/HG212_EEG/HG212_EEG_stim_on.bdf,baseline,5,480.390625,535.34375,triggers,-0.089884391705393,-0.1635047106508058,0.0597575255588246,53,-0.089884391705393,53
HG212,AD,P1,Phase1_AD_EEG/HG212_EEG/HG212_EEG_stim_on.bdf,constant_V,1,535.34375,597.390625,triggers,0.009552098034130319,-0.017529791573987527,0.10753569284963298,60,0.0013282335312607974,58
HG212,AD,P1,Phase1_AD_EEG/HG212_EEG/HG212_EEG_stim_on.bdf,baseline,6,597.390625,657.0,triggers,-0.1357540914840331,0.1312497494962185,0.02044299144765983,58,-0.1357540914840331,58
HG212,AD,P1,Phase1_AD_EEG/HG212_EEG/HG212_EEG_stim_on.bdf,constant_AV,1,657.0,716.7578125,triggers,-0.016557808320435838,-0.037121579590106715,0.12462849447068271,58,-0.016557808320435838,58
HG212,AD,P1,Phase1_AD_EEG/HG212_EEG/HG212_EEG_stim_on.bdf,baseline,7,716.7578125,780.0,triggers,-0.030589289323762814,-0.022938266163154038,0.1232860444734171,61,-0.0357096706475849,58
HG213,AD,P1,Phase1_AD_EEG/HG213_EEG/HG213_EEG_stim_on.bdf,baseline,1,0.0,60.0,notes (triggers=0),-0.045121868925963746,0.020746786106125778,0.08257825396019032,58,-0.045121868925963746,58
HG213,AD,P1,Phase1_AD_EEG/HG213_EEG/HG213_EEG_stim_on.bdf,periodic_AV,1,60.0,120.0,notes (triggers=0),0.3680433082963997,-0.051709626392559827,0.4666157767901677,58,0.3680433082963997,58
HG213,AD,P1,Phase1_AD_EEG/HG213_EEG/HG213_EEG_stim_on.bdf,baseline,2,120.0,180.0,notes (triggers=0),-0.15064816497702152,0.14051363049260646,0.01693628068373645,58,-0.15064816497702152,58
HG213,AD,P1,Phase1_AD_EEG/HG213_EEG/HG213_EEG_stim_on.bdf,periodic_V,1,180.0,240.0,notes (triggers=0),0.36327418052956073,-0.09757454472090155,0.4968632390430697,58,0.36327418052956073,58
HG213,AD,P1,Phase1_AD_EEG/HG213_EEG/HG213_EEG_stim_on.bdf,baseline,3,240.0,300.0,notes (triggers=0),0.0478673924142165,0.050215779125185656,0.16686944578429588,58,0.0478673924142165,58
HG213,AD,P1,Phase1_AD_EEG/HG213_EEG/HG213_EEG_stim_on.bdf,periodic_A,1,300.0,360.0,notes (triggers=0),0.2223174409848837,-0.03897916643256411,0.36968098103552793,58,0.2223174409848837,58
HG213,AD,P1,Phase1_AD_EEG/HG213_EEG/HG213_EEG_stim_on.bdf,baseline,4,360.0,420.0,notes (triggers=0),0.015078910638022788,0.006840988718758045,0.10570448635027276,58,0.015078910638022788,58
HG213,AD,P1,Phase1_AD_EEG/HG213_EEG/HG213_EEG_stim_on.bdf,constant_V,1,420.0,480.0,notes (triggers=0),-0.06259143655558494,-0.02132520488902953,0.08840104066068599,58,-0.06259143655558494,58
HG213,AD,P1,Phase1_AD_EEG/HG213_EEG/HG213_EEG_stim_on.bdf,baseline,5,480.0,540.0,notes (triggers=0),0.017708491225919415,-0.055166804749992165,0.13751776933862975,58,0.017708491225919415,58
HG213,AD,P1,Phase1_AD_EEG/HG213_EEG/HG213_EEG_stim_on.bdf,constant_AV,1,540.0,600.0,notes (triggers=0),-0.0552906570777664,-0.09059712134274506,0.10188079432907604,58,-0.0552906570777664,58
HG213,AD,P1,Phase1_AD_EEG/HG213_EEG/HG213_EEG_stim_on.bdf,baseline,6,600.0,660.0,notes (triggers=0),0.08590163142084421,-0.052130100033338844,0.15142388268895338,58,0.08590163142084421,58
HG213,AD,P1,Phase1_AD_EEG/HG213_EEG/HG213_EEG_stim_on.bdf,constant_A,1,660.0,720.0,notes (triggers=0),0.01867391454271189,0.04763590496475352,0.1829035548504375,58,0.01867391454271189,58
HG213,AD,P1,Phase1_AD_EEG/HG213_EEG/HG213_EEG_stim_on.bdf,baseline,7,720.0,780.0,notes (triggers=0),0.06852872251906994,-0.004583477478519574,0.23316858526315173,58,0.06852872251906994,58
HG214,AD,P1,Phase1_AD_EEG/HG214_EEG/HG214_EEG_stim_on.bdf,baseline,1,0.0,60.84375,triggers,0.01503424116776994,-0.0022405491800187444,0.12677658754405258,59,-0.0022722560321161434,58
HG214,AD,P1,Phase1_AD_EEG/HG214_EEG/HG214_EEG_stim_on.bdf,periodic_A,1,60.84375,121.328125,triggers,0.44133523836147037,-0.03887367697402819,0.5509663852079058,58,0.44133523836147037,58
HG214,AD,P1,Phase1_AD_EEG/HG214_EEG/HG214_EEG_stim_on.bdf,baseline,2,121.328125,181.75,triggers,0.09925747489746281,-0.1080633509445013,0.223937125075376,58,0.09925747489746281,58
HG214,AD,P1,Phase1_AD_EEG/HG214_EEG/HG214_EEG_stim_on.bdf,periodic_AV,1,181.75,246.890625,triggers,0.6282177474408762,-0.011889515495358535,0.8721299712119573,63,0.6073340728093124,58
HG214,AD,P1,Phase1_AD_EEG/HG214_EEG/HG214_EEG_stim_on.bdf,baseline,3,246.890625,299.375,triggers,-0.01766030081761926,-0.07211316053246666,0.058989822656457795,50,-0.01766030081761926,50
HG214,AD,P1,Phase1_AD_EEG/HG214_EEG/HG214_EEG_stim_on.bdf,constant_A,1,299.375,360.359375,triggers,-0.07676264236784816,-0.039192160876873716,0.13359215221940868,59,-0.08472466677821641,58
HG214,AD,P1,Phase1_AD_EEG/HG214_EEG/HG214_EEG_stim_on.bdf,baseline,4,360.359375,422.65625,triggers,0.026544299144626388,-0.09473144824125868,0.15196999335651776,60,0.019621195995985274,58
HG214,AD,P1,Phase1_AD_EEG/HG214_EEG/HG214_EEG_stim_on.bdf,constant_AV,1,422.65625,482.796875,triggers,-0.013432320609163245,0.11553608982796662,0.12311305636657244,58,-0.013432320609163245,58
HG214,AD,P1,Phase1_AD_EEG/HG214_EEG/HG214_EEG_stim_on.bdf,baseline,5,482.796875,540.90625,triggers,-0.08118241303225372,-0.04065522195876983,0.03529983798535337,56,-0.08118241303225372,56
HG214,AD,P1,Phase1_AD_EEG/HG214_EEG/HG214_EEG_stim_on.bdf,constant_V,1,540.90625,602.5234375,triggers,0.1239812426294816,-0.044883532756424996,0.21650086239250196,60,0.15306890457239647,58
HG214,AD,P1,Phase1_AD_EEG/HG214_EEG/HG214_EEG_stim_on.bdf,baseline,6,602.5234375,659.078125,triggers,-0.007553524120601562,0.009303144258347731,0.14830937067376956,55,-0.007553524120601562,55
HG214,AD,P1,Phase1_AD_EEG/HG214_EEG/HG214_EEG_stim_on.bdf,periodic_V,1,659.078125,723.703125,triggers,0.3999600335585004,-0.007935807656023294,0.48735364576761575,63,0.3840018813703605,58
HG214,AD,P1,Phase1_AD_EEG/HG214_EEG/HG214_EEG_stim_on.bdf,baseline,7,723.703125,780.0,triggers,-0.04203192504632246,-0.02628368339832192,0.043426364239880985,54,-0.04203192504632246,54
HG217,AD,P1,Phase1_AD_EEG/HG217_EEG/HG217_EEG_stim_on.bdf,baseline,1,0.0,60.765625,triggers,-0.05330112325770689,-0.08933822325729213,0.045974200670380314,59,-0.052182162328057405,58
HG217,AD,P1,Phase1_AD_EEG/HG217_EEG/HG217_EEG_stim_on.bdf,constant_A,1,60.765625,120.6875,triggers,0.0504197402477464,0.08103674272127567,0.11229329534676458,58,0.0504197402477464,58
HG217,AD,P1,Phase1_AD_EEG/HG217_EEG/HG217_EEG_stim_on.bdf,baseline,2,120.6875,178.09375,triggers,0.004672195084725522,-0.00415353838553488,0.13491747676757462,55,0.004672195084725522,55
HG217,AD,P1,Phase1_AD_EEG/HG217_EEG/HG217_EEG_stim_on.bdf,constant_AV,1,178.09375,238.8671875,triggers,0.03560801027381237,-0.028287967192698688,0.10095977580493008,59,0.0505816134249483,58
HG217,AD,P1,Phase1_AD_EEG/HG217_EEG/HG217_EEG_stim_on.bdf,baseline,3,238.8671875,299.515625,triggers,0.004379516659475238,-0.00642019503703356,0.08170607278207478,59,-0.0014336914549540475,58
HG217,AD,P1,Phase1_AD_EEG/HG217_EEG/HG217_EEG_stim_on.bdf,periodic_AV,1,299.515625,358.296875,triggers,0.475334769667054,-0.060400394446752034,0.5997270544539404,57,0.475334769667054,57
HG217,AD,P1,Phase1_AD_EEG/HG217_EEG/HG217_EEG_stim_on.bdf,baseline,4,358.296875,419.859375,triggers,-0.005644635674916548,0.017404204914993754,0.12873057502531052,60,0.012319933641824932,58
HG217,AD,P1,Phase1_AD_EEG/HG217_EEG/HG217_EEG_stim_on.bdf,periodic_V,1,419.859375,478.859375,triggers,0.15073927425555203,-0.013302738157457666,0.25241412627246246,57,0.15073927425555203,57
HG217,AD,P1,Phase1_AD_EEG/HG217_EEG/HG217_EEG_stim_on.bdf,baseline,5,478.859375,540.140625,triggers,-0.10133732426278735,0.01916929672924697,0.0964358823008375,59,-0.10109340962368386,58
HG217,AD,P1,Phase1_AD_EEG/HG217_EEG/HG217_EEG_stim_on.bdf,periodic_A,1,540.140625,600.375,triggers,0.1794841196945,-0.03378858853139108,0.2661400467042965,58,0.1794841196945,58
HG217,AD,P1,Phase1_AD_EEG/HG217_EEG/HG217_EEG_stim_on.bdf,baseline,6,600.375,658.609375,triggers,0.06666996858427454,-0.007966973304138897,0.19115073068870447,56,0.06666996858427454,56
HG217,AD,P1,Phase1_AD_EEG/HG217_EEG/HG217_EEG_stim_on.bdf,constant_V,1,658.609375,718.234375,triggers,0.049328773856765415,0.06529131110232034,0.12120462928770216,58,0.049328773856765415,58
HG217,AD,P1,Phase1_AD_EEG/HG217_EEG/HG217_EEG_stim_on.bdf,baseline,7,718.234375,780.421875,triggers,-0.05091286627087409,-0.13864982754365177,0.014848332029286187,60,-0.032740008487695954,58
HG217,AD,P1,Phase1_AD_EEG/HG217_EEG/HG217_EEG_stim_on.bdf,periodic_A,2,780.421875,840.34375,triggers,0.1917469209677275,0.009870829222987904,0.31441448066849487,58,0.1917469209677275,58
HG217,AD,P1,Phase1_AD_EEG/HG217_EEG/HG217_EEG_stim_on.bdf,baseline,8,840.34375,900.0,triggers,-0.10440493739290019,-0.021655696861558882,0.08913118366179199,58,-0.10440493739290019,58
HG218,AD,P1,Phase1_AD_EEG/HG218_EEG/HG218_EEG_stim_on.bdf,baseline,1,0.0,61.1875,triggers,0.1947045332580304,0.06307958242754146,0.27920369461028094,59,0.20380908161431896,58
HG218,AD,P1,Phase1_AD_EEG/HG218_EEG/HG218_EEG_stim_on.bdf,constant_A,1,61.1875,120.375,triggers,-0.09518077153108404,0.015637602925481428,0.06947106044782111,57,-0.09518077153108404,57
HG218,AD,P1,Phase1_AD_EEG/HG218_EEG/HG218_EEG_stim_on.bdf,baseline,2,120.375,179.71875,triggers,0.13649192428008744,-0.026363137839106536,0.24370422818442194,57,0.13649192428008744,57
HG218,AD,P1,Phase1_AD_EEG/HG218_EEG/HG218_EEG_stim_on.bdf,periodic_V,1,179.71875,240.375,triggers,0.6371852964417901,-0.04332504749713888,0.7618148543436493,59,0.6447610436491995,58
HG218,AD,P1,Phase1_AD_EEG/HG218_EEG/HG218_EEG_stim_on.bdf,baseline,3,240.375,300.90625,triggers,0.046731437184785646,-0.054057481502478806,0.14056604858702654,59,0.04888037856919625,58
HG218,AD,P1,Phase1_AD_EEG/HG218_EEG/HG218_EEG_stim_on.bdf,constant_V,1,300.90625,359.921875,triggers,0.11937400389002259,0.15032910487058287,0.19643238578951555,57,0.11937400389002259,57
HG218,AD,P1,Phase1_AD_EEG/HG218_EEG/HG218_EEG_stim_on.bdf,baseline,4,359.921875,421.9375,triggers,-0.010678913014997002,0.04192042810222073,0.06560984340126258,60,0.005058643160534532,58
HG218,AD,P1,Phase1_AD_EEG/HG218_EEG/HG218_EEG_stim_on.bdf,periodic_A,1,421.9375,481.578125,triggers,0.23549511246667854,0.08908103789502339,0.3167518127435384,58,0.23549511246667854,58
HG218,AD,P1,Phase1_AD_EEG/HG218_EEG/HG218_EEG_stim_on.bdf,baseline,5,481.578125,542.3203125,triggers,0.07436189505360993,-0.08626269824683394,0.17711242642920177,59,0.07304459260111151,58
HG218,AD,P1,Phase1_AD_EEG/HG218_EEG/HG218_EEG_stim_on.bdf,periodic_AV,1,542.3203125,599.96875,triggers,0.3411919664971865,-0.023271530830166337,0.4683561269627812,56,0.3411919664971865,56
HG218,AD,P1,Phase1_AD_EEG/HG218_EEG/HG218_EEG_stim_on.bdf,baseline,6,599.96875,660.0,triggers,0.1418769928770871,0.1711917239470069,0.24427203007810935,58,0.1418769928770871,58
HG218,AD,P1,Phase1_AD_EEG/HG218_EEG/HG218_EEG_stim_on.bdf,constant_AV,1,660.0,719.125,triggers,-0.04218281844340323,-0.06809403400900942,0.10935518523450317,57,-0.04218281844340323,57
HG218,AD,P1,Phase1_AD_EEG/HG218_EEG/HG218_EEG_stim_on.bdf,baseline,7,719.125,780.0,triggers,-0.03425904923130006,0.029554794768472573,0.11605613543638772,59,-0.052474888887245774,58
HG219,AD,P1,Phase1_AD_EEG/HG219_EEG/HG219_EEG_stim_on.bdf,baseline,1,0.0,59.1875,triggers,-0.027022309958150324,0.027881482131365168,0.03247198634363304,57,-0.027022309958150324,57
HG219,AD,P1,Phase1_AD_EEG/HG219_EEG/HG219_EEG_stim_on.bdf,constant_AV,1,59.1875,119.0,triggers,0.08567356790118597,-0.06317258398154431,0.2178297448693009,58,0.08567356790118597,58
HG219,AD,P1,Phase1_AD_EEG/HG219_EEG/HG219_EEG_stim_on.bdf,baseline,2,119.0,182.421875,triggers,0.007617328917960353,0.0014704932630492662,0.1620183984219063,61,0.039218928108032375,58
HG219,AD,P1,Phase1_AD_EEG/HG219_EEG/HG219_EEG_stim_on.bdf,periodic_A,1,182.421875,241.0625,triggers,0.17304474842323542,-0.023332830074309197,0.32411599455254464,57,0.17304474842323542,57
HG219,AD,P1,Phase1_AD_EEG/HG219_EEG/HG219_EEG_stim_on.bdf,baseline,3,241.0625,300.421875,triggers,-0.04122666405337351,-0.011504392648471834,0.09996979964704793,57,-0.04122666405337351,57
HG219,AD,P1,Phase1_AD_EEG/HG219_EEG/HG219_EEG_stim_on.bdf,periodic_AV,1,300.421875,360.984375,triggers,0.24440786112651522,-0.007132815494117942,0.39084815296217007,59,0.2503268364628585,58
HG219,AD,P1,Phase1_AD_EEG/HG219_EEG/HG219_EEG_stim_on.bdf,baseline,4,360.984375,423.5,triggers,-0.03614676385252459,-0.045717348363562366,0.09888668092382226,61,-0.08302241394153236,58
HG219,AD,P1,Phase1_AD_EEG/HG219_EEG/HG219_EEG_stim_on.bdf,constant_V,1,423.5,479.84375,triggers,0.04197288803417723,0.08932201336051229,0.12971588122350844,54,0.04197288803417723,54
HG219,AD,P1,Phase1_AD_EEG/HG219_EEG/HG219_EEG_stim_on.bdf,baseline,5,479.84375,540.890625,triggers,-0.06749737940553135,-0.03684942091464767,0.061180561009915195,59,-0.08033384456561982,58
HG219,AD,P1,Phase1_AD_EEG/HG219_EEG/HG219_EEG_stim_on.bdf,periodic_V,1,540.890625,600.4453125,triggers,0.31604521649132744,-0.04775775957918968,0.4061178996083656,58,0.31604521649132744,58
HG219,AD,P1,Phase1_AD_EEG/HG219_EEG/HG219_EEG_stim_on.bdf,baseline,6,600.4453125,661.05859375,triggers,-0.08535545104711827,0.06564101034930347,0.07310682864194858,59,-0.0756902804951368,58
HG219,AD,P1,Phase1_AD_EEG/HG219_EEG/HG219_EEG_stim_on.bdf,constant_A,1,661.05859375,720.609375,triggers,-0.09492446009184471,0.05171598421147072,0.06459964942116891,58,-0.09492446009184471,58
HG219,AD,P1,Phase1_AD_EEG/HG219_EEG/HG219_EEG_stim_on.bdf,baseline,7,720.609375,780.0,triggers,-0.06853492876259556,0.052085956382078746,0.034240290910845475,57,-0.06853492876259556,57
HG221,AD,P1,Phase1_AD_EEG/HG221_EEG/HG221_EEG_stim_on.bdf,baseline,1,0.0,60.75,triggers,-0.09120931988428557,0.03625533699120344,0.04604907275489641,59,-0.09900715753889608,58
HG221,AD,P1,Phase1_AD_EEG/HG221_EEG/HG221_EEG_stim_on.bdf,constant_A,1,60.75,120.15625,triggers,-0.034060775595348064,0.05243804140443305,0.06163402215318314,57,-0.034060775595348064,57
HG221,AD,P1,Phase1_AD_EEG/HG221_EEG/HG221_EEG_stim_on.bdf,baseline,2,120.15625,179.84375,triggers,-0.0697143185468289,-0.015304752520015827,0.06762219105717508,58,-0.0697143185468289,58
HG221,AD,P1,Phase1_AD_EEG/HG221_EEG/HG221_EEG_stim_on.bdf,periodic_AV,1,179.84375,240.609375,triggers,0.6022199848958618,0.008296987509869722,0.7419720354971019,59,0.6036250512139567,58
HG221,AD,P1,Phase1_AD_EEG/HG221_EEG/HG221_EEG_stim_on.bdf,baseline,3,240.609375,299.953125,triggers,0.0357196261317094,-0.043560549229606976,0.16412594492080776,57,0.0357196261317094,57
HG221,AD,P1,Phase1_AD_EEG/HG221_EEG/HG221_EEG_stim_on.bdf,constant_AV,1,299.953125,359.015625,triggers,0.0014638065724861676,-0.033360865260282216,0.07368675068814612,57,0.0014638065724861676,57
HG221,AD,P1,Phase1_AD_EEG/HG221_EEG/HG221_EEG_stim_on.bdf,baseline,4,359.015625,423.125,triggers,0.04494991773617446,-0.018103873683574398,0.17394651056096477,62,0.06089353958240698,58
HG221,AD,P1,Phase1_AD_EEG/HG221_EEG/HG221_EEG_stim_on.bdf,periodic_A,1,423.125,480.375,triggers,0.10624002350753375,0.05574139486118515,0.18413883131979766,55,0.10624002350753375,55
HG221,AD,P1,Phase1_AD_EEG/HG221_EEG/HG221_EEG_stim_on.bdf,baseline,5,480.375,539.84375,triggers,0.07304593197359913,0.0686697121259426,0.1504188617682628,57,0.07304593197359913,57
HG221,AD,P1,Phase1_AD_EEG/HG221_EEG/HG221_EEG_stim_on.bdf,periodic_V,1,539.84375,599.703125,triggers,0.6834338280733642,-0.10609780203937662,0.811597171911456,58,0.6834338280733642,58
HG221,AD,P1,Phase1_AD_EEG/HG221_EEG/HG221_EEG_stim_on.bdf,baseline,6,599.703125,658.3125,triggers,0.0466498939391439,-0.03850986520312731,0.14016800523234138,57,0.0466498939391439,57
HG221,AD,P1,Phase1_AD_EEG/HG221_EEG/HG221_EEG_stim_on.bdf,constant_V,1,658.3125,719.640625,triggers,0.09202562409389808,-0.018878868902267032,0.18790611938224241,59,0.08885001126565942,58
HG221,AD,P1,Phase1_AD_EEG/HG221_EEG/HG221_EEG_stim_on.bdf,baseline,7,719.640625,780.0,triggers,-0.06293808302416784,0.08203875605556396,0.03246497413333865,58,-0.06293808302416784,58
E01,older_CN,P1,Phase1_CNControls_EEG/E01_EEG/E01_EEG_stim_on.bdf,baseline,1,0.0,58.703125,triggers,-0.04632528123458969,-0.03908692813724715,0.05940763496191448,57,-0.04632528123458969,57
E01,older_CN,P1,Phase1_CNControls_EEG/E01_EEG/E01_EEG_stim_on.bdf,random_V,1,58.703125,241.75,triggers,-0.0028986287465249047,0.010054791364418364,0.05642897718451217,181,-0.028995387564236655,58
E01,older_CN,P1,Phase1_CNControls_EEG/E01_EEG/E01_EEG_stim_on.bdf,baseline,2,241.75,298.203125,triggers,0.015833868863806833,0.06777243345049605,0.09952182175262013,54,0.015833868863806833,54
E01,older_CN,P1,Phase1_CNControls_EEG/E01_EEG/E01_EEG_stim_on.bdf,periodic_V,1,298.203125,482.875,triggers,0.5379348253143977,0.02344858685752936,0.5972270408654424,183,0.6435461289848724,58
E01,older_CN,P1,Phase1_CNControls_EEG/E01_EEG/E01_EEG_stim_on.bdf,baseline,3,482.875,539.625,triggers,0.02862429144429937,0.010138339122480008,0.1381216300256842,55,0.02862429144429937,55
E01,older_CN,P1,Phase1_CNControls_EEG/E01_EEG/E01_EEG_stim_on.bdf,random_AV,1,539.625,718.515625,triggers,-0.05135768554790519,0.02676602382199004,0.01610893574880414,177,0.027247462997534444,58
E01,older_CN,P1,Phase1_CNControls_EEG/E01_EEG/E01_EEG_stim_on.bdf,baseline,4,718.515625,780.46875,triggers,-0.03682185902689729,-0.018672194783263762,0.09496350196201357,60,-0.04355643285551175,58
E01,older_CN,P1,Phase1_CNControls_EEG/E01_EEG/E01_EEG_stim_on.bdf,periodic_A,1,780.46875,960.21875,triggers,0.7107425345361841,0.0026326366393606693,0.7820913908134475,178,0.6222668191728935,58
E01,older_CN,P1,Phase1_CNControls_EEG/E01_EEG/E01_EEG_stim_on.bdf,baseline,5,960.21875,1020.125,triggers,-0.10019462372471218,-0.0258041887134928,0.07728184238156914,58,-0.10019462372471218,58
E01,older_CN,P1,Phase1_CNControls_EEG/E01_EEG/E01_EEG_stim_on.bdf,random_A,1,1020.125,1200.21875,triggers,0.10228193490064126,0.0430632333600892,0.1673776084995204,178,0.05221038794166216,58
E01,older_CN,P1,Phase1_CNControls_EEG/E01_EEG/E01_EEG_stim_on.bdf,baseline,6,1200.21875,1256.703125,triggers,-0.08009894910465964,-0.13288666863059487,0.033565932715273646,54,-0.08009894910465964,54
E01,older_CN,P1,Phase1_CNControls_EEG/E01_EEG/E01_EEG_stim_on.bdf,periodic_AV,1,1256.703125,1439.59375,triggers,0.7946924347277345,-0.042893457620653434,0.8613990182160022,181,0.85144209579554,58
E01,older_CN,P1,Phase1_CNControls_EEG/E01_EEG/E01_EEG_stim_on.bdf,baseline,7,1439.59375,1500.0,triggers,-0.02673162708100532,-0.04293241701410554,0.07259956218728657,58,-0.02673162708100532,58
E02,older_CN,P1,Phase1_CNControls_EEG/E02_EEG/E02_EEG_stim_on.bdf,baseline,1,0.0,60.3125,triggers,0.022989982860265046,0.08201720786535324,0.21708390027835658,58,0.022989982860265046,58
E02,older_CN,P1,Phase1_CNControls_EEG/E02_EEG/E02_EEG_stim_on.bdf,periodic_A,1,60.3125,240.15625,triggers,0.37579854004565033,-0.015192060189959986,0.4096404443506574,178,0.3408226601990092,58
E02,older_CN,P1,Phase1_CNControls_EEG/E02_EEG/E02_EEG_stim_on.bdf,baseline,2,240.15625,300.25,triggers,0.03489877957041576,-0.04121088819878305,0.1823950720309874,58,0.03489877957041576,58
E02,older_CN,P1,Phase1_CNControls_EEG/E02_EEG/E02_EEG_stim_on.bdf,random_A,1,300.25,480.328125,triggers,-0.005345726754872368,-0.03155842448658988,0.09210169517861679,178,-0.11938388526537373,58
E02,older_CN,P1,Phase1_CNControls_EEG/E02_EEG/E02_EEG_stim_on.bdf,baseline,3,480.328125,539.03125,triggers,0.001127203196924359,-0.020497766918511476,0.11873436437276719,57,0.001127203196924359,57
E02,older_CN,P1,Phase1_CNControls_EEG/E02_EEG/E02_EEG_stim_on.bdf,random_V,1,539.03125,721.125,triggers,-0.012812592599600305,0.0018293509116430323,0.042876126761317815,180,0.06170166522861337,58
E02,older_CN,P1,Phase1_CNControls_EEG/E02_EEG/E02_EEG_stim_on.bdf,baseline,4,721.125,779.0,triggers,-0.029375225262351673,0.06948831788394644,0.08599258827486791,56,-0.029375225262351673,56
E02,older_CN,P1,Phase1_CNControls_EEG/E02_EEG/E02_EEG_stim_on.bdf,random_AV,1,779.0,963.115234375,triggers,-0.036412089809316414,-0.011814735825149157,0.032033763558221365,182,0.03308022723938095,58
E02,older_CN,P1,Phase1_CNControls_EEG/E02_EEG/E02_EEG_stim_on.bdf,baseline,5,963.115234375,1018.38671875,triggers,-0.0350085226260165,0.14500782094372014,0.0645329387394247,53,-0.0350085226260165,53
E02,older_CN,P1,Phase1_CNControls_EEG/E02_EEG/E02_EEG_stim_on.bdf,periodic_V,1,1018.38671875,1200.328125,triggers,0.09493403279032725,-0.0591092577780474,0.15309829257065088,180,0.08820718201062241,58
E02,older_CN,P1,Phase1_CNControls_EEG/E02_EEG/E02_EEG_stim_on.bdf,baseline,6,1200.328125,1258.0625,triggers,-0.03563784627298053,-0.022233435720203143,0.13233794945858382,56,-0.03563784627298053,56
E02,older_CN,P1,Phase1_CNControls_EEG/E02_EEG/E02_EEG_stim_on.bdf,periodic_AV,1,1258.0625,1442.3125,triggers,0.3588327926758484,0.11970629474076076,0.3990821319561645,182,0.32120304874304867,58
E02,older_CN,P1,Phase1_CNControls_EEG/E02_EEG/E02_EEG_stim_on.bdf,baseline,7,1442.3125,1500.0,triggers,0.006656776211545284,0.07948436723276611,0.15694435113379782,56,0.006656776211545284,56
E03,older_CN,P1,Phase1_CNControls_EEG/E03_EEG/E03_EEG_stim_on.bdf,baseline,1,0.0,60.09375,triggers,-0.01324124076815364,0.011686887551186936,0.10876922908307639,58,-0.01324124076815364,58
E03,older_CN,P1,Phase1_CNControls_EEG/E03_EEG/E03_EEG_stim_on.bdf,random_V,1,60.09375,242.28125,triggers,-0.0546721233298062,0.005801324169236323,0.02638272515290757,180,-0.027494548505681768,58
E03,older_CN,P1,Phase1_CNControls_EEG/E03_EEG/E03_EEG_stim_on.bdf,baseline,2,242.28125,300.296875,triggers,-0.13588490551286062,-0.03319102683177025,0.057955702342072396,56,-0.13588490551286062,56
E03,older_CN,P1,Phase1_CNControls_EEG/E03_EEG/E03_EEG_stim_on.bdf,random_AV,1,300.296875,479.5,triggers,0.006815156525894886,-0.007972456866020612,0.0704670087681518,177,-0.046152942451613686,58
E03,older_CN,P1,Phase1_CNControls_EEG/E03_EEG/E03_EEG_stim_on.bdf,baseline,3,479.5,540.25,triggers,-0.1369867859081661,0.09986391058150462,0.10157652463345163,59,-0.14336479162329374,58
E03,older_CN,P1,Phase1_CNControls_EEG/E03_EEG/E03_EEG_stim_on.bdf,random_A,1,540.25,720.40625,triggers,-0.00015146627824326464,-0.014292636330800398,0.06447372033885526,178,0.1679562592867061,58
E03,older_CN,P1,Phase1_CNControls_EEG/E03_EEG/E03_EEG_stim_on.bdf,baseline,4,720.40625,780.328125,triggers,-0.023611755337547613,-0.014252106054679733,0.06360664459805802,58,-0.023611755337547613,58
E03,older_CN,P1,Phase1_CNControls_EEG/E03_EEG/E03_EEG_stim_on.bdf,periodic_A,1,780.328125,960.296875,triggers,0.2136608011263093,-0.045094213618835186,0.24800832413700538,178,0.1694426561175975,58
E03,older_CN,P1,Phase1_CNControls_EEG/E03_EEG/E03_EEG_stim_on.bdf,baseline,5,960.296875,1019.453125,triggers,0.1032329900221646,-0.16685747324627812,0.2804492410734581,57,0.1032329900221646,57
E03,older_CN,P1,Phase1_CNControls_EEG/E03_EEG/E03_EEG_stim_on.bdf,periodic_AV,1,1019.453125,1199.5625,triggers,0.28235732192430696,-0.008837474133662399,0.34931314806280445,178,0.16462510341092784,58
E03,older_CN,P1,Phase1_CNControls_EEG/E03_EEG/E03_EEG_stim_on.bdf,baseline,6,1199.5625,1259.25,triggers,-0.13516558794283257,0.0012999626186932511,0.03221060925852588,58,-0.13516558794283257,58
E03,older_CN,P1,Phase1_CNControls_EEG/E03_EEG/E03_EEG_stim_on.bdf,periodic_V,1,1259.25,1439.15625,triggers,0.46751885906991075,0.035735883286061795,0.5415539542356396,178,0.6244816618464337,58
E03,older_CN,P1,Phase1_CNControls_EEG/E03_EEG/E03_EEG_stim_on.bdf,baseline,7,1439.15625,1500.0,triggers,0.038850634233599884,0.09939681941319814,0.17567231097985045,59,0.037599757593560934,58
E04,older_CN,P1,Phase1_CNControls_EEG/E04_EEG/E04_EEG_stim_on.bdf,baseline,1,0.0,59.15625,triggers,-0.04234269505182499,0.045026520506461776,0.049598436320031664,57,-0.04234269505182499,57
E04,older_CN,P1,Phase1_CNControls_EEG/E04_EEG/E04_EEG_stim_on.bdf,periodic_AV,1,59.15625,237.875,triggers,0.8032287422928845,-0.04713980239857204,0.8949862928434026,177,0.7675970414828492,58
E04,older_CN,P1,Phase1_CNControls_EEG/E04_EEG/E04_EEG_stim_on.bdf,baseline,2,237.875,299.75,triggers,0.015985731230311814,-0.012655384782705573,0.10041976709645341,60,0.03593771471492663,58
E04,older_CN,P1,Phase1_CNControls_EEG/E04_EEG/E04_EEG_stim_on.bdf,random_V,1,299.75,479.46875,triggers,0.01040375133781482,0.02823231244188132,0.0852031056959535,178,0.06895436981219366,58
E04,older_CN,P1,Phase1_CNControls_EEG/E04_EEG/E04_EEG_stim_on.bdf,baseline,3,479.46875,538.390625,triggers,0.006509495272292762,0.008851922722764027,0.09742288982557672,57,0.006509495272292762,57
E04,older_CN,P1,Phase1_CNControls_EEG/E04_EEG/E04_EEG_stim_on.bdf,random_AV,1,538.390625,719.296875,triggers,-0.09203336096998493,0.0445840756185696,0.05441183643319408,179,-0.21521156585640527,58
E04,older_CN,P1,Phase1_CNControls_EEG/E04_EEG/E04_EEG_stim_on.bdf,baseline,4,719.296875,780.296875,triggers,0.12354137026766615,0.07635634600928023,0.24271212019495375,59,0.1413034241203084,58
E04,older_CN,P1,Phase1_CNControls_EEG/E04_EEG/E04_EEG_stim_on.bdf,periodic_V,1,780.296875,960.828125,triggers,0.5190316426769088,0.03996753329738008,0.563122129999503,179,0.5294969283192219,58
E04,older_CN,P1,Phase1_CNControls_EEG/E04_EEG/E04_EEG_stim_on.bdf,baseline,5,960.828125,1020.34375,triggers,-0.07197002649112905,-0.04435895082005678,0.09607736155072807,58,-0.07197002649112905,58
E04,older_CN,P1,Phase1_CNControls_EEG/E04_EEG/E04_EEG_stim_on.bdf,random_A,1,1020.34375,1200.3125,triggers,-0.037066043174594276,0.021455962305043583,0.026908875402160273,178,-0.10428245932095027,58
E04,older_CN,P1,Phase1_CNControls_EEG/E04_EEG/E04_EEG_stim_on.bdf,baseline,6,1200.3125,1260.34375,triggers,-0.06357526563490888,0.12069148233351358,0.07045669635761122,58,-0.06357526563490888,58
E04,older_CN,P1,Phase1_CNControls_EEG/E04_EEG/E04_EEG_stim_on.bdf,periodic_A,1,1260.34375,1440.484375,triggers,0.3667997239886234,0.011413886034194937,0.4172675674845377,178,0.3007403070320217,58
E04,older_CN,P1,Phase1_CNControls_EEG/E04_EEG/E04_EEG_stim_on.bdf,baseline,7,1440.484375,1500.0,triggers,0.001775400231500461,-0.07275763908518296,0.06070439904304861,58,0.001775400231500461,58
E05,older_CN,P1,Phase1_CNControls_EEG/E05_EEG/E05_EEG_stim_on.bdf,baseline,1,0.0,60.0,notes (triggers=12),-0.13333781401385258,-0.05926628441984643,0.0184947554142261,58,-0.13333781401385258,58
E05,older_CN,P1,Phase1_CNControls_EEG/E05_EEG/E05_EEG_stim_on.bdf,random_A,1,60.0,240.0,notes (triggers=12),-0.023174838929920213,0.0018153563973383469,0.06832598737967435,178,-0.0551794395861564,58
E05,older_CN,P1,Phase1_CNControls_EEG/E05_EEG/E05_EEG_stim_on.bdf,baseline,2,240.0,300.0,notes (triggers=12),-0.00020352107722511337,0.026228338556252298,0.09175297977134712,58,-0.00020352107722511337,58
E05,older_CN,P1,Phase1_CNControls_EEG/E05_EEG/E05_EEG_stim_on.bdf,random_V,1,300.0,480.0,notes (triggers=12),-0.01936091591179863,-0.05196796625361863,0.051031607377500135,178,0.1445605848393839,58
E05,older_CN,P1,Phase1_CNControls_EEG/E05_EEG/E05_EEG_stim_on.bdf,baseline,3,480.0,540.0,notes (triggers=12),0.1592450397181387,-0.01156616313896383,0.26109583331429087,58,0.1592450397181387,58
E05,older_CN,P1,Phase1_CNControls_EEG/E05_EEG/E05_EEG_stim_on.bdf,random_AV,1,540.0,720.0,notes (triggers=12),0.024730134722818597,0.049036369504553715,0.12335601479624576,178,0.03200186913902481,58
E05,older_CN,P1,Phase1_CNControls_EEG/E05_EEG/E05_EEG_stim_on.bdf,baseline,4,720.0,780.0,notes (triggers=12),-0.031211354538870223,0.065089564350956,0.0804231163065067,58,-0.031211354538870223,58
E05,older_CN,P1,Phase1_CNControls_EEG/E05_EEG/E05_EEG_stim_on.bdf,periodic_A,1,780.0,960.0,notes (triggers=12),0.7230480800431588,0.04039857855522727,0.8116602453173265,178,0.7629667438615885,58
E05,older_CN,P1,Phase1_CNControls_EEG/E05_EEG/E05_EEG_stim_on.bdf,baseline,5,960.0,1020.0,notes (triggers=12),-0.039924816652311235,-0.0163913413361762,0.06413542275831005,58,-0.039924816652311235,58
E05,older_CN,P1,Phase1_CNControls_EEG/E05_EEG/E05_EEG_stim_on.bdf,periodic_V,1,1020.0,1200.0,notes (triggers=12),0.389639799884112,0.04748604801334105,0.46095676190720086,178,0.4249766010318668,58
E05,older_CN,P1,Phase1_CNControls_EEG/E05_EEG/E05_EEG_stim_on.bdf,baseline,6,1200.0,1260.0,notes (triggers=12),-0.06138540177533826,-0.13766396891482804,0.10527752656584803,58,-0.06138540177533826,58
E05,older_CN,P1,Phase1_CNControls_EEG/E05_EEG/E05_EEG_stim_on.bdf,periodic_AV,1,1260.0,1440.0,notes (triggers=12),0.6460025992744824,0.06941908764070573,0.7208040999857348,178,0.6350554340349626,58
E05,older_CN,P1,Phase1_CNControls_EEG/E05_EEG/E05_EEG_stim_on.bdf,baseline,7,1440.0,1499.0,notes (triggers=12),-0.045629106377360104,0.014939099133821548,0.06650155662026859,57,-0.045629106377360104,57
E06,older_CN,P1,Phase1_CNControls_EEG/E06_EEG/E06_EEG_stim_on.bdf,baseline,1,0.0,60.0,notes (triggers=7),0.01417185150417992,0.14975231971005787,0.10482636493689775,58,0.01417185150417992,58
E06,older_CN,P1,Phase1_CNControls_EEG/E06_EEG/E06_EEG_stim_on.bdf,random_AV,1,60.0,240.0,notes (triggers=7),0.23463325994682305,-0.002003426884824841,0.3178412733194387,178,0.15740100430656273,58
E06,older_CN,P1,Phase1_CNControls_EEG/E06_EEG/E06_EEG_stim_on.bdf,baseline,2,240.0,300.0,notes (triggers=7),-0.023671912096034586,-0.04160673759512813,0.06561406776166087,58,-0.023671912096034586,58
E06,older_CN,P1,Phase1_CNControls_EEG/E06_EEG/E06_EEG_stim_on.bdf,random_V,1,300.0,480.0,notes (triggers=7),0.4354225033770746,-0.008593945997550784,0.4937532043295698,178,0.43224775279363703,58
E06,older_CN,P1,Phase1_CNControls_EEG/E06_EEG/E06_EEG_stim_on.bdf,baseline,3,480.0,540.0,notes (triggers=7),0.10619738724801303,-0.006179999301832023,0.24837763420978648,58,0.10619738724801303,58
E06,older_CN,P1,Phase1_CNControls_EEG/E06_EEG/E06_EEG_stim_on.bdf,random_A,1,540.0,720.0,notes (triggers=7),0.1935204075436911,-0.02136255538707294,0.2302422795449668,178,0.07918920992186891,58
E06,older_CN,P1,Phase1_CNControls_EEG/E06_EEG/E06_EEG_stim_on.bdf,baseline,4,720.0,780.0,notes (triggers=7),0.02012810290069378,0.014801685288250321,0.15521145334935016,58,0.02012810290069378,58
E07,older_CN,P1,Phase1_CNControls_EEG/E07_EEG/E07_EEG_stim_on.bdf,baseline,1,0.0,60.203125,triggers,-0.061473275130300264,0.1258803287124095,0.09189126409929713,58,-0.061473275130300264,58
E07,older_CN,P1,Phase1_CNControls_EEG/E07_EEG/E07_EEG_stim_on.bdf,random_A,1,60.203125,240.34375,triggers,-0.008758476899015627,-0.037348547792187575,0.04892881090723142,178,0.00019135409404935633,58
E07,older_CN,P1,Phase1_CNControls_EEG/E07_EEG/E07_EEG_stim_on.bdf,baseline,2,240.34375,294.015625,triggers,0.023092743816121725,0.031668475057921364,0.16253362130349416,52,0.023092743816121725,52
E07,older_CN,P1,Phase1_CNControls_EEG/E07_EEG/E07_EEG_stim_on.bdf,random_AV,1,294.015625,477.421875,triggers,-0.027875338949675622,0.06591572231636894,0.04847342327698679,181,-0.131522033986255,58
E07,older_CN,P1,Phase1_CNControls_EEG/E07_EEG/E07_EEG_stim_on.bdf,baseline,3,477.421875,540.375,triggers,-0.09333272214488988,0.0875616297217949,0.05248110878864077,61,-0.04675427642630005,58
E07,older_CN,P1,Phase1_CNControls_EEG/E07_EEG/E07_EEG_stim_on.bdf,periodic_A,1,540.375,720.40625,triggers,0.4525084743210919,-0.027022365125521856,0.5005724745928075,178,0.3106327432944559,58
E07,older_CN,P1,Phase1_CNControls_EEG/E07_EEG/E07_EEG_stim_on.bdf,baseline,4,720.40625,774.875,triggers,0.06426727741774713,0.083970387882107,0.20840117954501444,52,0.06426727741774713,52
E07,older_CN,P1,Phase1_CNControls_EEG/E07_EEG/E07_EEG_stim_on.bdf,periodic_AV,1,774.875,956.828125,triggers,0.7940482522564387,0.00010984137896528912,0.8636391883107484,180,0.7896383212455735,58
E07,older_CN,P1,Phase1_CNControls_EEG/E07_EEG/E07_EEG_stim_on.bdf,baseline,5,956.828125,1017.65625,triggers,-0.014884898007256175,0.04331931855474,0.1322196775190982,59,-0.018035794429365065,58
E07,older_CN,P1,Phase1_CNControls_EEG/E07_EEG/E07_EEG_stim_on.bdf,random_V,1,1017.65625,1199.5,triggers,0.06367201764379951,0.040177047398488125,0.11572156449351162,180,0.09008592116979003,58
E07,older_CN,P1,Phase1_CNControls_EEG/E07_EEG/E07_EEG_stim_on.bdf,baseline,6,1199.5,1256.6875,triggers,0.11930028767773379,0.07462257266029051,0.2544444470996835,55,0.11930028767773379,55
E07,older_CN,P1,Phase1_CNControls_EEG/E07_EEG/E07_EEG_stim_on.bdf,periodic_V,1,1256.6875,1436.484375,triggers,0.7373196757195579,-0.00785991782722844,0.8105246580051871,178,0.8020511403088713,58
E07,older_CN,P1,Phase1_CNControls_EEG/E07_EEG/E07_EEG_stim_on.bdf,baseline,7,1436.484375,1500.0,triggers,-0.06389354981256848,-0.0333417447308712,0.033162273224544764,62,-0.05334630519012917,58
E09,older_CN,P1,Phase1_CNControls_EEG/E09_EEG/E09_EEG_stim_on.bdf,baseline,1,0.0,60.328125,triggers,0.008011488428899871,-0.07826132165084607,0.06526391621100197,58,0.008011488428899871,58
E09,older_CN,P1,Phase1_CNControls_EEG/E09_EEG/E09_EEG_stim_on.bdf,periodic_A,1,60.328125,240.359375,triggers,0.5215993256461753,-0.02018060378616175,0.5932718676222991,178,0.5450939969968311,58
E09,older_CN,P1,Phase1_CNControls_EEG/E09_EEG/E09_EEG_stim_on.bdf,baseline,2,240.359375,296.328125,triggers,-0.156241590134436,-0.054645387030214015,0.02512037922769518,54,-0.156241590134436,54
E09,older_CN,P1,Phase1_CNControls_EEG/E09_EEG/E09_EEG_stim_on.bdf,periodic_AV,1,296.328125,477.46875,triggers,0.6717619690969636,-0.028364645201285184,0.7457511204959966,179,0.681950888332183,58
E09,older_CN,P1,Phase1_CNControls_EEG/E09_EEG/E09_EEG_stim_on.bdf,baseline,3,477.46875,535.703125,triggers,-0.03733000592269069,-0.07436967097840136,0.10785287972214265,56,-0.03733000592269069,56
E09,older_CN,P1,Phase1_CNControls_EEG/E09_EEG/E09_EEG_stim_on.bdf,random_AV,1,535.703125,718.234375,triggers,0.04316247171942096,0.08647154163741963,0.09021883502567524,181,-0.004545678209558535,58
E09,older_CN,P1,Phase1_CNControls_EEG/E09_EEG/E09_EEG_stim_on.bdf,baseline,4,718.234375,776.71875,triggers,0.012154892616657392,-0.02455472145180966,0.14103535753755617,56,0.012154892616657392,56
E09,older_CN,P1,Phase1_CNControls_EEG/E09_EEG/E09_EEG_stim_on.bdf,random_V,1,776.71875,958.109375,triggers,0.042618672610221786,0.021857630542192794,0.0697557022462048,179,-0.0019862977768501378,58
E09,older_CN,P1,Phase1_CNControls_EEG/E09_EEG/E09_EEG_stim_on.bdf,baseline,5,958.109375,1020.234375,triggers,0.008465243336852196,-0.0897863558689951,0.13117162862114481,60,-0.004055140658881656,58
E09,older_CN,P1,Phase1_CNControls_EEG/E09_EEG/E09_EEG_stim_on.bdf,random_A,1,1020.234375,1200.328125,triggers,-0.02374195202990622,-0.05481315165030738,0.03343261337610929,178,0.1528264751573492,58
E09,older_CN,P1,Phase1_CNControls_EEG/E09_EEG/E09_EEG_stim_on.bdf,baseline,6,1200.328125,1255.59375,triggers,0.13844887917368184,-0.06508189066526697,0.2338946953105418,53,0.13844887917368184,53
E09,older_CN,P1,Phase1_CNControls_EEG/E09_EEG/E09_EEG_stim_on.bdf,periodic_V,1,1255.59375,1438.03125,triggers,0.39661988304962803,0.053328762526337656,0.45667385812776173,180,0.4653634754263333,58
E09,older_CN,P1,Phase1_CNControls_EEG/E09_EEG/E09_EEG_stim_on.bdf,baseline,7,1438.03125,1500.0,triggers,0.06552174526160243,0.04297500816195886,0.153089790398075,60,0.047666852857093,58
E10,older_CN,P1,Phase1_CNControls_EEG/E10_EEG/E10_EEG_stim_on.bdf,baseline,1,0.0,60.0,notes (triggers=11),0.03083203256739847,0.027756189335593207,0.1529281448250418,58,0.03083203256739847,58
E10,older_CN,P1,Phase1_CNControls_EEG/E10_EEG/E10_EEG_stim_on.bdf,random_AV,1,60.0,240.0,notes (triggers=11),0.12030787235126339,-0.002045411985922979,0.17028817862864415,178,0.1813794894896103,58
E10,older_CN,P1,Phase1_CNControls_EEG/E10_EEG/E10_EEG_stim_on.bdf,baseline,2,240.0,300.0,notes (triggers=11),-0.055175948386917736,0.1260223128022418,0.0668537822636094,58,-0.055175948386917736,58
E10,older_CN,P1,Phase1_CNControls_EEG/E10_EEG/E10_EEG_stim_on.bdf,periodic_AV,1,300.0,480.0,notes (triggers=11),0.7894076351558763,0.07848405118328038,0.8625955243813725,178,0.7823112598117401,58
E10,older_CN,P1,Phase1_CNControls_EEG/E10_EEG/E10_EEG_stim_on.bdf,baseline,3,480.0,540.0,notes (triggers=11),0.0717636430962886,0.09726014521062973,0.2072072139454565,58,0.0717636430962886,58
E10,older_CN,P1,Phase1_CNControls_EEG/E10_EEG/E10_EEG_stim_on.bdf,random_A,1,540.0,720.0,notes (triggers=11),0.028146081890010388,-0.04257537534740068,0.0889054726780674,178,-0.023860691557144362,58
E10,older_CN,P1,Phase1_CNControls_EEG/E10_EEG/E10_EEG_stim_on.bdf,baseline,4,720.0,780.0,notes (triggers=11),-0.06717640294077382,-0.04549781175513998,0.06199920078547542,58,-0.06717640294077382,58
E10,older_CN,P1,Phase1_CNControls_EEG/E10_EEG/E10_EEG_stim_on.bdf,periodic_V,1,780.0,960.0,notes (triggers=11),0.4717377977487244,-0.011919162814409856,0.5267495078554355,178,0.36948119444647437,58
E10,older_CN,P1,Phase1_CNControls_EEG/E10_EEG/E10_EEG_stim_on.bdf,baseline,5,960.0,1020.0,notes (triggers=11),-0.005704615065578067,0.04996925999725313,0.08563964946176644,58,-0.005704615065578067,58
E10,older_CN,P1,Phase1_CNControls_EEG/E10_EEG/E10_EEG_stim_on.bdf,periodic_A,1,1020.0,1200.0,notes (triggers=11),0.2684307780923538,-0.014981326700388056,0.33889588815356186,178,0.2075621285879904,58
E10,older_CN,P1,Phase1_CNControls_EEG/E10_EEG/E10_EEG_stim_on.bdf,baseline,6,1200.0,1260.0,notes (triggers=11),-0.07502086600131559,-0.04389023195024283,0.06966816049744,58,-0.07502086600131559,58
E10,older_CN,P1,Phase1_CNControls_EEG/E10_EEG/E10_EEG_stim_on.bdf,random_V,1,1260.0,1440.0,notes (triggers=11),-0.03578953732907729,-0.016727757575712668,0.04153761037837596,178,-0.03518974485422541,58
E10,older_CN,P1,Phase1_CNControls_EEG/E10_EEG/E10_EEG_stim_on.bdf,baseline,7,1440.0,1500.0,notes (triggers=11),-0.07234836518755258,0.10377140966714242,0.06865346315567758,58,-0.07234836518755258,58
E12,older_CN,P1,Phase1_CNControls_EEG/E12_EEG/E12_EEG_stim_on.bdf,baseline,1,0.0,56.265625,triggers,-0.016900736132770044,0.04511972360058247,0.08247310944946781,54,-0.016900736132770044,54
E12,older_CN,P1,Phase1_CNControls_EEG/E12_EEG/E12_EEG_stim_on.bdf,periodic_V,1,56.265625,236.34375,triggers,0.06227346282742735,-0.050590702551820674,0.14113818652885673,178,-0.0007472637579407082,58
E12,older_CN,P1,Phase1_CNControls_EEG/E12_EEG/E12_EEG_stim_on.bdf,baseline,2,236.34375,300.296875,triggers,0.0018136030149860372,-0.041585618891566895,0.18549816223655727,62,0.01077555807399383,58
E12,older_CN,P1,Phase1_CNControls_EEG/E12_EEG/E12_EEG_stim_on.bdf,random_A,1,300.296875,480.40625,triggers,0.04014127630320884,-0.07057217642629146,0.09469424009162677,178,0.012955053849204493,58
E12,older_CN,P1,Phase1_CNControls_EEG/E12_EEG/E12_EEG_stim_on.bdf,baseline,3,480.40625,540.40625,triggers,-0.19682439250921946,-0.13033050119229614,0.04803707636870373,58,-0.19682439250921946,58
E12,older_CN,P1,Phase1_CNControls_EEG/E12_EEG/E12_EEG_stim_on.bdf,periodic_A,1,540.40625,720.375,triggers,0.6109318884310916,-0.0006011847258872299,0.6463711751085066,178,0.6176431771247746,58
E12,older_CN,P1,Phase1_CNControls_EEG/E12_EEG/E12_EEG_stim_on.bdf,baseline,4,720.375,775.703125,triggers,0.1750634224586396,0.005014062331158503,0.329621766710185,53,0.1750634224586396,53
E12,older_CN,P1,Phase1_CNControls_EEG/E12_EEG/E12_EEG_stim_on.bdf,random_AV,1,775.703125,956.15625,triggers,0.029958556418079055,-0.0984895772922798,0.09605784450400365,178,-0.0032302097493938364,58
E12,older_CN,P1,Phase1_CNControls_EEG/E12_EEG/E12_EEG_stim_on.bdf,baseline,5,956.15625,1015.859375,triggers,-0.017221355880671946,0.07143667762418629,0.10035031290225771,58,-0.017221355880671946,58
E12,older_CN,P1,Phase1_CNControls_EEG/E12_EEG/E12_EEG_stim_on.bdf,periodic_AV,1,1015.859375,1197.3125,triggers,0.6495337079931957,-0.00718167459124297,0.7323675802442716,179,0.6377756837209302,58
E12,older_CN,P1,Phase1_CNControls_EEG/E12_EEG/E12_EEG_stim_on.bdf,baseline,6,1197.3125,1256.96875,triggers,-0.004862165675741298,-0.04844152172534989,0.11106865281687422,58,-0.004862165675741298,58
E12,older_CN,P1,Phase1_CNControls_EEG/E12_EEG/E12_EEG_stim_on.bdf,random_V,1,1256.96875,1438.3125,triggers,0.018008104439634062,0.03370498336558012,0.06493481891722448,179,-0.00766507065440683,58
E12,older_CN,P1,Phase1_CNControls_EEG/E12_EEG/E12_EEG_stim_on.bdf,baseline,7,1438.3125,1500.0,triggers,-0.09974609373739614,0.015079598805672695,0.07094918486492945,60,-0.08772238878658964,58
E33,older_CN,P1,Phase1_CNControls_EEG/E33_EEG/E33_EEG_stim_on.bdf,baseline,1,0.0,60.75,triggers,-9.182244182935617e-05,-0.06727220241264545,0.07877541283379959,59,0.00461176609737142,58
E33,older_CN,P1,Phase1_CNControls_EEG/E33_EEG/E33_EEG_stim_on.bdf,periodic_A,1,60.75,240.546875,triggers,0.735358604738717,-0.015723880451921544,0.8165211193152363,178,0.6702468342269245,58
E33,older_CN,P1,Phase1_CNControls_EEG/E33_EEG/E33_EEG_stim_on.bdf,baseline,2,240.546875,300.4375,triggers,0.12649749079119355,0.050958692915710174,0.20623835944144664,58,0.12649749079119355,58
E33,older_CN,P1,Phase1_CNControls_EEG/E33_EEG/E33_EEG_stim_on.bdf,random_AV,1,300.4375,479.984375,triggers,-0.04894595092253008,0.0045813124959143275,0.024344845331053036,178,0.03188259628425445,58
E33,older_CN,P1,Phase1_CNControls_EEG/E33_EEG/E33_EEG_stim_on.bdf,baseline,3,479.984375,538.1875,triggers,-0.020446196996014826,-0.07996102715396879,0.1573112548020453,56,-0.020446196996014826,56
E33,older_CN,P1,Phase1_CNControls_EEG/E33_EEG/E33_EEG_stim_on.bdf,periodic_AV,1,538.1875,724.03125,triggers,0.7934928442430885,0.02202686419350343,0.8471086605485876,184,0.7397311547913776,58
E33,older_CN,P1,Phase1_CNControls_EEG/E33_EEG/E33_EEG_stim_on.bdf,baseline,4,724.03125,780.625,triggers,-0.11214810856471881,-0.006041788637933775,0.07482314683785295,55,-0.11214810856471881,55
E33,older_CN,P1,Phase1_CNControls_EEG/E33_EEG/E33_EEG_stim_on.bdf,random_A,1,780.625,960.3125,triggers,-0.053759689403870325,-0.006773816276203659,0.06354575296602048,178,-0.03379669471078772,58
E33,older_CN,P1,Phase1_CNControls_EEG/E33_EEG/E33_EEG_stim_on.bdf,baseline,5,960.3125,1018.421875,triggers,-0.05309164448178311,-0.037630079618093,0.06869214474741417,56,-0.05309164448178311,56
E33,older_CN,P1,Phase1_CNControls_EEG/E33_EEG/E33_EEG_stim_on.bdf,random_V,1,1018.421875,1202.1875,triggers,0.047267757049349726,0.037672630478344446,0.08519984314986216,182,-0.0016604615377384113,58
E33,older_CN,P1,Phase1_CNControls_EEG/E33_EEG/E33_EEG_stim_on.bdf,baseline,6,1202.1875,1259.78125,triggers,-0.0029535508472665964,-0.03130170991230362,0.03720014135542831,56,-0.0029535508472665964,56
E33,older_CN,P1,Phase1_CNControls_EEG/E33_EEG/E33_EEG_stim_on.bdf,periodic_V,1,1259.78125,1443.265625,triggers,0.5153525025674999,0.0299763935677965,0.5717198391153616,181,0.41473945996176953,58
E33,older_CN,P1,Phase1_CNControls_EEG/E33_EEG/E33_EEG_stim_on.bdf,baseline,7,1443.265625,1500.0,triggers,-0.03201861412220515,0.024904760617462163,0.06913232159200268,55,-0.03201861412220515,55
Y01,young_CN,P1,Phase1_CNControls_EEG/Y01_EEG/Y01_EEG_stim_on.bdf,baseline,1,0.0,60.0,notes (triggers=0),0.040597673903772585,0.05010176083664883,0.14747639711291602,58,0.040597673903772585,58
Y01,young_CN,P1,Phase1_CNControls_EEG/Y01_EEG/Y01_EEG_stim_on.bdf,random_V,1,60.0,240.0,notes (triggers=0),-0.013552220459331021,-0.034301897441788784,0.06217159963036753,178,0.17866901367178292,58
Y01,young_CN,P1,Phase1_CNControls_EEG/Y01_EEG/Y01_EEG_stim_on.bdf,baseline,2,240.0,300.0,notes (triggers=0),-0.024257478623350343,-0.057037344425676394,0.13581613490124547,58,-0.024257478623350343,58
Y01,young_CN,P1,Phase1_CNControls_EEG/Y01_EEG/Y01_EEG_stim_on.bdf,periodic_V,1,300.0,480.0,notes (triggers=0),0.11056969143840618,-0.06579689308472032,0.17530864233992843,178,0.06476523673923254,58
Y01,young_CN,P1,Phase1_CNControls_EEG/Y01_EEG/Y01_EEG_stim_on.bdf,baseline,3,480.0,540.0,notes (triggers=0),-0.0015824951689950573,-0.019904809182876765,0.09484298159872921,58,-0.0015824951689950573,58
Y01,young_CN,P1,Phase1_CNControls_EEG/Y01_EEG/Y01_EEG_stim_on.bdf,random_A,1,540.0,720.0,notes (triggers=0),0.13699208882528435,0.03384252221123492,0.20368996857611651,178,0.10995379286994593,58
Y01,young_CN,P1,Phase1_CNControls_EEG/Y01_EEG/Y01_EEG_stim_on.bdf,baseline,4,720.0,780.0,notes (triggers=0),-0.08019580998763387,-0.044143675598919685,0.05745185729701715,58,-0.08019580998763387,58
Y01,young_CN,P1,Phase1_CNControls_EEG/Y01_EEG/Y01_EEG_stim_on.bdf,periodic_A,1,780.0,960.0,notes (triggers=0),0.7821597154232299,0.028563039426073147,0.8285366431330005,178,0.7617154849261004,58
Y01,young_CN,P1,Phase1_CNControls_EEG/Y01_EEG/Y01_EEG_stim_on.bdf,baseline,5,960.0,1020.0,notes (triggers=0),-0.009096460596433278,-0.022438370226547544,0.10747570975257367,58,-0.009096460596433278,58
Y01,young_CN,P1,Phase1_CNControls_EEG/Y01_EEG/Y01_EEG_stim_on.bdf,random_AV,1,1020.0,1200.0,notes (triggers=0),0.03572870737875554,0.0072272751329719095,0.09362394851853702,178,-0.0449494367994825,58
Y01,young_CN,P1,Phase1_CNControls_EEG/Y01_EEG/Y01_EEG_stim_on.bdf,baseline,6,1200.0,1260.0,notes (triggers=0),-0.023674961024617705,-0.012391814663248651,0.10548780126179082,58,-0.023674961024617705,58
Y01,young_CN,P1,Phase1_CNControls_EEG/Y01_EEG/Y01_EEG_stim_on.bdf,periodic_AV,1,1260.0,1440.0,notes (triggers=0),0.8419057262617557,-0.07023129306174666,0.8811582672938556,178,0.8417000033817235,58
Y01,young_CN,P1,Phase1_CNControls_EEG/Y01_EEG/Y01_EEG_stim_on.bdf,baseline,7,1440.0,1500.0,notes (triggers=0),-0.026662982102915747,0.007610133678791028,0.08103618985016035,58,-0.026662982102915747,58
Y02,young_CN,P1,Phase1_CNControls_EEG/Y02_EEG/Y02_EEG_stim_on.bdf,baseline,1,0.0,60.0,notes (triggers=0),-0.09341503681554642,0.09552968652216451,0.019920058556052677,58,-0.09341503681554642,58
Y02,young_CN,P1,Phase1_CNControls_EEG/Y02_EEG/Y02_EEG_stim_on.bdf,random_AV,1,60.0,240.0,notes (triggers=0),-0.07689555625874117,0.008252970709218002,0.042104380614353266,178,0.04067934478015249,58
Y02,young_CN,P1,Phase1_CNControls_EEG/Y02_EEG/Y02_EEG_stim_on.bdf,baseline,2,240.0,300.0,notes (triggers=0),-0.06967769089703309,-0.01824656809022089,0.07520456308034713,58,-0.06967769089703309,58
Y02,young_CN,P1,Phase1_CNControls_EEG/Y02_EEG/Y02_EEG_stim_on.bdf,periodic_V,1,300.0,480.0,notes (triggers=0),0.8725511818443823,0.0024800755122017515,0.9205655160838688,178,0.7710776818029754,58
Y02,young_CN,P1,Phase1_CNControls_EEG/Y02_EEG/Y02_EEG_stim_on.bdf,baseline,3,480.0,540.0,notes (triggers=0),-0.04718026283975512,0.014909639126828966,0.050491163072117255,58,-0.04718026283975512,58
Y02,young_CN,P1,Phase1_CNControls_EEG/Y02_EEG/Y02_EEG_stim_on.bdf,random_V,1,540.0,720.0,notes (triggers=0),-0.016912588226873776,-0.004941687354195645,0.0623693196159885,178,0.014220435409144444,58
Y02,young_CN,P1,Phase1_CNControls_EEG/Y02_EEG/Y02_EEG_stim_on.bdf,baseline,4,720.0,780.0,notes (triggers=0),-0.16874361596521129,-0.0409232352085275,0.03392892120014266,58,-0.16874361596521129,58
Y02,young_CN,P1,Phase1_CNControls_EEG/Y02_EEG/Y02_EEG_stim_on.bdf,periodic_AV,1,780.0,960.0,notes (triggers=0),0.9275813042516741,-0.004095340389505285,0.963554975172376,178,0.8278218626283848,58
Y02,young_CN,P1,Phase1_CNControls_EEG/Y02_EEG/Y02_EEG_stim_on.bdf,baseline,5,960.0,1020.0,notes (triggers=0),0.018076074737325462,-0.06097154236988917,0.08878912298222133,58,0.018076074737325462,58
Y02,young_CN,P1,Phase1_CNControls_EEG/Y02_EEG/Y02_EEG_stim_on.bdf,random_A,1,1020.0,1200.0,notes (triggers=0),-0.0045824161369178995,-0.04907090745285972,0.10066505932628915,178,0.07643158751935379,58
Y02,young_CN,P1,Phase1_CNControls_EEG/Y02_EEG/Y02_EEG_stim_on.bdf,baseline,6,1200.0,1260.0,notes (triggers=0),-0.03092510808889498,-0.03899559242289759,0.08898865045366347,58,-0.03092510808889498,58
Y02,young_CN,P1,Phase1_CNControls_EEG/Y02_EEG/Y02_EEG_stim_on.bdf,periodic_A,1,1260.0,1440.0,notes (triggers=0),0.6593932833839082,0.05435371694141734,0.7185570915873558,178,0.596375720153192,58
Y02,young_CN,P1,Phase1_CNControls_EEG/Y02_EEG/Y02_EEG_stim_on.bdf,baseline,7,1440.0,1500.0,notes (triggers=0),-0.11689669545079602,-0.07281818376370434,0.030489828053860735,58,-0.11689669545079602,58
Y03,young_CN,P1,Phase1_CNControls_EEG/Y03_EEG/Y03_EEG_stim_on.bdf,baseline,1,0.0,63.078125,triggers,0.07979084059696391,-0.13686438111079105,0.1901586593485156,61,0.10031642908731846,58
Y03,young_CN,P1,Phase1_CNControls_EEG/Y03_EEG/Y03_EEG_stim_on.bdf,random_AV,1,63.078125,248.5,triggers,-0.029137244551359597,-0.019422844151943175,0.030750169655183235,183,-0.03442580526247656,58
Y03,young_CN,P1,Phase1_CNControls_EEG/Y03_EEG/Y03_EEG_stim_on.bdf,baseline,2,248.5,302.515625,triggers,-0.01656528321876216,-0.05416614331138768,0.08670746395744161,52,-0.01656528321876216,52
Y03,young_CN,P1,Phase1_CNControls_EEG/Y03_EEG/Y03_EEG_stim_on.bdf,random_V,1,302.515625,485.265625,triggers,-0.00022200370234121136,-0.025884645199132292,0.07272112997461001,181,0.0009887216684916211,58
Y03,young_CN,P1,Phase1_CNControls_EEG/Y03_EEG/Y03_EEG_stim_on.bdf,baseline,3,485.265625,546.796875,triggers,0.010706777724176358,-0.028496331877620462,0.17372677298047406,60,-0.013529734430585416,58
Y03,young_CN,P1,Phase1_CNControls_EEG/Y03_EEG/Y03_EEG_stim_on.bdf,periodic_V,1,546.796875,729.015625,triggers,0.32057749595599977,0.008507119518921469,0.4037096047714437,180,0.2565771693230228,58
Y03,young_CN,P1,Phase1_CNControls_EEG/Y03_EEG/Y03_EEG_stim_on.bdf,baseline,4,729.015625,783.421875,triggers,0.015463476943169435,0.017283096145708804,0.09491323936271921,52,0.015463476943169435,52
Y03,young_CN,P1,Phase1_CNControls_EEG/Y03_EEG/Y03_EEG_stim_on.bdf,periodic_AV,1,783.421875,965.921875,triggers,0.6343350975284756,-0.03258582160193106,0.710875079764922,181,0.7191424151902235,58
Y03,young_CN,P1,Phase1_CNControls_EEG/Y03_EEG/Y03_EEG_stim_on.bdf,baseline,5,965.921875,1021.546875,triggers,0.05587529403198696,0.048882407069458955,0.14430925371598777,54,0.05587529403198696,54
Y03,young_CN,P1,Phase1_CNControls_EEG/Y03_EEG/Y03_EEG_stim_on.bdf,random_A,1,1021.546875,1203.796875,triggers,0.05438025858870746,0.07846561370016156,0.12220048626396104,180,-0.024319708819753552,58
Y03,young_CN,P1,Phase1_CNControls_EEG/Y03_EEG/Y03_EEG_stim_on.bdf,baseline,6,1203.796875,1260.984375,triggers,-0.11266084142539531,0.12724325892351873,0.0075328425774529775,55,-0.11266084142539531,55
Y03,young_CN,P1,Phase1_CNControls_EEG/Y03_EEG/Y03_EEG_stim_on.bdf,periodic_A,1,1260.984375,1440.328125,triggers,0.484286178549433,0.07123630931623752,0.541838110393195,177,0.5478391867131001,58
Y03,young_CN,P1,Phase1_CNControls_EEG/Y03_EEG/Y03_EEG_stim_on.bdf,baseline,7,1440.328125,1500.0,triggers,0.07990893364099044,0.14110434637792996,0.20040527125447571,58,0.07990893364099044,58
Y04,young_CN,P1,Phase1_CNControls_EEG/Y04_EEG/Y04_EEG_stim_on.bdf,baseline,1,0.0,60.0,notes (triggers=11),0.06055062188300307,-0.09987395876878075,0.16275073486902278,58,0.06055062188300307,58
Y04,young_CN,P1,Phase1_CNControls_EEG/Y04_EEG/Y04_EEG_stim_on.bdf,random_A,1,60.0,240.0,notes (triggers=11),-0.012001707396565184,-0.03542930674444096,0.06468400542714858,178,-0.07296487181124187,58
Y04,young_CN,P1,Phase1_CNControls_EEG/Y04_EEG/Y04_EEG_stim_on.bdf,baseline,2,240.0,300.0,notes (triggers=11),0.13160801738962133,-0.026566138538577255,0.241131692951865,58,0.13160801738962133,58
Y04,young_CN,P1,Phase1_CNControls_EEG/Y04_EEG/Y04_EEG_stim_on.bdf,periodic_V,1,300.0,480.0,notes (triggers=11),0.6233140754456961,-0.032647188882417744,0.6854415445491415,178,0.5368055353781617,58
Y04,young_CN,P1,Phase1_CNControls_EEG/Y04_EEG/Y04_EEG_stim_on.bdf,baseline,3,480.0,540.0,notes (triggers=11),0.08889646369654433,0.16570610588446305,0.19094738697934632,58,0.08889646369654433,58
Y04,young_CN,P1,Phase1_CNControls_EEG/Y04_EEG/Y04_EEG_stim_on.bdf,periodic_AV,1,540.0,720.0,notes (triggers=11),0.8260166377038088,-0.017567557120161892,0.8783356532118393,178,0.7826444908664126,58
Y04,young_CN,P1,Phase1_CNControls_EEG/Y04_EEG/Y04_EEG_stim_on.bdf,baseline,4,720.0,780.0,notes (triggers=11),-0.017259674505209738,-0.01479139029254728,0.11130902262313175,58,-0.017259674505209738,58
Y04,young_CN,P1,Phase1_CNControls_EEG/Y04_EEG/Y04_EEG_stim_on.bdf,periodic_A,1,780.0,960.0,notes (triggers=11),0.8668764950387507,0.03471223347158716,0.9149419061271992,178,0.8439733843928641,58
Y04,young_CN,P1,Phase1_CNControls_EEG/Y04_EEG/Y04_EEG_stim_on.bdf,baseline,5,960.0,1020.0,notes (triggers=11),-0.07011933246378056,0.07795341661903037,0.04833766646639415,58,-0.07011933246378056,58
Y04,young_CN,P1,Phase1_CNControls_EEG/Y04_EEG/Y04_EEG_stim_on.bdf,random_V,1,1020.0,1200.0,notes (triggers=11),0.10505561173239858,0.06153150211406403,0.14465324795332538,178,0.12404869354591402,58
Y04,young_CN,P1,Phase1_CNControls_EEG/Y04_EEG/Y04_EEG_stim_on.bdf,baseline,6,1200.0,1260.0,notes (triggers=11),-0.0047427748347849685,0.03727484428642508,0.09701745732159921,58,-0.0047427748347849685,58
Y04,young_CN,P1,Phase1_CNControls_EEG/Y04_EEG/Y04_EEG_stim_on.bdf,random_AV,1,1260.0,1440.0,notes (triggers=11),-0.04153084406613061,-0.06139270499013887,0.0030589483178597755,178,0.10754923474369787,58
Y04,young_CN,P1,Phase1_CNControls_EEG/Y04_EEG/Y04_EEG_stim_on.bdf,baseline,7,1440.0,1500.0,notes (triggers=11),0.0780136910752122,-0.009801154726131772,0.1347158066658692,58,0.0780136910752122,58
Y05,young_CN,P1,Phase1_CNControls_EEG/Y05_EEG/Y05_EEG_stim_on.bdf,baseline,1,0.0,60.0,notes (triggers=12),-0.12121308378739319,-0.055813968644146617,0.01801718274762372,58,-0.12121308378739319,58
Y05,young_CN,P1,Phase1_CNControls_EEG/Y05_EEG/Y05_EEG_stim_on.bdf,periodic_V,1,60.0,240.0,notes (triggers=12),0.2504171516943208,0.03886908024895111,0.2850300572415285,178,0.3339419550196644,58
Y05,young_CN,P1,Phase1_CNControls_EEG/Y05_EEG/Y05_EEG_stim_on.bdf,baseline,2,240.0,300.0,notes (triggers=12),-0.028403739513175888,-0.06964240414111814,0.06852960149582363,58,-0.028403739513175888,58
Y05,young_CN,P1,Phase1_CNControls_EEG/Y05_EEG/Y05_EEG_stim_on.bdf,periodic_A,1,300.0,480.0,notes (triggers=12),0.6062210654556842,0.047610263857701424,0.681968713623482,178,0.4078289634447564,58
Y05,young_CN,P1,Phase1_CNControls_EEG/Y05_EEG/Y05_EEG_stim_on.bdf,baseline,3,480.0,540.0,notes (triggers=12),0.014473295077318149,0.09623945091207017,0.14169542895662077,58,0.014473295077318149,58
Y05,young_CN,P1,Phase1_CNControls_EEG/Y05_EEG/Y05_EEG_stim_on.bdf,random_AV,1,540.0,720.0,notes (triggers=12),0.00220244489034567,-0.011507419512209988,0.04938878021937058,178,-0.06414311536527406,58
Y05,young_CN,P1,Phase1_CNControls_EEG/Y05_EEG/Y05_EEG_stim_on.bdf,baseline,4,720.0,780.0,notes (triggers=12),-0.0800068410984344,0.008625785970695354,0.026796306576374,58,-0.0800068410984344,58
Y05,young_CN,P1,Phase1_CNControls_EEG/Y05_EEG/Y05_EEG_stim_on.bdf,random_V,1,780.0,960.0,notes (triggers=12),0.04113406002019393,0.01614907794828265,0.11518414961281863,178,0.13317161021805152,58
Y05,young_CN,P1,Phase1_CNControls_EEG/Y05_EEG/Y05_EEG_stim_on.bdf,baseline,5,960.0,1020.0,notes (triggers=12),-0.07127257144868562,-0.1036789865700352,0.01291563861580249,58,-0.07127257144868562,58
Y05,young_CN,P1,Phase1_CNControls_EEG/Y05_EEG/Y05_EEG_stim_on.bdf,periodic_AV,1,1020.0,1200.0,notes (triggers=12),0.5439247985175871,0.03291597130622703,0.6048870322762802,178,0.4146104452984406,58
Y05,young_CN,P1,Phase1_CNControls_EEG/Y05_EEG/Y05_EEG_stim_on.bdf,baseline,6,1200.0,1260.0,notes (triggers=12),0.0648121928556299,0.016001264099864854,0.15756511360746298,58,0.0648121928556299,58
Y05,young_CN,P1,Phase1_CNControls_EEG/Y05_EEG/Y05_EEG_stim_on.bdf,random_A,1,1260.0,1440.0,notes (triggers=12),-0.03158043736021439,0.004896293498601066,0.030049315092976193,178,0.10464306325955353,58
Y05,young_CN,P1,Phase1_CNControls_EEG/Y05_EEG/Y05_EEG_stim_on.bdf,baseline,7,1440.0,1500.0,notes (triggers=12),0.07860924320627904,0.04797490602931062,0.14171969713606689,58,0.07860924320627904,58
Y06,young_CN,P1,Phase1_CNControls_EEG/Y06_EEG/Y06_EEG_stim_on.bdf,baseline,1,0.0,60.46875,triggers,0.14194931643021771,0.039661641678536336,0.22298733624073974,58,0.14194931643021771,58
Y06,young_CN,P1,Phase1_CNControls_EEG/Y06_EEG/Y06_EEG_stim_on.bdf,periodic_A,1,60.46875,240.3125,triggers,0.04405667685532899,-0.03838586763695276,0.12980905528871234,178,-0.1149338532239175,58
Y06,young_CN,P1,Phase1_CNControls_EEG/Y06_EEG/Y06_EEG_stim_on.bdf,baseline,2,240.3125,299.859375,triggers,-0.038660047055597335,-0.10317901254971078,0.10219675046880708,58,-0.038660047055597335,58
Y06,young_CN,P1,Phase1_CNControls_EEG/Y06_EEG/Y06_EEG_stim_on.bdf,random_AV,1,299.859375,483.9375,triggers,0.005872663579807973,0.03568215230323886,0.05627384571393094,182,-0.003975877975941497,58
Y06,young_CN,P1,Phase1_CNControls_EEG/Y06_EEG/Y06_EEG_stim_on.bdf,baseline,3,483.9375,539.859375,triggers,-0.012411243307872855,0.008511828599996801,0.12888730080845842,54,-0.012411243307872855,54
Y06,young_CN,P1,Phase1_CNControls_EEG/Y06_EEG/Y06_EEG_stim_on.bdf,periodic_AV,1,539.859375,722.546875,triggers,0.48892311768557034,0.046655478396292735,0.5552113748221876,181,0.5240883803005041,58
Y06,young_CN,P1,Phase1_CNControls_EEG/Y06_EEG/Y06_EEG_stim_on.bdf,baseline,4,722.546875,782.71875,triggers,0.030383465560074457,-0.033208215658490775,0.13125844072239823,58,0.030383465560074457,58
Y06,young_CN,P1,Phase1_CNControls_EEG/Y06_EEG/Y06_EEG_stim_on.bdf,random_A,1,782.71875,960.390625,triggers,0.01046525078699024,-0.03680791974238969,0.06861211172859927,176,-0.013911547421461785,58
Y06,young_CN,P1,Phase1_CNControls_EEG/Y06_EEG/Y06_EEG_stim_on.bdf,baseline,5,960.390625,1020.46875,triggers,-0.030732553327316142,0.12072537388473537,0.16619315502531315,58,-0.030732553327316142,58
Y06,young_CN,P1,Phase1_CNControls_EEG/Y06_EEG/Y06_EEG_stim_on.bdf,random_V,1,1020.46875,1202.296875,triggers,0.039419631288448914,0.05788526702682129,0.09960560144667847,180,0.09471207531571077,58
Y06,young_CN,P1,Phase1_CNControls_EEG/Y06_EEG/Y06_EEG_stim_on.bdf,baseline,6,1202.296875,1262.40625,triggers,-0.06764762656670961,-0.0792989517639732,0.08997958060986186,58,-0.06764762656670961,58
Y06,young_CN,P1,Phase1_CNControls_EEG/Y06_EEG/Y06_EEG_stim_on.bdf,periodic_V,1,1262.40625,1445.953125,triggers,0.1960886356797818,-0.04997759109041115,0.28902119252545155,182,0.1624103463984668,58
Y06,young_CN,P1,Phase1_CNControls_EEG/Y06_EEG/Y06_EEG_stim_on.bdf,baseline,7,1445.953125,1500.0,triggers,0.13902432226144434,0.008913672177058685,0.2667094813590124,52,0.13902432226144434,52
Y07,young_CN,P1,Phase1_CNControls_EEG/Y07_EEG/Y07_EEG_stim_on.bdf,baseline,1,0.0,60.359375,triggers,0.002061009469931846,-0.06538854280534237,0.12879650530771128,58,0.002061009469931846,58
Y07,young_CN,P1,Phase1_CNControls_EEG/Y07_EEG/Y07_EEG_stim_on.bdf,periodic_A,1,60.359375,240.390625,triggers,0.6319075559016681,-0.018233172227582452,0.6941480583943929,178,0.6672217237903574,58
Y07,young_CN,P1,Phase1_CNControls_EEG/Y07_EEG/Y07_EEG_stim_on.bdf,baseline,2,240.390625,299.359375,triggers,0.05039954732606408,-0.016977598096750923,0.16770083971274657,57,0.05039954732606408,57
Y07,young_CN,P1,Phase1_CNControls_EEG/Y07_EEG/Y07_EEG_stim_on.bdf,periodic_V,1,299.359375,485.078125,triggers,0.6272175552288362,0.0022623431494257634,0.7246678402646978,184,0.5298821760780095,58
Y07,young_CN,P1,Phase1_CNControls_EEG/Y07_EEG/Y07_EEG_stim_on.bdf,baseline,3,485.078125,537.796875,triggers,-0.06923401085826036,-0.09502481880059147,0.047206077114288515,51,-0.06923401085826036,51
Y07,young_CN,P1,Phase1_CNControls_EEG/Y07_EEG/Y07_EEG_stim_on.bdf,periodic_AV,1,537.796875,722.703125,triggers,0.753538143474197,-0.04954170110933637,0.8332054604178584,183,0.7810136921743543,58
Y07,young_CN,P1,Phase1_CNControls_EEG/Y07_EEG/Y07_EEG_stim_on.bdf,baseline,4,722.703125,780.296875,triggers,-0.04157477100154927,-0.036096118785759676,0.06472374845138544,56,-0.04157477100154927,56
Y07,young_CN,P1,Phase1_CNControls_EEG/Y07_EEG/Y07_EEG_stim_on.bdf,random_A,1,780.296875,960.15625,triggers,-0.004023195803828816,-0.07482987314051034,0.06943360766248458,178,0.04857105279259491,58
Y07,young_CN,P1,Phase1_CNControls_EEG/Y07_EEG/Y07_EEG_stim_on.bdf,baseline,5,960.15625,1020.046875,triggers,-0.024613394619727197,-0.051412037095790376,0.1432461771922284,58,-0.024613394619727197,58
Y07,young_CN,P1,Phase1_CNControls_EEG/Y07_EEG/Y07_EEG_stim_on.bdf,random_V,1,1020.046875,1200.546875,triggers,-0.08439120956788504,-0.020113672578648822,0.020340537645929045,179,-0.18370693153341766,58
Y07,young_CN,P1,Phase1_CNControls_EEG/Y07_EEG/Y07_EEG_stim_on.bdf,baseline,6,1200.546875,1259.453125,triggers,-0.11072671207812793,0.030815749402057585,0.08344235981883352,57,-0.11072671207812793,57
Y07,young_CN,P1,Phase1_CNControls_EEG/Y07_EEG/Y07_EEG_stim_on.bdf,random_AV,1,1259.453125,1440.390625,triggers,-0.014709299629332637,-0.00419692267983203,0.030646652547088912,179,-0.015563585174652839,58
Y07,young_CN,P1,Phase1_CNControls_EEG/Y07_EEG/Y07_EEG_stim_on.bdf,baseline,7,1440.390625,1500.0,triggers,0.020670804612657967,-0.10953169845484832,0.1953804340712217,58,0.020670804612657967,58
Y08,young_CN,P1,Phase1_CNControls_EEG/Y08_EEG/Y08_EEG_stim_on.bdf,baseline,1,0.0,60.390625,triggers,-0.0567390458366344,-0.017889240696759928,0.09540760828990776,58,-0.0567390458366344,58
Y08,young_CN,P1,Phase1_CNControls_EEG/Y08_EEG/Y08_EEG_stim_on.bdf,periodic_A,1,60.390625,240.203125,triggers,0.6602369703349057,-0.011076275527579303,0.7187298072069204,178,0.5572414155655372,58
Y08,young_CN,P1,Phase1_CNControls_EEG/Y08_EEG/Y08_EEG_stim_on.bdf,baseline,2,240.203125,300.234375,triggers,-0.05827688605284167,-0.025751716042233988,0.05856874497162332,58,-0.05827688605284167,58
Y08,young_CN,P1,Phase1_CNControls_EEG/Y08_EEG/Y08_EEG_stim_on.bdf,periodic_V,1,300.234375,480.65625,triggers,0.2011869545749917,-0.05073322125273222,0.2895823995792887,178,0.34598720056717736,58
Y08,young_CN,P1,Phase1_CNControls_EEG/Y08_EEG/Y08_EEG_stim_on.bdf,baseline,3,480.65625,540.28125,triggers,0.08809084070606603,-0.09600716923187488,0.16182847598379466,58,0.08809084070606603,58
Y08,young_CN,P1,Phase1_CNControls_EEG/Y08_EEG/Y08_EEG_stim_on.bdf,random_V,1,540.28125,720.310546875,triggers,-0.022259713285115452,-0.034650498501105395,0.04656774807841332,178,0.055834215731464104,58
Y08,young_CN,P1,Phase1_CNControls_EEG/Y08_EEG/Y08_EEG_stim_on.bdf,baseline,4,720.310546875,780.515625,triggers,0.01484915430778036,0.031757760537747065,0.128773148696743,58,0.01484915430778036,58
Y08,young_CN,P1,Phase1_CNControls_EEG/Y08_EEG/Y08_EEG_stim_on.bdf,periodic_AV,1,780.515625,959.0,triggers,0.7761406617107742,-0.04022190221724619,0.8262361825328651,176,0.6986418785623991,58
Y08,young_CN,P1,Phase1_CNControls_EEG/Y08_EEG/Y08_EEG_stim_on.bdf,baseline,5,959.0,1020.453125,triggers,0.10245189146400696,-0.04436021907895925,0.19137529341038495,59,0.09354305520540179,58
Y08,young_CN,P1,Phase1_CNControls_EEG/Y08_EEG/Y08_EEG_stim_on.bdf,random_AV,1,1020.453125,1199.625,triggers,0.09529109860068043,-0.03557520463899407,0.1533773651282156,177,0.10702216060811215,58
Y08,young_CN,P1,Phase1_CNControls_EEG/Y08_EEG/Y08_EEG_stim_on.bdf,baseline,6,1199.625,1260.234375,triggers,-0.10037812982101146,-0.011577446358264812,0.06450981738040706,59,-0.09021210659948638,58
Y08,young_CN,P1,Phase1_CNControls_EEG/Y08_EEG/Y08_EEG_stim_on.bdf,random_A,1,1260.234375,1440.28125,triggers,-0.0014659372058448555,0.1371645253650412,0.06290529212386141,178,-0.08279213461245513,58
Y08,young_CN,P1,Phase1_CNControls_EEG/Y08_EEG/Y08_EEG_stim_on.bdf,baseline,7,1440.28125,1500.0,triggers,-0.04777498291922846,0.261288782214862,0.05358748780943285,58,-0.04777498291922846,58
Y09,young_CN,P1,Phase1_CNControls_EEG/Y09_EEG/Y09_EEG_stim_on.bdf,baseline,1,0.0,59.609375,triggers,0.059649452618087656,0.04792310412712156,0.14270658587564108,58,0.059649452618087656,58
Y09,young_CN,P1,Phase1_CNControls_EEG/Y09_EEG/Y09_EEG_stim_on.bdf,random_AV,1,59.609375,239.8125,triggers,-0.009564076601439667,-0.007556405581379794,0.06579022810298431,178,0.06484929160114525,58
Y09,young_CN,P1,Phase1_CNControls_EEG/Y09_EEG/Y09_EEG_stim_on.bdf,baseline,2,239.8125,300.0625,triggers,0.011081881500416738,-0.033949160229207916,0.08536991647617548,58,0.011081881500416738,58
Y09,young_CN,P1,Phase1_CNControls_EEG/Y09_EEG/Y09_EEG_stim_on.bdf,periodic_V,1,300.0625,480.890625,triggers,0.4967512608329986,0.11164697226395458,0.5614259698256104,179,0.5519350227112285,58
Y09,young_CN,P1,Phase1_CNControls_EEG/Y09_EEG/Y09_EEG_stim_on.bdf,baseline,3,480.890625,540.40625,triggers,0.06699161130078501,-0.003650686310887996,0.17639422880510128,58,0.06699161130078501,58
Y09,young_CN,P1,Phase1_CNControls_EEG/Y09_EEG/Y09_EEG_stim_on.bdf,periodic_AV,1,540.40625,719.75,triggers,0.8120648712485219,-0.047541662078299435,0.8918244940554161,177,0.7211306184172587,58
Y09,young_CN,P1,Phase1_CNControls_EEG/Y09_EEG/Y09_EEG_stim_on.bdf,baseline,4,719.75,780.34375,triggers,0.04704739367374641,-0.014808599640362081,0.14764094675928532,59,0.035829416113919765,58
Y09,young_CN,P1,Phase1_CNControls_EEG/Y09_EEG/Y09_EEG_stim_on.bdf,periodic_A,1,780.34375,960.203125,triggers,0.7658010471346509,-0.020667627293098893,0.832915596246009,178,0.7070087723276036,58
Y09,young_CN,P1,Phase1_CNControls_EEG/Y09_EEG/Y09_EEG_stim_on.bdf,baseline,5,960.203125,1020.328125,triggers,-0.04477591062509725,-0.07880726309388716,0.05567270774659807,58,-0.04477591062509725,58
Y09,young_CN,P1,Phase1_CNControls_EEG/Y09_EEG/Y09_EEG_stim_on.bdf,random_A,1,1020.328125,1200.09375,triggers,0.038554511816358716,0.05291109533331946,0.08755498757013286,178,-0.08277371570787724,58
Y09,young_CN,P1,Phase1_CNControls_EEG/Y09_EEG/Y09_EEG_stim_on.bdf,baseline,6,1200.09375,1260.296875,triggers,-0.030768615967057864,0.1286372771352251,0.06515972189075248,58,-0.030768615967057864,58
Y09,young_CN,P1,Phase1_CNControls_EEG/Y09_EEG/Y09_EEG_stim_on.bdf,random_V,1,1260.296875,1440.3125,triggers,-0.03467938555752645,-0.022322240304038843,0.057041332931870636,178,0.04633115852471961,58
Y09,young_CN,P1,Phase1_CNControls_EEG/Y09_EEG/Y09_EEG_stim_on.bdf,baseline,7,1440.3125,1500.0,triggers,-0.07331484153310647,-0.06405716545625012,0.07132813684255063,58,-0.07331484153310647,58
Y10,young_CN,P1,Phase1_CNControls_EEG/Y10_EEG/Y10_EEG_stim_on.bdf,baseline,1,0.0,60.28125,triggers,-0.058022936128698424,-0.002447686185523726,0.07216309099491779,58,-0.058022936128698424,58
Y10,young_CN,P1,Phase1_CNControls_EEG/Y10_EEG/Y10_EEG_stim_on.bdf,periodic_A,1,60.28125,240.375,triggers,0.5756617450788949,0.07927200460286202,0.6589495438513443,178,0.6796698213948784,58
Y10,young_CN,P1,Phase1_CNControls_EEG/Y10_EEG/Y10_EEG_stim_on.bdf,baseline,2,240.375,300.453125,triggers,0.018244427075562245,0.006533632069501083,0.1365338304132147,58,0.018244427075562245,58
Y10,young_CN,P1,Phase1_CNControls_EEG/Y10_EEG/Y10_EEG_stim_on.bdf,random_A,1,300.453125,480.375,triggers,-0.013911573863812296,-0.00597601957656993,0.07301482234642633,178,-0.07557257852654334,58
Y10,young_CN,P1,Phase1_CNControls_EEG/Y10_EEG/Y10_EEG_stim_on.bdf,baseline,3,480.375,536.9375,triggers,-0.09451093814504927,-0.004473669671058028,0.1286743106408299,55,-0.09451093814504927,55
Y10,young_CN,P1,Phase1_CNControls_EEG/Y10_EEG/Y10_EEG_stim_on.bdf,periodic_V,1,536.9375,717.015625,triggers,0.1679845270403104,0.10814821610050546,0.2338113508776681,178,0.022440275424472717,58
Y10,young_CN,P1,Phase1_CNControls_EEG/Y10_EEG/Y10_EEG_stim_on.bdf,baseline,4,717.015625,775.46875,triggers,0.06316951221943384,-0.005058504050653771,0.16126443680863833,56,0.06316951221943384,56
Y10,young_CN,P1,Phase1_CNControls_EEG/Y10_EEG/Y10_EEG_stim_on.bdf,periodic_AV,1,775.46875,957.21875,triggers,0.642901974154889,0.024583586460857412,0.7207758198780305,180,0.6402878322005103,58
Y10,young_CN,P1,Phase1_CNControls_EEG/Y10_EEG/Y10_EEG_stim_on.bdf,baseline,5,957.21875,1016.59375,triggers,-0.08889445327073352,-0.10512983396173811,0.016739516546013328,57,-0.08889445327073352,57
Y10,young_CN,P1,Phase1_CNControls_EEG/Y10_EEG/Y10_EEG_stim_on.bdf,random_AV,1,1016.59375,1197.421875,triggers,0.0008815807050600796,0.04149948577677916,0.040614293883242426,179,0.011631158738615921,58
Y10,young_CN,P1,Phase1_CNControls_EEG/Y10_EEG/Y10_EEG_stim_on.bdf,baseline,6,1197.421875,1259.265625,triggers,0.015687885785213906,-0.03442077217160423,0.12897344780070163,60,0.011290703823149284,58
Y10,young_CN,P1,Phase1_CNControls_EEG/Y10_EEG/Y10_EEG_stim_on.bdf,random_V,1,1259.265625,1441.15625,triggers,-0.015063965271563139,-0.04670970099573242,0.05488826061645822,180,-0.02020356743346971,58
Y10,young_CN,P1,Phase1_CNControls_EEG/Y10_EEG/Y10_EEG_stim_on.bdf,baseline,7,1441.15625,1500.0,triggers,0.15415783270997507,0.033255174201084564,0.24919320166600362,57,0.15415783270997507,57
Y12,young_CN,P1,Phase1_CNControls_EEG/Y12_EEG/Y12_EEG_stim_on.bdf,baseline,1,0.0,60.71875,triggers,-0.0550698067100031,-0.04519992609116208,0.08849433397670546,59,-0.060291267404954274,58
Y12,young_CN,P1,Phase1_CNControls_EEG/Y12_EEG/Y12_EEG_stim_on.bdf,random_A,1,60.71875,240.375,triggers,-0.049234185293510264,0.05440851098738335,0.03451710043042503,178,0.1256569546172553,58
Y12,young_CN,P1,Phase1_CNControls_EEG/Y12_EEG/Y12_EEG_stim_on.bdf,baseline,2,240.375,303.4375,triggers,-0.022821304667601683,0.0660492407848629,0.1005976230742715,61,-0.04321544921087861,58
Y12,young_CN,P1,Phase1_CNControls_EEG/Y12_EEG/Y12_EEG_stim_on.bdf,periodic_V,1,303.4375,478.53125,triggers,0.5680833212866638,0.08441624121166869,0.6160216684225116,173,0.4322583859242397,58
Y12,young_CN,P1,Phase1_CNControls_EEG/Y12_EEG/Y12_EEG_stim_on.bdf,baseline,3,478.53125,541.546875,triggers,-0.1003567670193952,0.10487291863757546,0.06582199941115816,61,-0.0795158200278805,58
Y12,young_CN,P1,Phase1_CNControls_EEG/Y12_EEG/Y12_EEG_stim_on.bdf,periodic_AV,1,541.546875,719.890625,triggers,0.6818375462717396,-0.02760031063604316,0.774372819548783,176,0.7197091067017019,58
Y12,young_CN,P1,Phase1_CNControls_EEG/Y12_EEG/Y12_EEG_stim_on.bdf,baseline,4,719.890625,777.25,triggers,-0.0015452863540010298,0.009408446664041142,0.14808058634421079,55,-0.0015452863540010298,55
Y12,young_CN,P1,Phase1_CNControls_EEG/Y12_EEG/Y12_EEG_stim_on.bdf,random_V,1,777.25,960.6875,triggers,-0.0076325120482152245,0.04603227162615983,0.061524442473288775,181,0.005611995504101408,58
Y12,young_CN,P1,Phase1_CNControls_EEG/Y12_EEG/Y12_EEG_stim_on.bdf,baseline,5,960.6875,1018.65625,triggers,0.12165725493241565,-0.03575165126631584,0.22435954647243328,56,0.12165725493241565,56
Y12,young_CN,P1,Phase1_CNControls_EEG/Y12_EEG/Y12_EEG_stim_on.bdf,random_AV,1,1018.65625,1200.515625,triggers,0.028650767682897163,0.0035099955668348934,0.10325982477769809,180,-0.04774745976995522,58
Y12,young_CN,P1,Phase1_CNControls_EEG/Y12_EEG/Y12_EEG_stim_on.bdf,baseline,6,1200.515625,1260.109375,triggers,0.06464171723699358,0.003364392463572785,0.16019947057172812,58,0.06464171723699358,58
Y12,young_CN,P1,Phase1_CNControls_EEG/Y12_EEG/Y12_EEG_stim_on.bdf,periodic_A,1,1260.109375,1440.65625,triggers,0.5236164854476314,0.08217326775715947,0.6314939776644077,179,0.5127608443897078,58
Y12,young_CN,P1,Phase1_CNControls_EEG/Y12_EEG/Y12_EEG_stim_on.bdf,baseline,7,1440.65625,1500.0,triggers,-0.08296854691011156,0.005643906702315016,0.02069793369355175,57,-0.08296854691011156,57
Y13,young_CN,P1,Phase1_CNControls_EEG/Y13_EEG/Y13_EEG_stim_on.bdf,baseline,1,0.0,60.3125,triggers,0.029179416793950752,0.043502387500096634,0.12978357057494946,58,0.029179416793950752,58
Y13,young_CN,P1,Phase1_CNControls_EEG/Y13_EEG/Y13_EEG_stim_on.bdf,random_A,1,60.3125,240.453125,triggers,-0.06291635955745362,-0.0038563069186237572,0.04785892890915051,178,-0.05707216916476772,58
Y13,young_CN,P1,Phase1_CNControls_EEG/Y13_EEG/Y13_EEG_stim_on.bdf,baseline,2,240.453125,299.46875,triggers,0.07036457886492242,0.0730842379430062,0.18315709137384134,57,0.07036457886492242,57
Y13,young_CN,P1,Phase1_CNControls_EEG/Y13_EEG/Y13_EEG_stim_on.bdf,periodic_AV,1,299.46875,480.515625,triggers,0.8603966520640771,-0.08388508570669924,0.9048217423305811,179,0.840870673310157,58
Y13,young_CN,P1,Phase1_CNControls_EEG/Y13_EEG/Y13_EEG_stim_on.bdf,baseline,3,480.515625,540.34375,triggers,0.061462171846319025,-0.06794749400612654,0.18644829687428768,58,0.061462171846319025,58
Y13,young_CN,P1,Phase1_CNControls_EEG/Y13_EEG/Y13_EEG_stim_on.bdf,periodic_A,1,540.34375,716.828125,triggers,0.7812293377077264,-0.0358854509082605,0.8586247986885203,174,0.8075466901981323,58
Y13,young_CN,P1,Phase1_CNControls_EEG/Y13_EEG/Y13_EEG_stim_on.bdf,baseline,4,716.828125,778.25,triggers,-0.02706312826849242,-0.07474534195945975,0.0407956976182321,59,-0.0015554820269233077,58
Y13,young_CN,P1,Phase1_CNControls_EEG/Y13_EEG/Y13_EEG_stim_on.bdf,random_AV,1,778.25,960.453125,triggers,0.03608892698779935,0.010718533861843862,0.11334169144182682,180,0.012173357757621087,58
Y13,young_CN,P1,Phase1_CNControls_EEG/Y13_EEG/Y13_EEG_stim_on.bdf,baseline,5,960.453125,1020.3125,triggers,0.030775205794443483,0.007616430372296312,0.12816309331663936,58,0.030775205794443483,58
Y13,young_CN,P1,Phase1_CNControls_EEG/Y13_EEG/Y13_EEG_stim_on.bdf,periodic_V,1,1020.3125,1200.453125,triggers,0.8207393758540128,-0.05464854198140881,0.8932387092147239,178,0.8227461946447329,58
Y13,young_CN,P1,Phase1_CNControls_EEG/Y13_EEG/Y13_EEG_stim_on.bdf,baseline,6,1200.453125,1258.78125,triggers,-0.10013564968661301,0.1770740373835349,0.029474314358099555,56,-0.10013564968661301,56
Y13,young_CN,P1,Phase1_CNControls_EEG/Y13_EEG/Y13_EEG_stim_on.bdf,random_V,1,1258.78125,1442.21875,triggers,0.00025111922480106075,-0.03319644635865439,0.06157212844468609,181,-0.01639089838766357,58
Y13,young_CN,P1,Phase1_CNControls_EEG/Y13_EEG/Y13_EEG_stim_on.bdf,baseline,7,1442.21875,1500.0,triggers,-0.05537590851226139,-0.041332446841384596,0.08647600612796998,56,-0.05537590851226139,56
Y14,young_CN,P1,Phase1_CNControls_EEG/Y14_EEG/Y14_EEG_stim_on.bdf,baseline,1,0.0,60.703125,triggers,0.08032760095646731,-0.03216539292844714,0.1665731163684849,59,0.061142478928265104,58
Y14,young_CN,P1,Phase1_CNControls_EEG/Y14_EEG/Y14_EEG_stim_on.bdf,periodic_A,1,60.703125,240.296875,triggers,0.703163428619418,-0.028414196992012607,0.7535366565524961,178,0.6942581474558434,58
Y14,young_CN,P1,Phase1_CNControls_EEG/Y14_EEG/Y14_EEG_stim_on.bdf,baseline,2,240.296875,296.921875,triggers,0.007909578987682797,-0.07430775886281299,0.16180639075818842,55,0.007909578987682797,55
Y14,young_CN,P1,Phase1_CNControls_EEG/Y14_EEG/Y14_EEG_stim_on.bdf,periodic_V,1,296.921875,478.765625,triggers,0.7246298334396515,-0.02062792973388799,0.7844476012838636,180,0.6586367156427172,58
Y14,young_CN,P1,Phase1_CNControls_EEG/Y14_EEG/Y14_EEG_stim_on.bdf,baseline,3,478.765625,540.328125,triggers,-0.03272364880881003,0.086212111885493,0.04236827639995765,60,-0.08146041411539173,58
Y14,young_CN,P1,Phase1_CNControls_EEG/Y14_EEG/Y14_EEG_stim_on.bdf,random_A,1,540.328125,721.515625,triggers,0.04191055987623854,0.008646409304798361,0.10732397235312346,179,0.12321525585694855,58
Y14,young_CN,P1,Phase1_CNControls_EEG/Y14_EEG/Y14_EEG_stim_on.bdf,baseline,4,721.515625,779.765625,triggers,0.019595032802732754,0.029346025840223264,0.15158502242826466,56,0.019595032802732754,56
Y14,young_CN,P1,Phase1_CNControls_EEG/Y14_EEG/Y14_EEG_stim_on.bdf,random_AV,1,779.765625,957.34375,triggers,0.019351668652067576,-0.031991231972471244,0.07043212112629052,176,0.02573075542008936,58
Y14,young_CN,P1,Phase1_CNControls_EEG/Y14_EEG/Y14_EEG_stim_on.bdf,baseline,5,957.34375,1018.171875,triggers,-0.05905730296429995,-0.02687728770165819,0.024341154077763442,59,-0.038102747780622157,58
Y14,young_CN,P1,Phase1_CNControls_EEG/Y14_EEG/Y14_EEG_stim_on.bdf,periodic_AV,1,1018.171875,1199.28125,triggers,0.8335941008700584,-0.0011798619847452965,0.9144363705709725,179,0.787020631235672,58
Y14,young_CN,P1,Phase1_CNControls_EEG/Y14_EEG/Y14_EEG_stim_on.bdf,baseline,6,1199.28125,1258.96875,triggers,-0.027951188392041998,-0.07983414887494283,0.09845579027221926,58,-0.027951188392041998,58
Y14,young_CN,P1,Phase1_CNControls_EEG/Y14_EEG/Y14_EEG_stim_on.bdf,random_V,1,1258.96875,1441.78125,triggers,0.01896466273566979,-0.03275299603148891,0.06800085491759085,181,-0.035309315981012224,58
Y14,young_CN,P1,Phase1_CNControls_EEG/Y14_EEG/Y14_EEG_stim_on.bdf,baseline,7,1441.78125,1500.0,triggers,0.013911429118148022,0.04429428617829671,0.12254256658218149,56,0.013911429118148022,56
HG204,AD,P2A_3mo,Phase2A_EEG/HG204_EEG/HG204_EEG3months.bdf,baseline,1,0.0,61.21875,triggers,0.09249384987383621,0.10174933447099369,0.20440560928179816,59,0.10650983107933329,58
HG204,AD,P2A_3mo,Phase2A_EEG/HG204_EEG/HG204_EEG3months.bdf,constant_AV,1,61.21875,122.15625,triggers,-0.026129431795783344,0.025561188307821822,0.053789498930150066,59,-0.039494541525337545,58
HG204,AD,P2A_3mo,Phase2A_EEG/HG204_EEG/HG204_EEG3months.bdf,baseline,2,122.15625,180.203125,triggers,0.023504347677632403,-0.07221988636700918,0.12977246468983708,56,0.023504347677632403,56
HG204,AD,P2A_3mo,Phase2A_EEG/HG204_EEG/HG204_EEG3months.bdf,periodic_AV,1,180.203125,240.625,triggers,0.7647623870271905,-0.04078450121859939,0.8645883217206982,58,0.7647623870271905,58
HG204,AD,P2A_3mo,Phase2A_EEG/HG204_EEG/HG204_EEG3months.bdf,baseline,3,240.625,300.0,triggers,-0.11928969115236292,0.017287618367656188,0.04887680625429132,57,-0.11928969115236292,57
HG204,AD,P2A_base,Phase2A_EEG/HG204_EEG/HG204_EEGbaseline.bdf,baseline,1,0.0,58.890625,triggers,0.05751437378947326,-0.017374128224657504,0.13265953254084084,57,0.05751437378947326,57
HG204,AD,P2A_base,Phase2A_EEG/HG204_EEG/HG204_EEGbaseline.bdf,periodic_AV,1,58.890625,121.015625,triggers,0.8211601180250019,0.010528660239875226,0.9114498074350486,60,0.8010318124637993,58
HG204,AD,P2A_base,Phase2A_EEG/HG204_EEG/HG204_EEGbaseline.bdf,baseline,2,121.015625,180.640625,triggers,0.04137255226830133,-0.07136284446407817,0.2197979590981635,58,0.04137255226830133,58
HG204,AD,P2A_base,Phase2A_EEG/HG204_EEG/HG204_EEGbaseline.bdf,constant_AV,1,180.640625,239.3125,triggers,0.006542726515189355,-0.11966508555499217,0.06740070645537193,57,0.006542726515189355,57
HG204,AD,P2A_base,Phase2A_EEG/HG204_EEG/HG204_EEGbaseline.bdf,baseline,3,239.3125,300.0,triggers,0.024153175431311985,-0.033561562835195624,0.15227484428104623,59,0.045467562630153155,58
HG205,AD,P2A_3mo,Phase2A_EEG/HG205_EEG/HG205_EEG3months.bdf,baseline,1,0.0,57.90625,triggers,0.010875497785712118,-0.17287434364481105,0.09784606475138793,56,0.010875497785712118,56
HG205,AD,P2A_3mo,Phase2A_EEG/HG205_EEG/HG205_EEG3months.bdf,periodic_AV,1,57.90625,117.484375,triggers,0.5255391444200621,-0.04235363450998453,0.628973301346489,58,0.5255391444200621,58
HG205,AD,P2A_3mo,Phase2A_EEG/HG205_EEG/HG205_EEG3months.bdf,baseline,2,117.484375,175.921875,triggers,0.10653287729357323,0.06188957956527778,0.17963806426054005,56,0.10653287729357323,56
HG205,AD,P2A_3mo,Phase2A_EEG/HG205_EEG/HG205_EEG3months.bdf,constant_AV,1,175.921875,236.796875,triggers,-0.07627447790686168,-0.06066087443424199,0.02581911878123197,59,-0.06577173624756813,58
HG205,AD,P2A_3mo,Phase2A_EEG/HG205_EEG/HG205_EEG3months.bdf,baseline,3,236.796875,300.0,triggers,-0.0607606139416971,-0.04244671518656001,0.06411313590362859,61,-0.05190094713060672,58
HG205,AD,P2A_base,Phase2A_EEG/HG205_EEG/HG205_EEGbaseline.bdf,baseline,1,0.0,57.859375,triggers,-0.024062010694487893,0.06608878057241847,0.07645390134566342,56,-0.024062010694487893,56
HG205,AD,P2A_base,Phase2A_EEG/HG205_EEG/HG205_EEGbaseline.bdf,constant_AV,1,57.859375,117.828125,triggers,-0.04004788182253854,-0.016133957172726615,0.0579240974966442,58,-0.04004788182253854,58
HG205,AD,P2A_base,Phase2A_EEG/HG205_EEG/HG205_EEGbaseline.bdf,baseline,2,117.828125,177.6875,triggers,-0.06424991466995458,0.09891394851864721,0.04031161545900188,58,-0.06424991466995458,58
HG205,AD,P2A_base,Phase2A_EEG/HG205_EEG/HG205_EEGbaseline.bdf,periodic_AV,1,177.6875,237.078125,triggers,0.5413270598598655,0.047056644665552316,0.6515657549293856,57,0.5413270598598655,57
HG205,AD,P2A_base,Phase2A_EEG/HG205_EEG/HG205_EEGbaseline.bdf,baseline,3,237.078125,300.0,triggers,0.04005562660193143,-0.11687795074043317,0.19799250285534803,61,0.07190468187907131,58
HG206,AD,P2A_3mo,Phase2A_EEG/HG206_EEG/HG206_EEG3months.bdf,baseline,1,0.0,58.96875,triggers,-0.046539716880947074,0.019942966416275437,0.03396748386446037,57,-0.046539716880947074,57
HG206,AD,P2A_3mo,Phase2A_EEG/HG206_EEG/HG206_EEG3months.bdf,periodic_AV,1,58.96875,126.609375,triggers,0.6990264560275719,-0.12155453957426235,0.7795188495067003,66,0.7283534914769031,58
HG206,AD,P2A_3mo,Phase2A_EEG/HG206_EEG/HG206_EEG3months.bdf,baseline,2,126.609375,184.453125,triggers,0.006469314730778913,-0.06851984056226897,0.13384532937616866,56,0.006469314730778913,56
HG206,AD,P2A_3mo,Phase2A_EEG/HG206_EEG/HG206_EEG3months.bdf,constant_AV,1,184.453125,241.890625,triggers,-0.12271787025584772,0.02263140817994501,0.08214866237392575,55,-0.12271787025584772,55
HG206,AD,P2A_3mo,Phase2A_EEG/HG206_EEG/HG206_EEG3months.bdf,baseline,3,241.890625,300.0,triggers,0.04705640073462689,-0.023731973386409602,0.09519937044650705,56,0.04705640073462689,56
HG206,AD,P2A_base,Phase2A_EEG/HG206_EEG/HG206_EEGbaseline.bdf,baseline,1,0.0,56.6875,triggers,0.027294801179924527,0.0017074426844580493,0.12439992071062862,55,0.027294801179924527,55
HG206,AD,P2A_base,Phase2A_EEG/HG206_EEG/HG206_EEGbaseline.bdf,periodic_AV,1,56.6875,118.3125,triggers,0.72910505595012,-0.056712717405834064,0.8089555902740172,60,0.7326608466911447,58
HG206,AD,P2A_base,Phase2A_EEG/HG206_EEG/HG206_EEGbaseline.bdf,baseline,2,118.3125,176.125,triggers,0.03430818981756707,-0.04239080759904661,0.1459293677114109,56,0.03430818981756707,56
HG206,AD,P2A_base,Phase2A_EEG/HG206_EEG/HG206_EEGbaseline.bdf,constant_AV,1,176.125,241.859375,triggers,-0.03672004420923025,0.02513142073229542,0.037369855677058986,64,-0.03743581161945461,58
HG206,AD,P2A_base,Phase2A_EEG/HG206_EEG/HG206_EEGbaseline.bdf,baseline,3,241.859375,300.0,triggers,-0.029861643662791065,0.11205738328777706,0.09266240148571268,56,-0.029861643662791065,56
HG207,AD,P2A_3mo,Phase2A_EEG/HG207_EEG/HG207_EEG3months.bdf,baseline,1,0.0,58.671875,triggers,-0.029848571629213602,-0.06468240379200242,0.08847783350885767,57,-0.029848571629213602,57
HG207,AD,P2A_3mo,Phase2A_EEG/HG207_EEG/HG207_EEG3months.bdf,constant_AV,1,58.671875,118.640625,triggers,-0.08220037284934237,-0.060489443544399855,0.047790461296766375,58,-0.08220037284934237,58
HG207,AD,P2A_3mo,Phase2A_EEG/HG207_EEG/HG207_EEG3months.bdf,baseline,2,118.640625,177.765625,triggers,0.09991690017739502,0.011371465730838443,0.16341632948084317,57,0.09991690017739502,57
HG207,AD,P2A_3mo,Phase2A_EEG/HG207_EEG/HG207_EEG3months.bdf,periodic_AV,1,177.765625,237.859375,triggers,0.7334064878347221,-0.04617229552218928,0.8726584376705506,58,0.7334064878347221,58
HG207,AD,P2A_3mo,Phase2A_EEG/HG207_EEG/HG207_EEG3months.bdf,baseline,3,237.859375,300.0,triggers,-0.024108858814370027,0.03029976531772531,0.05325504869077266,60,-0.024426250623325513,58
HG207,AD,P2A_base,Phase2A_EEG/HG207_EEG/HG207_EEGbaseline.bdf,baseline,1,0.0,60.4375,triggers,-0.10526511792020689,0.007896102934024873,0.07831734815247486,58,-0.10526511792020689,58
HG207,AD,P2A_base,Phase2A_EEG/HG207_EEG/HG207_EEGbaseline.bdf,periodic_AV,1,60.4375,121.6875,triggers,0.48967051903774594,-0.02712061682190034,0.6173177881560241,59,0.4860933361276063,58
HG207,AD,P2A_base,Phase2A_EEG/HG207_EEG/HG207_EEGbaseline.bdf,baseline,2,121.6875,179.71875,triggers,0.02112079919305307,0.16049828477022665,0.12005864825615836,56,0.02112079919305307,56
HG207,AD,P2A_base,Phase2A_EEG/HG207_EEG/HG207_EEGbaseline.bdf,constant_AV,1,179.71875,240.96875,triggers,0.05742133288131003,-0.06889423356254878,0.15046294103694818,59,0.051176205173718556,58
HG207,AD,P2A_base,Phase2A_EEG/HG207_EEG/HG207_EEGbaseline.bdf,baseline,3,240.96875,300.0,triggers,0.06909417101032797,0.029974567444079933,0.16055194770952017,57,0.06909417101032797,57
HG208,AD,P2A_3mo,Phase2A_EEG/HG208_EEG/HG208_EEG3months.bdf,baseline,1,0.0,56.984375,triggers,0.19705031110082966,-0.04679724541103496,0.2891507641545568,55,0.19705031110082966,55
HG208,AD,P2A_3mo,Phase2A_EEG/HG208_EEG/HG208_EEG3months.bdf,periodic_AV,1,56.984375,122.625,triggers,0.7815502249850856,-0.035560272419320124,0.9346097276886259,64,0.8042111173750252,58
HG208,AD,P2A_3mo,Phase2A_EEG/HG208_EEG/HG208_EEG3months.bdf,baseline,2,122.625,181.015625,triggers,0.05048068619215397,-0.06401567677927397,0.12185371509481321,56,0.05048068619215397,56
HG208,AD,P2A_3mo,Phase2A_EEG/HG208_EEG/HG208_EEG3months.bdf,constant_AV,1,181.015625,241.703125,triggers,-0.02205256051042384,-0.1369750831844491,0.11948515749211394,59,-0.008640962911789618,58
HG208,AD,P2A_3mo,Phase2A_EEG/HG208_EEG/HG208_EEG3months.bdf,baseline,3,241.703125,300.0,triggers,0.0010534198757247287,0.1105989280426499,0.10398405854249845,56,0.0010534198757247287,56
HG208,AD,P2A_base,Phase2A_EEG/HG208_EEG/HG208_EEGbaseline.bdf,baseline,1,0.0,60.75,triggers,0.13883196876378093,-0.03349043777231733,0.24900897330527236,59,0.13732058308834222,58
HG208,AD,P2A_base,Phase2A_EEG/HG208_EEG/HG208_EEGbaseline.bdf,constant_AV,1,60.75,119.140625,triggers,-0.04221065915479444,-0.007566584793601727,0.10783092465735583,56,-0.04221065915479444,56
HG208,AD,P2A_base,Phase2A_EEG/HG208_EEG/HG208_EEGbaseline.bdf,baseline,2,119.140625,179.21875,triggers,0.011317335518337232,-0.09836404556710149,0.11938452383316146,58,0.011317335518337232,58
HG208,AD,P2A_base,Phase2A_EEG/HG208_EEG/HG208_EEGbaseline.bdf,periodic_AV,1,179.21875,238.0,triggers,0.3536481425010467,-0.07076463086731379,0.4154717891740465,57,0.3536481425010467,57
HG208,AD,P2A_base,Phase2A_EEG/HG208_EEG/HG208_EEGbaseline.bdf,baseline,3,238.0,300.0,triggers,-0.0714172608243782,-0.046632647994318766,0.0054012559106370065,60,-0.07396947936768639,58
HG209,AD,P2A_3mo,Phase2A_EEG/HG209_EEG/HG209_EEG3months.bdf,baseline,1,0.0,57.546875,triggers,-0.060874992101429326,0.27458307420025646,0.056511374149535804,56,-0.060874992101429326,56
HG209,AD,P2A_3mo,Phase2A_EEG/HG209_EEG/HG209_EEG3months.bdf,constant_AV,1,57.546875,117.515625,triggers,0.03164438463074537,0.022187181762831965,0.15066971976805796,58,0.03164438463074537,58
HG209,AD,P2A_3mo,Phase2A_EEG/HG209_EEG/HG209_EEG3months.bdf,baseline,2,117.515625,176.921875,triggers,-0.06463401306710403,0.005153448118322787,0.05357445381215703,57,-0.06463401306710403,57
HG209,AD,P2A_3mo,Phase2A_EEG/HG209_EEG/HG209_EEG3months.bdf,periodic_AV,1,176.921875,238.9375,triggers,0.27070814538492366,0.2165713043818958,0.3872010226150258,60,0.3256122772262114,58
HG209,AD,P2A_3mo,Phase2A_EEG/HG209_EEG/HG209_EEG3months.bdf,baseline,3,238.9375,300.0,triggers,0.06725688438867877,-0.05735027515509657,0.0982281167633238,59,0.08101939662907466,58
HG209,AD,P2A_base,Phase2A_EEG/HG209_EEG/HG209_EEGbaseline.bdf,baseline,1,0.0,57.21875,triggers,-0.08257000308287422,0.01512826803985974,0.07926272797249027,55,-0.08257000308287422,55
HG209,AD,P2A_base,Phase2A_EEG/HG209_EEG/HG209_EEGbaseline.bdf,constant_AV,1,57.21875,122.359375,triggers,0.04823161316623385,-0.030292292081046043,0.1265513093718174,63,0.05628773516912962,58
HG209,AD,P2A_base,Phase2A_EEG/HG209_EEG/HG209_EEGbaseline.bdf,baseline,2,122.359375,175.921875,triggers,-0.004621949283278387,-0.07054122891521755,0.13478832274201227,52,-0.004621949283278387,52
HG209,AD,P2A_base,Phase2A_EEG/HG209_EEG/HG209_EEGbaseline.bdf,periodic_AV,1,175.921875,240.203125,triggers,0.692718322945195,0.1736691587578182,0.76821863168602,62,0.7001587726514268,58
HG209,AD,P2A_base,Phase2A_EEG/HG209_EEG/HG209_EEGbaseline.bdf,baseline,3,240.203125,300.0,triggers,0.06094500536684119,0.04370733096482809,0.17517556734785383,58,0.06094500536684119,58
HG210,AD,P2A_3mo,Phase2A_EEG/HG210_EEG/HG210_EEG3months.bdf,baseline,1,0.0,57.453125,triggers,-0.026889799962875466,0.07262116687817102,0.09226962071903066,55,-0.026889799962875466,55
HG210,AD,P2A_3mo,Phase2A_EEG/HG210_EEG/HG210_EEG3months.bdf,periodic_AV,1,57.453125,116.546875,triggers,0.14796872777501083,0.011868448511364274,0.2463958348491154,57,0.14796872777501083,57
HG210,AD,P2A_3mo,Phase2A_EEG/HG210_EEG/HG210_EEG3months.bdf,baseline,2,116.546875,176.125,triggers,0.002251585145718063,0.04018500127340907,0.11825602590016177,58,0.002251585145718063,58
HG210,AD,P2A_3mo,Phase2A_EEG/HG210_EEG/HG210_EEG3months.bdf,constant_AV,1,176.125,236.78125,triggers,-0.011205757446809211,-0.02833648272279908,0.11953609861323325,59,-0.014311336388231816,58
HG210,AD,P2A_3mo,Phase2A_EEG/HG210_EEG/HG210_EEG3months.bdf,baseline,3,236.78125,300.0,triggers,-0.10128367703913449,-0.01212227605987723,0.09010523423596034,61,-0.10086882244278474,58
HG210,AD,P2A_base,Phase2A_EEG/HG210_EEG/HG210_EEGbaseline.bdf,baseline,1,0.0,57.9375,triggers,-0.00758043154441361,0.07261070953034798,0.07180638656577604,56,-0.00758043154441361,56
HG210,AD,P2A_base,Phase2A_EEG/HG210_EEG/HG210_EEGbaseline.bdf,periodic_AV,1,57.9375,117.2421875,triggers,0.3989517804743267,0.09196808147471516,0.49041824618310903,57,0.3989517804743267,57
HG210,AD,P2A_base,Phase2A_EEG/HG210_EEG/HG210_EEGbaseline.bdf,baseline,2,117.2421875,178.453125,triggers,0.03221454008255828,-0.033208252649399,0.17800346774068657,59,0.03779145681842677,58
HG210,AD,P2A_base,Phase2A_EEG/HG210_EEG/HG210_EEGbaseline.bdf,constant_AV,1,178.453125,237.0625,triggers,-0.02786977019455658,0.03129277758176165,0.13534049164405126,57,-0.02786977019455658,57
HG210,AD,P2A_base,Phase2A_EEG/HG210_EEG/HG210_EEGbaseline.bdf,baseline,3,237.0625,300.0,triggers,0.040715634412963275,0.07454580181975566,0.12738280849716296,61,0.002044433093796774,58
HG211,AD,P2A_3mo,Phase2A_EEG/HG211_EEG/HG211_EEG3months.bdf,baseline,1,0.0,61.28125,triggers,0.11005665087078598,-0.07932036833405114,0.27697678019544536,59,0.1145310464566642,58
HG211,AD,P2A_3mo,Phase2A_EEG/HG211_EEG/HG211_EEG3months.bdf,constant_AV,1,61.28125,121.203125,triggers,-0.029687678123981875,-0.0805249172672843,0.06925736030382637,58,-0.029687678123981875,58
HG211,AD,P2A_3mo,Phase2A_EEG/HG211_EEG/HG211_EEG3months.bdf,baseline,2,121.203125,180.1484375,triggers,0.010483181137549147,0.05142153756530671,0.11583239512418415,57,0.010483181137549147,57
HG211,AD,P2A_3mo,Phase2A_EEG/HG211_EEG/HG211_EEG3months.bdf,periodic_AV,1,180.1484375,240.75,triggers,0.7540960296914798,0.03659315199534238,0.8868328960431138,59,0.7613014031535172,58
HG211,AD,P2A_3mo,Phase2A_EEG/HG211_EEG/HG211_EEG3months.bdf,baseline,3,240.75,300.0,triggers,-0.05079197971422981,-0.06897028206519773,0.05465476237626927,57,-0.05079197971422981,57
HG211,AD,P2A_base,Phase2A_EEG/HG211_EEG/HG211_EEGbaseline.bdf,baseline,1,0.0,58.125,triggers,0.009466540519228184,-0.05885755698545046,0.13722459398761971,56,0.009466540519228184,56
HG211,AD,P2A_base,Phase2A_EEG/HG211_EEG/HG211_EEGbaseline.bdf,periodic_AV,1,58.125,116.5625,triggers,0.8317409121714274,-0.008146548153475708,0.9058561997939182,56,0.8317409121714274,56
HG211,AD,P2A_base,Phase2A_EEG/HG211_EEG/HG211_EEGbaseline.bdf,baseline,2,116.5625,177.0,triggers,-0.010934621668816508,-0.11937963001079688,0.14046447652079355,58,-0.010934621668816508,58
HG211,AD,P2A_base,Phase2A_EEG/HG211_EEG/HG211_EEGbaseline.bdf,constant_AV,1,177.0,238.71875,triggers,-0.03000260883119399,0.1201867676391161,0.03819662398099623,60,-0.021846784354126868,58
HG211,AD,P2A_base,Phase2A_EEG/HG211_EEG/HG211_EEGbaseline.bdf,baseline,3,238.71875,300.0,triggers,-0.007484477814470772,0.15045140646594146,0.09304217790437248,59,-0.02275440868687839,58
HG212,AD,P2A_3mo,Phase2A_EEG/HG212_EEG/HG212_EEG3months.bdf,baseline,1,0.0,56.484375,triggers,-0.04235681294183059,-0.043545592627396754,0.07682384226666521,54,-0.04235681294183059,54
HG212,AD,P2A_3mo,Phase2A_EEG/HG212_EEG/HG212_EEG3months.bdf,constant_AV,1,56.484375,117.90625,triggers,0.02378772578277362,-0.07532189070292064,0.11047230088669807,59,0.008153130026194264,58
HG212,AD,P2A_3mo,Phase2A_EEG/HG212_EEG/HG212_EEG3months.bdf,baseline,2,117.90625,176.453125,triggers,0.005130098696464039,0.017767518385346986,0.0651567936974665,57,0.005130098696464039,57
HG212,AD,P2A_3mo,Phase2A_EEG/HG212_EEG/HG212_EEG3months.bdf,periodic_AV,1,176.453125,239.15625,triggers,0.2612390187202846,0.0441733789391114,0.3359584199779932,61,0.23522527408471017,58
HG212,AD,P2A_3mo,Phase2A_EEG/HG212_EEG/HG212_EEG3months.bdf,baseline,3,239.15625,300.0,triggers,-0.04358876287746942,-0.023531357928294944,0.06431803601078852,59,-0.035510326208262014,58
HG212,AD,P2A_base,Phase2A_EEG/HG212_EEG/HG212_EEGbaseline.bdf,baseline,1,0.0,58.09375,triggers,0.015331970629858416,0.013960945783396808,0.143867854043028,56,0.015331970629858416,56
HG212,AD,P2A_base,Phase2A_EEG/HG212_EEG/HG212_EEGbaseline.bdf,constant_AV,1,58.09375,116.65625,triggers,-0.08667376386817718,0.030149608531985783,0.052272708725934175,57,-0.08667376386817718,57
HG212,AD,P2A_base,Phase2A_EEG/HG212_EEG/HG212_EEGbaseline.bdf,baseline,2,116.65625,177.9375,triggers,0.012258361493516001,0.06979579119960003,0.11997699950566734,59,0.039040416493275915,58
HG212,AD,P2A_base,Phase2A_EEG/HG212_EEG/HG212_EEGbaseline.bdf,periodic_AV,1,177.9375,238.296875,triggers,0.1899486446810327,0.1512227832639168,0.26892185736484714,58,0.1899486446810327,58
HG212,AD,P2A_base,Phase2A_EEG/HG212_EEG/HG212_EEGbaseline.bdf,baseline,3,238.296875,300.0,triggers,-0.029292023917049673,-0.05786964325845809,0.09981017512968189,60,-0.015455146205999942,58
HG213,AD,P2A_3mo,Phase2A_EEG/HG213_EEG/HG213_EEG3months.bdf,baseline,1,0.0,58.125,triggers,0.03804042825748391,0.001948643821959098,0.17181343345626615,56,0.03804042825748391,56
HG213,AD,P2A_3mo,Phase2A_EEG/HG213_EEG/HG213_EEG3months.bdf,periodic_AV,1,58.125,119.90625,triggers,0.40401820950106204,-0.11601431738806517,0.49658536026960176,60,0.4029108879354907,58
HG213,AD,P2A_3mo,Phase2A_EEG/HG213_EEG/HG213_EEG3months.bdf,baseline,2,119.90625,177.296875,triggers,0.035139286178562934,-0.058244152563792256,0.10713893690877187,55,0.035139286178562934,55
HG213,AD,P2A_3mo,Phase2A_EEG/HG213_EEG/HG213_EEG3months.bdf,constant_AV,1,177.296875,236.953125,triggers,0.035298087093889985,-0.019850753830508952,0.1474780237407497,58,0.035298087093889985,58
HG213,AD,P2A_3mo,Phase2A_EEG/HG213_EEG/HG213_EEG3months.bdf,baseline,3,236.953125,300.0,triggers,-0.018678655967073868,-0.013944230352723172,0.08424393386991748,61,-0.0217854028562305,58
HG213,AD,P2A_base,Phase2A_EEG/HG213_EEG/HG213_EEGbaseline.bdf,baseline,1,0.0,58.296875,triggers,0.10783727924621767,-0.017914516141850745,0.2271512937569607,56,0.10783727924621767,56
HG213,AD,P2A_base,Phase2A_EEG/HG213_EEG/HG213_EEGbaseline.bdf,periodic_AV,1,58.296875,117.453125,triggers,0.44362548576938454,-0.0741494606819026,0.5361571334898527,57,0.44362548576938454,57
HG213,AD,P2A_base,Phase2A_EEG/HG213_EEG/HG213_EEGbaseline.bdf,baseline,2,117.453125,175.75,triggers,0.04662681527172133,-0.12841853471609813,0.22212936802155636,56,0.04662681527172133,56
HG213,AD,P2A_base,Phase2A_EEG/HG213_EEG/HG213_EEGbaseline.bdf,constant_AV,1,175.75,237.1875,triggers,-0.06239673463302116,0.009011705829741923,0.09504035488353917,59,-0.04918633768109834,58
HG213,AD,P2A_base,Phase2A_EEG/HG213_EEG/HG213_EEGbaseline.bdf,baseline,3,237.1875,300.0,triggers,0.0442624391159185,0.19587312928530307,0.13535499480518554,61,0.0006906814727077881,58
HG214,AD,P2A_3mo,Phase2A_EEG/HG214_EEG/HG214_EEG3months.bdf,baseline,1,0.0,61.640625,triggers,0.08521265375591108,-0.06981049589730076,0.144659935810807,60,0.0573498736651559,58
HG214,AD,P2A_3mo,Phase2A_EEG/HG214_EEG/HG214_EEG3months.bdf,constant_AV,1,61.640625,119.921875,triggers,-0.04529747209494411,-0.032930733461258355,0.0940431812761327,56,-0.04529747209494411,56
HG214,AD,P2A_3mo,Phase2A_EEG/HG214_EEG/HG214_EEG3months.bdf,baseline,2,119.921875,180.34375,triggers,0.03438418236112202,0.053130036098545816,0.09540210596443874,58,0.03438418236112202,58
HG214,AD,P2A_3mo,Phase2A_EEG/HG214_EEG/HG214_EEG3months.bdf,periodic_AV,1,180.34375,241.671875,triggers,0.8083779352846779,-0.044374632081487,0.8778155440652642,59,0.8081157214438842,58
HG214,AD,P2A_3mo,Phase2A_EEG/HG214_EEG/HG214_EEG3months.bdf,baseline,3,241.671875,300.0,triggers,0.04764947348537381,-0.04234646863608285,0.1467588021787303,56,0.04764947348537381,56
HG214,AD,P2A_base,Phase2A_EEG/HG214_EEG/HG214_EEGbaseline.bdf,baseline,1,0.0,57.296875,triggers,-0.02290952783664188,-0.00033657656220721643,0.07251950214723638,55,-0.02290952783664188,55
HG214,AD,P2A_base,Phase2A_EEG/HG214_EEG/HG214_EEGbaseline.bdf,constant_AV,1,57.296875,118.03125,triggers,0.0025885071070129717,-0.163933745007443,0.16352105647137513,59,-0.002642032641779979,58
HG214,AD,P2A_base,Phase2A_EEG/HG214_EEG/HG214_EEGbaseline.bdf,baseline,2,118.03125,178.421875,triggers,-0.009485995556370336,0.13085351144504748,0.08599520316753004,58,-0.009485995556370336,58
HG214,AD,P2A_base,Phase2A_EEG/HG214_EEG/HG214_EEGbaseline.bdf,periodic_AV,1,178.421875,237.484375,triggers,0.8100736963916206,-0.017152814287448984,0.9356742730233985,57,0.8100736963916206,57
HG214,AD,P2A_base,Phase2A_EEG/HG214_EEG/HG214_EEGbaseline.bdf,baseline,3,237.484375,300.0,triggers,0.015976428532662082,-0.023312974692775157,0.14012069540923844,61,0.03696580020491608,58
HG217,AD,P2A_3mo,Phase2A_EEG/HG217_EEG/HG217_EEG3months.bdf,baseline,1,0.0,65.5625,triggers,0.07055157458188682,-0.04349628282703029,0.1424406252765967,64,0.03178589705702081,58
HG217,AD,P2A_3mo,Phase2A_EEG/HG217_EEG/HG217_EEG3months.bdf,periodic_AV,1,65.5625,121.671875,triggers,0.4899875931249862,0.043183820357155456,0.6069636113548299,54,0.4899875931249862,54
HG217,AD,P2A_3mo,Phase2A_EEG/HG217_EEG/HG217_EEG3months.bdf,baseline,2,121.671875,180.734375,triggers,-0.06465259684483728,-0.07561141848965111,0.05503094503815244,57,-0.06465259684483728,57
HG217,AD,P2A_3mo,Phase2A_EEG/HG217_EEG/HG217_EEG3months.bdf,constant_AV,1,180.734375,242.265625,triggers,0.0310770220766651,0.0901288985801883,0.10120544276410097,60,0.021006584207125506,58
HG217,AD,P2A_3mo,Phase2A_EEG/HG217_EEG/HG217_EEG3months.bdf,baseline,3,242.265625,300.0,triggers,-0.001995089083577789,0.1192792776284444,0.08987370695296787,56,-0.001995089083577789,56
HG217,AD,P2A_base,Phase2A_EEG/HG217_EEG/HG217_EEGbaseline.bdf,baseline,1,0.0,60.859375,triggers,-0.04911922209741951,0.010833714379477638,0.060460264725120894,59,-0.03997982664958852,58
HG217,AD,P2A_base,Phase2A_EEG/HG217_EEG/HG217_EEGbaseline.bdf,periodic_AV,1,60.859375,118.453125,triggers,0.1293052881071861,0.0036459564390843857,0.1852035536995276,56,0.1293052881071861,56
HG217,AD,P2A_base,Phase2A_EEG/HG217_EEG/HG217_EEGbaseline.bdf,baseline,2,118.453125,180.1875,triggers,-0.10279568198160355,-0.11321659048842816,0.0006082110700675343,60,-0.07795324530819199,58
HG217,AD,P2A_base,Phase2A_EEG/HG217_EEG/HG217_EEGbaseline.bdf,constant_AV,1,180.1875,238.28125,triggers,0.13852049427234542,-0.002764120293705166,0.2623335275988578,56,0.13852049427234542,56
HG217,AD,P2A_base,Phase2A_EEG/HG217_EEG/HG217_EEGbaseline.bdf,baseline,3,238.28125,300.0,triggers,-0.04603973604695283,-0.05580109108414483,0.07452382079963674,60,-0.011769714218196503,58
HG218,AD,P2A_3mo,Phase2A_EEG/HG218_EEG/HG218_EEG3months.bdf,baseline,1,0.0,55.421875,triggers,-0.06071183073571336,0.06579484561652983,0.030061192778197247,53,-0.06071183073571336,53
HG218,AD,P2A_3mo,Phase2A_EEG/HG218_EEG/HG218_EEG3months.bdf,constant_AV,1,55.421875,114.28125,triggers,-0.02492911432746922,0.09736941323145887,0.10543112352462128,57,-0.02492911432746922,57
HG218,AD,P2A_3mo,Phase2A_EEG/HG218_EEG/HG218_EEG3months.bdf,baseline,2,114.28125,174.765625,triggers,0.15895755881839302,-0.04155361266533572,0.2466649803838193,58,0.15895755881839302,58
HG218,AD,P2A_3mo,Phase2A_EEG/HG218_EEG/HG218_EEG3months.bdf,periodic_AV,1,174.765625,235.578125,triggers,0.20390030434501072,-0.11410280028551106,0.31489683560659487,59,0.19297830020695794,58
HG218,AD,P2A_3mo,Phase2A_EEG/HG218_EEG/HG218_EEG3months.bdf,baseline,3,235.578125,300.0,triggers,0.04230567504568697,-0.05169034270641082,0.1434329067061608,62,0.02721171310677263,58
HG218,AD,P2A_base,Phase2A_EEG/HG218_EEG/HG218_EEGbaseline.bdf,baseline,1,0.0,57.765625,triggers,0.07650568106336454,0.008276979864951309,0.14653922388813836,56,0.07650568106336454,56
HG218,AD,P2A_base,Phase2A_EEG/HG218_EEG/HG218_EEGbaseline.bdf,constant_AV,1,57.765625,117.515625,triggers,-0.08375523546739734,-0.066031963123266,0.02540610881180423,58,-0.08375523546739734,58
HG218,AD,P2A_base,Phase2A_EEG/HG218_EEG/HG218_EEGbaseline.bdf,baseline,2,117.515625,176.515625,triggers,0.027659821537460397,0.08185886486623267,0.14065130867927073,57,0.027659821537460397,57
HG218,AD,P2A_base,Phase2A_EEG/HG218_EEG/HG218_EEGbaseline.bdf,periodic_AV,1,176.515625,238.640625,triggers,0.20040542280463372,0.0674465683577429,0.3315066225534071,60,0.20303348510320035,58
HG218,AD,P2A_base,Phase2A_EEG/HG218_EEG/HG218_EEGbaseline.bdf,baseline,3,238.640625,300.0,triggers,0.09851137761762166,-0.0847879789729,0.19049377058318126,59,0.11566580891368337,58
HG221,AD,P2A_3mo,Phase2A_EEG/HG221_EEG/HG221_EEG3months.bdf,baseline,1,0.0,56.828125,triggers,-0.1230928433622406,-0.005247878338841369,0.044325187999599856,55,-0.1230928433622406,55
HG221,AD,P2A_3mo,Phase2A_EEG/HG221_EEG/HG221_EEG3months.bdf,constant_AV,1,56.828125,117.46875,triggers,-0.01190120771576153,-0.06597232477338115,0.11506010433244332,59,-0.035078190873047824,58
HG221,AD,P2A_3mo,Phase2A_EEG/HG221_EEG/HG221_EEG3months.bdf,baseline,2,117.46875,175.75,triggers,0.004712257453829971,0.06957420767265032,0.17531997084849277,56,0.004712257453829971,56
HG221,AD,P2A_3mo,Phase2A_EEG/HG221_EEG/HG221_EEG3months.bdf,periodic_AV,1,175.75,236.5625,triggers,0.43552235733099015,0.11882967925579893,0.6049660959790297,59,0.430164108056033,58
HG221,AD,P2A_3mo,Phase2A_EEG/HG221_EEG/HG221_EEG3months.bdf,baseline,3,236.5625,300.0,triggers,-0.010642989494854926,0.09888593587031314,0.1418048449095975,61,-0.041681381177073526,58
HG221,AD,P2A_base,Phase2A_EEG/HG221_EEG/HG221_EEGbaseline.bdf,baseline,1,0.0,56.92578125,triggers,-0.059872517844788836,0.06584883550300734,0.0820392347939542,55,-0.059872517844788836,55
HG221,AD,P2A_base,Phase2A_EEG/HG221_EEG/HG221_EEGbaseline.bdf,baseline,2,119.640625,179.046875,triggers,0.014328810177931806,0.1525746453459651,0.10641959358527765,57,0.014328810177931806,57
HG221,AD,P2A_base,Phase2A_EEG/HG221_EEG/HG221_EEGbaseline.bdf,periodic_AV,1,179.046875,239.1875,triggers,0.5251770265846379,0.0860927502218186,0.7008487553915554,58,0.5251770265846379,58
HG221,AD,P2A_base,Phase2A_EEG/HG221_EEG/HG221_EEGbaseline.bdf,baseline,3,239.1875,299.734375,triggers,-0.027688923977583893,-0.0669641710644212,0.10992356028452606,59,-0.019873280645987937,58
HG221,AD,P2A_base,Phase2A_EEG/HG221_EEG/HG221_EEGbaseline.bdf,constant_AV,1,299.734375,360.390625,triggers,-0.011726846178200911,0.044719073023908346,0.18006639099719302,59,-0.008953102690738957,58
HG221,AD,P2A_base,Phase2A_EEG/HG221_EEG/HG221_EEGbaseline.bdf,baseline,4,360.390625,420.0,triggers,0.04647886158733186,0.056122148382650366,0.18380064463206175,58,0.04647886158733186,58
HG222,AD,P2A_3mo,Phase2A_EEG/HG222_EEG/HG222_EEG3months.bdf,baseline,1,0.0,54.671875,triggers,-0.003273877481681259,0.025191214252034994,0.07746941109365771,53,-0.003273877481681259,53
HG222,AD,P2A_3mo,Phase2A_EEG/HG222_EEG/HG222_EEG3months.bdf,periodic_AV,1,54.671875,115.25,triggers,0.6349579885325107,-0.045300870706314486,0.792762719388735,59,0.642678274169558,58
HG222,AD,P2A_3mo,Phase2A_EEG/HG222_EEG/HG222_EEG3months.bdf,baseline,2,115.25,174.421875,triggers,-0.028706624398878416,0.04985690875608434,0.10462671137961219,57,-0.028706624398878416,57
HG222,AD,P2A_3mo,Phase2A_EEG/HG222_EEG/HG222_EEG3months.bdf,constant_AV,1,174.421875,236.546875,triggers,-0.15911485109688706,0.18049212928292574,0.01571911363535949,60,-0.15526855576382712,58
HG222,AD,P2A_3mo,Phase2A_EEG/HG222_EEG/HG222_EEG3months.bdf,baseline,3,236.546875,300.0,triggers,0.15083185284438774,0.1146155347135237,0.24447656404218457,61,0.17678518226329712,58
